Season,Name,Team,Age,PA,BB%,K%,BB/K,AVG,OBP,SLG,OPS,ISO,Spd,BABIP,wSB,wRC,wRAA,wOBA,wRC+,NameASCII,PlayerId,MLBAMID,G,AB,H,1B,2B,3B,HR,R,RBI,BB,IBB,SO,HBP,SF,SH,GDP,SB,CS,player_type
2023,Addison Russell 러셀,Heroes (KBO),29.0,235,0.072340425,0.165957446,0.435897435,0.287037037,0.340425531,0.402777777,0.743203308,0.11574074,2.8147498354931364,0.333333333,0.0115575885865837,29.545542070794983,1.8704567050227388,0.3466612373152349,106.75863029978603,Addison Russell,14106,,58,216,62,46,11,1,4,20,41,17,1,39,1,1,0,5,1,0,KBO_only
2023,Ah-seop Son 손아섭,Dinos (KBO),35.0,609,0.082101806,0.11001642,0.746268656,0.338181818,0.392092257,0.44,0.832092257,0.101818182,5.459706866862195,0.3747412,0.965761756291613,95.98623008094512,24.266540771348115,0.3881920448019484,133.83525640580393,Ah-seop Son,sa3012050,,140,550,186,143,35,3,5,97,65,50,2,67,2,5,2,10,14,3,KBO_only
2023,Anthony Alford 알포드,Wiz (KBO),28.0,547,0.085923217,0.255941499,0.335714285,0.289205702,0.356489945,0.456211812,0.812701757,0.16700611,6.1576886647616025,0.374631268,1.709336938103661,81.2520621267423,16.83388470088094,0.3763768985157921,126.13219649105254,Anthony Alford,14329,,133,491,142,93,31,3,15,83,70,47,1,140,6,3,0,6,17,3,KBO_only
2023,Austin Dean 오스틴,Twins (KBO),29.0,579,0.091537132,0.129533678,0.706666666,0.313953488,0.376511226,0.515503875,0.892015101,0.201550387,4.518711121052185,0.327058823,-0.3415126320905983,99.49698859060844,31.31028890217385,0.4067255797791109,145.9184695039354,Austin Dean,18288,,138,516,162,108,27,4,23,86,95,53,2,75,3,7,0,10,7,3,KBO_only
2023,Baek-ho Kang 강백호,Wiz (KBO),23.0,271,0.114391143,0.202952029,0.563636363,0.264705882,0.346863468,0.415966386,0.762829854,0.151260504,4.117418202151227,0.310734463,0.3876283990684896,35.13816844565462,3.223495534487481,0.3517868596962775,110.10035585656766,Baek-ho Kang,sa3012665,,71,238,63,44,10,1,8,32,39,31,4,55,0,2,0,1,3,0,KBO_only
2023,Beom-soo Shin 신범수,Tigers (KBO),25.0,100,0.07,0.19,0.368421052,0.170454545,0.244897959,0.272727272,0.517625231,0.102272727,1.08035714,0.19117647,-0.0568318392615765,5.166025794334391,-6.610606276206991,0.2501960962402577,43.8667503866146,Beom-soo Shin,sa3012601,,36,88,15,10,3,0,2,7,10,7,0,19,2,1,2,3,0,0,KBO_only
2023,Bo-gyeong Moon 문보경,Twins (KBO),22.0,538,0.107806691,0.152416356,0.707317073,0.301075268,0.378071833,0.449462365,0.827534198,0.148387097,5.050096707295641,0.344827586,-2.0124941715039313,83.21910994084114,19.86082940132851,0.3843752749730785,131.3468566889888,Bo-gyeong Moon,sa3015048,,130,465,140,96,29,5,10,77,72,58,2,82,2,4,9,5,9,8,KBO_only
2023,Bo-keun Jeong 정보근,Giants (KBO),23.0,101,0.138613861,0.128712871,1.076923076,0.333333333,0.43298969,0.469135802,0.902125492,0.135802469,2.8303571400000003,0.382352941,-0.1016990807838738,18.5742867414168,6.679888350170007,0.4224342212234576,156.1599513522752,Bo-keun Jeong,sa3014210,,55,81,27,19,6,1,1,11,13,14,0,13,1,1,4,2,0,0,KBO_only
2023,Brian O`grady 오그레디,Eagles (KBO),31.0,86,0.058139534,0.465116279,0.125,0.125,0.174418604,0.1625,0.336918604,0.0375,3.225034205912863,0.243902439,0.1641062097623944,-1.074811917445588,-11.202715498111177,0.166634636562924,-10.612382995997608,Brian O`grady,sa3020697,,22,80,10,7,3,0,0,3,8,5,0,40,0,1,0,0,1,0,KBO_only
2023,Byeong-wuk Lim 임병욱,Heroes (KBO),27.0,220,0.045454545,0.336363636,0.135135135,0.258536585,0.292237442,0.404878048,0.69711549,0.146341463,6.192984505629131,0.3671875,0.6594159884843975,23.25015578343941,-2.6584347717516295,0.3205563725401821,89.7391764091197,Byeong-wuk Lim,sa3012450,,79,205,53,36,10,1,6,30,36,10,0,74,1,3,1,0,4,0,KBO_only
2023,ByungHo Park 박병호,Wiz (KBO),36.0,493,0.093306288,0.231237322,0.403508771,0.283062645,0.356997971,0.443155452,0.800153423,0.160092807,2.1480595750612403,0.338762214,-0.0217520643491297,70.95059855905424,12.891802451285232,0.3703528613519766,122.20473608745765,ByungHo Park,18497,,132,431,122,89,15,0,18,53,87,46,2,114,8,8,0,9,2,0,KBO_to_MLB
2023,Chan Hyeok Park 박찬혁,Heroes (KBO),20.0,167,0.059880239,0.245508982,0.243902439,0.201298701,0.263473053,0.266233766,0.529706819,0.064935065,1.39285714,0.267857142,-0.1076813796535134,9.548330699218528,-10.11864485858558,0.257379491529065,48.55007152042566,Chan Hyeok Park,sa3018071,,48,154,31,23,7,0,1,13,8,10,0,41,3,0,0,1,0,0,KBO_only
2023,Chan Yeol Yang 양찬열,Bears (KBO),26.0,99,0.09090909,0.232323232,0.391304347,0.238636363,0.313131313,0.306818181,0.619949494,0.068181818,7.4053301928846365,0.318181818,-0.3187253221403807,8.792623486150818,-2.86624226368515,0.2985867743540292,75.41577092329521,Chan Yeol Yang,sa3014326,,44,88,21,17,2,2,0,15,6,9,0,23,1,1,0,1,3,2,KBO_only
2023,Chan-ho Park 박찬호,Tigers (KBO),28.0,507,0.078895463,0.110453648,0.714285714,0.300884955,0.356,0.378318584,0.734318584,0.077433629,6.649834375062261,0.333333333,2.1904970405157655,63.76484992005552,4.057325322410709,0.3467175333499908,106.7953333348721,Chan-ho Park,sa3012474,,130,452,136,111,18,4,3,73,52,40,0,56,2,6,7,13,30,8,KBO_only
2023,Chang-jin Lee 이창진,Tigers (KBO),32.0,284,0.119718309,0.154929577,0.772727272,0.270491803,0.361702127,0.389344262,0.751046389,0.118852459,6.091263105079992,0.313131313,0.7137703273911029,37.545105709562385,4.099470629224856,0.355094954000249,112.25711701804372,Chang-jin Lee,sa3012466,,104,244,66,48,11,3,4,35,29,34,1,44,2,2,2,5,9,2,KBO_only
2023,Chang-ki Hong 홍창기,Twins (KBO),29.0,638,0.13322884,0.128526645,1.036585365,0.333333333,0.442519685,0.411877394,0.854397079,0.078544061,4.846206968757162,0.388764044,-5.338474204996601,110.5901726437575,35.45526003370348,0.4086740371547168,147.18879519793188,Chang-ki Hong,sa3012570,,140,522,174,137,34,2,1,109,65,85,3,82,22,6,3,6,23,22,KBO_only
2023,Chi-hong An 안치홍,Giants (KBO),32.0,494,0.099190283,0.107287449,0.924528301,0.291764705,0.374233128,0.4,0.774233128,0.108235295,2.7850966569153446,0.314363143,-1.1086100002285093,69.00351756086545,10.826955132391015,0.3648399477632938,118.61051028187217,Chi-hong An,sa3013286,,121,425,124,95,20,1,8,57,63,49,3,53,10,5,5,14,3,3,KBO_only
2023,Chi-young An 안치영,Wiz (KBO),25.0,136,0.044117647,0.257352941,0.171428571,0.29032258,0.330827067,0.330645161,0.661472228,0.040322581,7.495437571604476,0.4,0.8613718952983618,13.814992074071805,-2.2012275418644753,0.3152141884753578,86.25626024961448,Chi-young An,sa3012625,,76,124,36,32,3,1,0,20,9,6,0,35,2,1,3,1,7,1,KBO_only
2023,Dae-han Kim 김대한,Bears (KBO),22.0,89,0.078651685,0.235955056,0.333333333,0.197530864,0.269662921,0.296296296,0.565959217,0.098765432,5.6154057555036845,0.254237288,-1.113778280792758,6.093647823733884,-4.387554719047946,0.2720869592066561,58.13882327777784,Dae-han Kim,sa3012718,,33,81,16,11,3,1,1,10,7,7,0,21,1,0,0,0,1,3,KBO_only
2023,Dae-in Hwang 황대인,Tigers (KBO),27.0,199,0.090452261,0.251256281,0.36,0.212643678,0.296482412,0.327586206,0.624068618,0.114942528,1.26785714,0.262295081,-0.1405840234365314,17.00565954956702,-6.429838270810328,0.2942121652177142,72.56367959369938,Dae-in Hwang,sa3012545,,60,174,37,27,5,0,5,19,26,18,2,50,4,3,0,6,0,0,KBO_only
2023,Do Yeong Kim 김도영,Tigers (KBO),19.0,385,0.098701298,0.161038961,0.612903225,0.302941176,0.37075718,0.452941176,0.823698356,0.15,8.268534616093289,0.349090909,2.998036193428561,58.577490607068086,13.237457135483766,0.3810761726963582,129.19595801308793,Do Yeong Kim,sa3018059,,84,340,103,71,20,5,7,72,47,38,1,62,1,4,2,14,25,4,KBO_only
2023,Do-hwan Hur 허도환,Twins (KBO),38.0,81,0.037037037,0.24691358,0.15,0.140625,0.243243243,0.28125,0.524493243,0.140625,2.64285714,0.162790697,-0.0388849426526576,4.5776646792643705,-4.961407297874149,0.256518253603497,47.988574677235576,Do-hwan Hur,sa3013160,,47,64,9,4,3,0,2,8,10,3,0,20,6,1,7,3,0,0,KBO_only
2023,Do-yun Lee 이도윤,Eagles (KBO),26.0,346,0.052023121,0.158959537,0.327272727,0.252427184,0.302114803,0.317152103,0.619266906,0.064724919,5.559895297564205,0.304347826,0.4947881822008639,29.638118420699342,-11.10902854337384,0.294477504491806,72.7366714701064,Do-yun Lee,sa3012554,,106,309,78,62,13,2,1,36,13,18,1,55,4,0,15,6,10,3,KBO_only
2023,Dong Hee Yoon 윤동희,Giants (KBO),19.0,423,0.066193853,0.163120567,0.405797101,0.286821705,0.332541567,0.354005167,0.686546734,0.067183462,2.8230087789982035,0.339563862,-2.2698396628256887,45.98610727180525,-3.829046386584794,0.3245049203942903,92.31349076459207,Dong Hee Yoon,sa3018265,,107,387,111,90,18,1,2,45,41,28,0,69,1,5,2,10,3,6,KBO_only
2023,Dong Heon Kim 김동헌,Heroes (KBO),18.0,242,0.070247933,0.227272727,0.309090909,0.241706161,0.317991631,0.308056872,0.626048503,0.066350711,2.91179653375,0.31210191,-0.2033981615677476,22.358181596333427,-6.141268014376717,0.3032427066040837,78.45127503069807,Dong Heon Kim,sa3020913,,102,211,51,43,4,2,2,22,17,17,0,55,8,3,3,7,0,0,KBO_only
2023,Dong Jin Kim 김동진,Lions (KBO),26.0,137,0.06569343,0.189781021,0.346153846,0.262295081,0.313432835,0.319672131,0.633104966,0.05737705,4.576905259019822,0.326530612,0.4953097787220031,12.48787476207779,-3.6461111745639023,0.3016318474242936,77.4010514891843,Dong Jin Kim,sa3018224,,44,122,32,25,7,0,0,14,8,9,0,26,1,2,3,4,3,0,KBO_only
2023,Dong-Yub Kim 김동엽,Lions (KBO),32.0,182,0.071428571,0.159340659,0.448275862,0.254545454,0.313186813,0.387878787,0.7010656,0.133333333,2.3363214024115364,0.278195488,-0.3535838697571307,20.266334207321876,-1.167136161063438,0.3279424044457111,94.5546094915876,Dong-Yub Kim,sa598813,,69,165,42,30,7,0,5,20,18,13,0,29,2,2,0,8,1,1,KBO_only
2023,Dong-hui Han 한동희,Giants (KBO),24.0,353,0.07365439,0.164305949,0.448275862,0.222570532,0.279202279,0.304075235,0.583277514,0.081504703,1.7606913115352687,0.252873563,-0.8832385470159352,25.72594445527354,-15.845566753737534,0.2778307795524597,61.88359216947871,Dong-hui Han,sa3012686,,108,319,71,55,11,0,5,30,32,26,0,58,1,5,2,16,1,2,KBO_only
2023,Dong-won Park 박동원,Twins (KBO),33.0,477,0.102725366,0.188679245,0.544444444,0.251851851,0.336886993,0.44691358,0.783800573,0.195061729,1.8331091387084275,0.270627062,-0.7689466320443898,64.7440780449414,8.569543068459007,0.3596935035588915,115.25520962843156,Dong-won Park,sa3013271,,129,405,102,64,17,1,20,54,75,49,3,90,7,8,8,7,0,1,KBO_only
2023,Euiji Yang 양의지,Bears (KBO),36.0,510,0.111764705,0.109803921,1.017857142,0.305239179,0.396078431,0.4738041,0.869882531,0.168564921,3.2320785709097684,0.31707317,0.9393630078993738,85.26128910728264,25.200465547521592,0.4006512832356639,141.95824175212468,Euiji Yang,sa3012037,,129,439,134,94,23,0,17,56,68,57,8,56,11,3,0,20,7,0,KBO_only
2023,Eun-seong Chae 채은성,Eagles (KBO),33.0,596,0.087248322,0.171140939,0.509803921,0.262955854,0.35067114,0.428023032,0.778694172,0.165067178,1.3250860525,0.285714285,-0.4815750590059906,81.4183915066429,11.229664366216268,0.3608347191697075,115.99924207736248,Eun-seong Chae,sa3013253,,137,521,137,97,17,0,23,71,84,52,8,102,20,3,0,16,0,0,KBO_only
2023,Eun-won Jung 정은원,Eagles (KBO),23.0,459,0.135076252,0.159041394,0.849315068,0.221649484,0.332599118,0.268041237,0.600640355,0.046391753,3.2446050314549133,0.267515923,-0.4637427497655153,41.321746814250695,-12.73299438953425,0.3001642964007312,76.44425982629129,Eun-won Jung,sa3012695,,122,388,86,72,12,0,2,50,30,62,1,73,3,1,5,4,6,3,KBO_only
2023,Geonchang Seo 서건창,Twins (KBO),33.0,123,0.081300813,0.113821138,0.714285714,0.205607476,0.266666666,0.289719626,0.556386292,0.08411215,6.54007979753991,0.229166666,-0.7317251714412123,7.629689789644076,-6.855567657121823,0.2637019673983256,52.67210346577268,Geonchang Seo,sa3012058,,43,107,22,15,5,2,0,14,12,10,0,14,0,3,3,7,3,3,KBO_only
2023,Guillermo Heredia 에레디아,Landers (KBO),32.0,524,0.07442748,0.14312977,0.52,0.32278481,0.384321223,0.459915611,0.844236834,0.137130801,3.6963343834535536,0.363402061,-1.4184764614328742,84.07922095378574,22.36966890414889,0.3918957303714201,136.2499291619482,Guillermo Heredia,18721,,122,474,153,112,29,0,12,76,76,39,4,75,9,1,1,13,12,8,KBO_only
2023,Gweon-su An 안권수,Giants (KBO),30.0,309,0.097087378,0.129449838,0.75,0.268656716,0.341059602,0.320895522,0.661955124,0.052238806,5.59286235520433,0.305676855,-0.2110518899280578,32.14103035604695,-4.248762741925921,0.3183862010505904,88.32430090908485,Gweon-su An,sa3014276,,95,268,72,63,6,1,2,42,29,30,1,40,1,3,7,4,15,7,KBO_only
2023,Gye-beom Park 박계범,Bears (KBO),27.0,194,0.077319587,0.226804123,0.34090909,0.218934911,0.285714285,0.289940828,0.575655113,0.071005917,2.8227682211402767,0.277777777,-0.5725660149473697,13.692362543983911,-9.15430367286637,0.2748366974769755,59.931555939156134,Gye-beom Park,sa3012458,,78,169,37,29,6,0,2,18,15,15,1,44,2,3,5,4,2,2,KBO_only
2023,Hae-min Park 박해민,Twins (KBO),33.0,556,0.080935251,0.133093525,0.608108108,0.285714285,0.34962406,0.360248447,0.709872507,0.074534162,5.707756701234104,0.326732673,-0.3183342078700661,66.6217760031752,1.1437016909651063,0.3389738040759151,101.74669414606142,Hae-min Park,sa3012304,,143,483,138,116,14,2,6,80,59,45,0,74,3,1,24,7,26,12,KBO_only
2023,Hak-Ju Lee 이학주,Giants (KBO),32.0,122,0.090163934,0.25409836,0.354838709,0.209090909,0.286885245,0.309090909,0.595976154,0.1,5.571434499729643,0.263157894,0.2912833807058632,9.812337730584932,-4.5551533954755525,0.2876653944859739,68.29541528504456,Hak-Ju Lee,sa502536,,104,110,23,18,2,0,3,22,13,11,0,31,1,0,0,2,4,1,KBO_only
2023,Han Byul Kim 김한별,Dinos (KBO),22.0,105,0.038095238,0.219047619,0.173913043,0.216494845,0.262135922,0.237113402,0.499249324,0.020618557,4.387690680690263,0.283783783,-1.3347163298167288,4.898384126322132,-7.4670795477463185,0.2436722447571245,39.61342862212687,Han Byul Kim,sa3018055,,79,97,21,20,0,1,0,8,4,4,0,23,2,0,2,6,0,3,KBO_only
2023,Han-wool Kang 강한울,Lions (KBO),31.0,240,0.083333333,0.225,0.37037037,0.216981132,0.282051282,0.268867924,0.550919206,0.051886792,4.662003628260745,0.2875,-1.2244508098810911,15.152414891468911,-13.111502077830403,0.2651412366797484,53.61045642728036,Han-wool Kang,sa3012471,,72,212,46,37,7,2,0,30,10,20,1,54,0,2,6,4,1,3,KBO_only
2023,Ho-cheol Seo 서호철,Dinos (KBO),26.0,435,0.045977011,0.117241379,0.392156862,0.28463476,0.328671328,0.380352644,0.709023972,0.095717884,4.046853932389492,0.313043478,-1.6418840633705258,50.029451153304464,-1.1988983535505435,0.3327050661985135,97.6596974817818,Ho-cheol Seo,sa3014321,,114,397,113,88,17,3,5,50,41,20,0,51,8,4,6,9,4,5,KBO_only
2023,Ho-jae Kim 김호재,Lions (KBO),28.0,127,0.047244094,0.133858267,0.352941176,0.215517241,0.25409836,0.275862068,0.529960428,0.060344827,3.399767272841678,0.252525252,0.3282124195247888,6.784637057392727,-8.171685672194828,0.2524910852557323,45.36300252448366,Ho-jae Kim,sa3012454,,75,116,25,18,7,0,0,6,9,6,0,17,0,0,5,4,2,0,KBO_only
2023,Ho-ryung Kim 김호령,Tigers (KBO),31.0,107,0.074766355,0.355140186,0.210526315,0.178947368,0.25,0.252631578,0.502631578,0.07368421,4.755433521581324,0.298245614,0.1431681637186557,5.123083952587522,-7.4779123628917565,0.2452716454863548,40.656181656796754,Ho-ryung Kim,sa3012550,,76,95,17,10,7,0,0,16,6,8,0,38,1,0,3,1,1,0,KBO_only
2023,Ho-yeon Lee 이호연,Wiz (KBO),28.0,234,0.068376068,0.175213675,0.390243902,0.278301886,0.339055793,0.353773584,0.692829377,0.075471698,4.5830189554773675,0.331360946,-0.2473447448574006,26.550711132008548,-1.0066079130582857,0.3306919571667782,96.347221181378,Ho-yeon Lee,sa3014412,,85,212,59,50,5,1,3,28,17,16,0,41,4,1,1,6,4,2,KBO_only
2023,Hoon Jung 정훈,Giants (KBO),35.0,233,0.111587982,0.167381974,0.666666666,0.278606965,0.358078602,0.437810945,0.795889547,0.15920398,4.1664386767066075,0.316455696,0.2175398904364556,33.35973541781988,5.920182693458456,0.3693875108371701,121.57536149706402,Hoon Jung,sa3012191,,80,201,56,36,14,0,6,40,31,26,1,39,0,2,4,4,2,0,KBO_only
2023,Hui-dong Kwon 권희동,Dinos (KBO),32.0,373,0.131367292,0.134048257,0.98,0.284789644,0.387533875,0.404530744,0.792064619,0.1197411,2.513135739807844,0.315175097,0.2410620767623186,55.43158389405979,11.504746270940435,0.3764666326969942,126.1907000218138,Hui-dong Kwon,sa3012415,,96,309,88,65,16,0,7,33,63,49,0,50,6,5,4,4,3,0,KBO_only
2023,Hyeon Joon Kim 김현준,Lions (KBO),20.0,479,0.06263048,0.175365344,0.357142857,0.274826789,0.326963906,0.346420323,0.673384229,0.071593534,5.263187210021171,0.332378223,-1.49871589965187,50.29244250851139,-6.117625109381827,0.3196604751730674,89.15508282879398,Hyeon Joon Kim,sa3017998,,109,433,119,100,10,6,3,62,46,30,0,84,5,3,8,5,5,5,KBO_only
2023,Hyeon-bin Hong 홍현빈,Wiz (KBO),25.0,86,0.15116279,0.244186046,0.619047619,0.232876712,0.348837209,0.260273972,0.609111181,0.02739726,5.500009431330321,0.326923076,0.3162478217855096,8.263134716615037,-1.864768864050551,0.3080536023128864,81.58780986412194,Hyeon-bin Hong,sa3012624,,44,73,17,15,2,0,0,15,1,13,0,21,0,0,0,2,2,0,KBO_only
2023,Hyeon-woo Kang 강현우,Wiz (KBO),22.0,111,0.054054054,0.153153153,0.352941176,0.194174757,0.245454545,0.281553398,0.527007943,0.087378641,2.694341906680578,0.223529411,-0.4788051368668675,5.857789993755892,-7.214271604545042,0.2516452133655548,44.81152379604201,Hyeon-woo Kang,sa3014272,,53,103,20,13,6,0,1,11,11,6,0,17,1,0,1,3,0,1,KBO_only
2023,Hyeong Woo Cho 조형우,Landers (KBO),21.0,133,0.060150375,0.187969924,0.32,0.184873949,0.240310077,0.285714285,0.526024362,0.100840336,2.5803571400000003,0.215053763,-0.0717875864356756,6.836065659076875,-8.826854994743162,0.2498558126678762,43.64489746303876,Hyeong Woo Cho,sa3019473,,62,119,22,15,4,1,2,9,12,8,0,25,1,1,4,2,0,0,KBO_only
2023,Hyeong-jun Yoon 윤형준,Dinos (KBO),29.0,236,0.042372881,0.245762711,0.172413793,0.252293577,0.29059829,0.3853211,0.67591939,0.133027523,2.6548570914207095,0.316455696,-0.3685396169312298,23.545200029349363,-4.247651657128295,0.3128528454874316,84.71674765495565,Hyeong-jun Yoon,sa3012405,,82,218,55,37,12,1,5,17,27,10,0,58,3,3,2,6,1,1,KBO_only
2023,Hyeseong Kim 김혜성,Heroes (KBO),24.0,617,0.092382495,0.123176661,0.75,0.335144927,0.397082658,0.447463768,0.844546426,0.112318841,6.780628930304302,0.375527426,3.144823743030429,99.64351378722296,26.981693911982628,0.3932505872234071,137.13324818771392,Hyeseong Kim,35322,,136,552,185,143,29,6,7,104,57,57,3,76,3,5,0,6,25,3,KBO_to_MLB
2023,Hyoung-woo Choi 최형우,Tigers (KBO),39.0,508,0.127952755,0.163385826,0.78313253,0.301624129,0.399606299,0.487238979,0.886845278,0.18561485,1.66813803375,0.337313432,-0.4696104612667113,89.03349597877025,29.208205060420024,0.4111798606680695,148.82250401470424,Hyoung-woo Choi,sa3012871,,121,431,130,85,27,1,17,64,81,65,1,83,8,4,0,5,0,0,KBO_only
2023,Hyun Bin Moon 문현빈,Eagles (KBO),19.0,481,0.068607068,0.174636174,0.392857142,0.26635514,0.324152542,0.362149532,0.686302074,0.095794392,4.217529990277804,0.316860465,0.2160976356826722,51.49601651217762,-5.149583747126425,0.3223508607833943,90.90911964291418,Hyun Bin Moon,sa3020698,,137,428,114,85,22,2,5,47,49,33,2,84,6,5,9,7,5,1,KBO_only
2023,Hyun Soo Kim 김현수,Twins (KBO),35.0,552,0.105072463,0.096014492,1.094339622,0.293388429,0.364791288,0.38429752,0.749088808,0.090909091,2.634798242753017,0.314087759,-0.5185040978249162,71.5295031000829,6.522494070694474,0.3516843518347801,110.03352433542324,Hyun Soo Kim,18718,,132,484,142,112,22,2,6,53,88,58,4,53,1,8,1,10,2,1,KBO_to_MLB
2023,Hyung-jong Lee 이형종,Heroes (KBO),34.0,370,0.105405405,0.21081081,0.5,0.217948717,0.329700272,0.323717948,0.65341822,0.105769231,2.19093405875,0.278969957,-0.278176897438243,37.96519274093041,-5.6083459200727015,0.3165528334983408,87.12900973293686,Hyung-jong Lee,sa3013195,,98,312,68,42,22,1,3,35,37,39,2,78,14,2,3,11,0,0,KBO_only
2023,Hyung-jun Kim 김형준,Dinos (KBO),23.0,82,0.097560975,0.292682926,0.333333333,0.236111111,0.320987654,0.513888888,0.834876542,0.277777777,0.8336466087500001,0.261904761,-0.0538406898267567,12.4595432280528,2.8027049302088676,0.3808108972914425,129.0230077771378,Hyung-jun Kim,sa3012705,,26,72,17,9,2,0,6,10,13,8,0,24,1,0,1,3,0,0,KBO_only
2023,In Ho Choi 최인호,Eagles (KBO),23.0,148,0.067567567,0.148648648,0.454545454,0.297709923,0.363013698,0.427480916,0.790494614,0.129770993,6.430148499337754,0.342592592,0.07138057728298,21.224140388763423,3.794724924362176,0.3696890546850962,121.77195748252558,In Ho Choi,sa3014330,,41,131,39,29,5,3,2,23,11,10,0,22,4,1,2,2,1,0,KBO_only
2023,In-hwan Kim 김인환,Eagles (KBO),29.0,365,0.09589041,0.249315068,0.384615384,0.224615384,0.301369863,0.338461538,0.639831401,0.113846154,2.1193802541056432,0.286956521,-0.0542476989794522,33.481361513985554,-9.50334554349049,0.3023838542052865,77.89133346707864,In-hwan Kim,sa3012607,,112,325,73,50,16,0,7,34,42,35,2,91,2,3,0,4,1,0,KBO_only
2023,In-tae Kim 김인태,Bears (KBO),28.0,115,0.130434782,0.226086956,0.576923076,0.25510204,0.359649122,0.336734693,0.696383815,0.081632653,2.523118292771366,0.338028169,-0.1236723724287003,13.821195375652048,0.2780684945294588,0.3394439419110616,102.0532074828085,In-tae Kim,sa3012367,,47,98,25,19,5,0,1,8,14,15,0,26,1,0,1,2,2,1,KBO_only
2023,Ja-wook Koo 구자욱,Lions (KBO),30.0,515,0.102912621,0.157281553,0.654320987,0.335540838,0.407407407,0.494481236,0.901888643,0.158940398,4.069708986302972,0.387362637,0.2514698323793709,92.57846208283728,31.928806919549164,0.4170423847588541,152.64466357407423,Ja-wook Koo,sa3012300,,119,453,152,103,37,1,11,65,71,53,2,81,4,3,2,5,12,4,KBO_only
2023,Jae Hyeon Lee 이재현,Lions (KBO),20.0,538,0.096654275,0.165427509,0.584269662,0.248908296,0.329501915,0.377729257,0.707231172,0.128820961,3.6827554017426705,0.280991735,-0.672716201050207,62.47881551256538,-0.8794650269472535,0.3341656055486979,98.61191778018852,Jae Hyeon Lee,sa3018058,,143,458,114,81,19,2,12,61,60,52,0,89,6,6,16,9,5,3,KBO_only
2023,Jae-Gyun Hwang 황재균,Wiz (KBO),35.0,457,0.098468271,0.140043763,0.703125,0.294840294,0.365638766,0.412776412,0.778415178,0.117936118,3.672550269130495,0.337278106,-1.048787011532113,64.18839983544386,10.369191273069744,0.3658464445709919,119.26671080837671,Jae-Gyun Hwang,19369,,109,407,120,86,26,2,6,62,49,45,1,64,1,1,3,15,3,3,KBO_only
2023,Jae-Hoon Ha 하재훈,Landers (KBO),32.0,229,0.082969432,0.231441048,0.358490566,0.303482587,0.374449339,0.467661691,0.84211103,0.164179104,6.7182557006152495,0.377622377,2.0025841700844467,36.31406790852457,9.345580466984805,0.3894474039563035,134.6537064314172,Jae-Hoon Ha,sa502535,,77,201,61,43,10,1,7,35,35,19,1,53,5,2,2,0,11,0,KBO_only
2023,Jae-hoon Choi 최재훈,Eagles (KBO),33.0,417,0.134292565,0.115107913,1.166666666,0.247706422,0.392156862,0.293577981,0.685734843,0.045871559,1.08650587688589,0.285714285,-0.6556899626739323,52.422688309862664,3.3141325757051003,0.3466458294256899,106.74858489760054,Jae-hoon Choi,sa3013205,,125,327,81,68,12,0,1,23,33,56,1,48,23,2,9,9,1,1,KBO_only
2023,Jae-hwan Chun 천재환,Dinos (KBO),29.0,179,0.044692737,0.245810055,0.181818181,0.239263803,0.288135593,0.331288343,0.619423936,0.09202454,3.3688600791319407,0.310924369,-0.9795835653785616,15.071723358078422,-6.008448048190649,0.2925763069573095,71.49715753068409,Jae-hwan Chun,sa3019748,,78,163,39,29,7,1,2,12,17,8,0,44,4,2,2,5,2,3,KBO_only
2023,Jae-hwan Kim 김재환,Bears (KBO),34.0,484,0.14876033,0.20661157,0.72,0.219753086,0.342975206,0.330864197,0.673839403,0.111111111,2.316540196829453,0.265993265,-0.0287696088198572,53.150426994583505,-3.848472226836782,0.3259385455399751,93.24816394806706,Jae-hwan Kim,sa3013200,,132,405,89,64,15,0,10,40,46,72,4,100,5,2,0,8,4,1,KBO_only
2023,Jae-il Oh 오재일,Lions (KBO),36.0,364,0.118131868,0.302197802,0.39090909,0.203174603,0.302197802,0.355555555,0.657753357,0.152380952,1.761329313057855,0.269035532,-0.0482654001098126,36.02911497490269,-6.837825761867942,0.3118282078711454,84.04871995914895,Jae-il Oh,sa3013047,,106,315,64,38,15,0,11,31,54,43,1,110,3,3,0,1,1,0,KBO_only
2023,Jae-seong Kim 김재성,Lions (KBO),27.0,125,0.152,0.248,0.612903225,0.191919191,0.349593495,0.252525252,0.602118747,0.060606061,1.0010084594375317,0.268656716,-0.5326458266936243,12.005835182435364,-2.714954905741364,0.3080063496456771,81.55700278667834,Jae-seong Kim,sa3012516,,57,99,19,15,3,0,1,7,7,19,1,31,5,0,2,4,0,1,KBO_only
2023,Jae-won Lee 이재원,Twins (KBO),23.0,129,0.093023255,0.310077519,0.3,0.214285714,0.294573643,0.366071428,0.660645071,0.151785714,4.301628671855283,0.28169014,-0.1187253191601485,11.87749507175041,-3.3143602992479737,0.3028316920197855,78.18330797451398,Jae-won Lee,sa3014346,,57,112,24,15,5,0,4,15,18,12,2,40,2,3,0,1,4,2,KBO_only
2023,Jaeho Kim 김재호,Bears (KBO),38.0,302,0.099337748,0.079470198,1.25,0.283400809,0.37630662,0.372469635,0.748776255,0.089068826,3.684846937610569,0.301801801,0.5307965627871454,40.44121202048378,4.875783167448814,0.3573223996580693,113.70933326179404,Jaeho Kim,sa3012016,,91,247,70,54,13,0,3,32,29,30,2,24,8,2,15,11,4,0,KBO_only
2023,Jason Martin 마틴,Dinos (KBO),27.0,503,0.113320079,0.212723658,0.53271028,0.28275862,0.359840954,0.455172413,0.815013367,0.172413793,4.7771954258315565,0.330218068,1.3242926793172956,74.09094521285692,14.85448589803377,0.3747577876625899,125.07659314863308,Jason Martin,16429,,118,435,123,84,20,2,17,55,90,57,2,107,1,10,0,8,15,3,KBO_only
2023,Jeong Choi 최정,Landers (KBO),36.0,552,0.106884057,0.157608695,0.678160919,0.297239915,0.388384754,0.5477707,0.936155454,0.250530785,3.691007462336948,0.307479224,-0.2996365400031209,101.78458133968792,36.7775723102995,0.4230704957192097,156.57477994976367,Jeong Choi,sa3012034,,128,471,140,80,31,0,29,94,87,59,6,87,15,6,1,12,7,3,KBO_only
2023,Jeong-hun Lee 이정훈,Giants (KBO),28.0,171,0.076023391,0.16374269,0.464285714,0.296052631,0.356725146,0.361842105,0.718567251,0.065789474,2.1653237418670663,0.349206349,-0.3775130652356893,20.849914088030506,0.7118732474047416,0.3417167029185602,103.53496774109544,Jeong-hun Lee,sa3012655,,59,152,45,37,7,0,1,17,17,13,0,28,3,3,0,1,1,1,KBO_only
2023,Ji-chan Kim 김지찬,Lions (KBO),22.0,355,0.135211267,0.10140845,1.333333333,0.292096219,0.408045977,0.329896907,0.737942884,0.037800688,6.383805902740377,0.330708661,1.7772127168718723,49.74908142114957,7.942037570727669,0.365432584594036,118.9968886562342,Ji-chan Kim,sa3014279,,99,291,85,78,4,2,1,59,18,48,0,36,9,0,7,1,13,1,KBO_only
2023,Ji-hoon Choi 최지훈,Landers (KBO),25.0,503,0.057654075,0.099403578,0.58,0.268398268,0.315151515,0.357142857,0.672294372,0.088744589,7.84355478307001,0.296836982,2.982159788021818,51.67622012445295,-7.560239190370196,0.3167187567913171,87.23718588548667,Ji-hoon Choi,sa3014282,,117,462,124,95,19,8,2,65,30,29,0,50,3,1,8,3,21,2,KBO_only
2023,Ji-hwan Oh 오지환,Twins (KBO),33.0,498,0.126506024,0.164658634,0.768292682,0.267303102,0.370445344,0.393794749,0.764240093,0.126491647,5.313515365822449,0.312312312,-0.3785562582779675,69.15861923269611,10.510991521400028,0.3637843215272494,117.92227909565644,Ji-hwan Oh,sa3013245,,125,419,112,78,23,3,8,65,61,63,0,82,8,4,4,4,15,7,KBO_only
2023,Ji-hyuk Ryu 류지혁,Lions (KBO),29.0,522,0.07063197,0.111524163,0.633333333,0.268085106,0.325670498,0.314893617,0.640564115,0.046808511,6.39655604386312,0.29468599,3.747708261478692,25.784961840242083,-5.894178429514236,0.3077565372218574,81.39413387066779,Ji-hyuk Ryu,sa3012288,,66,235,63,56,5,0,2,35,28,19,0,30,3,4,8,7,22,1,KBO_only
2023,Ji-yeol Im 임지열,Heroes (KBO),27.0,245,0.114285714,0.261224489,0.4375,0.25592417,0.349794238,0.364928909,0.714723147,0.109004739,2.0681889312077084,0.342657342,-0.0153627563267946,30.095731805514056,1.2429832326876713,0.3429024354420572,104.30802365171654,Ji-yeol Im,sa3012449,,71,211,54,41,8,0,5,22,35,28,0,64,3,1,2,4,1,0,KBO_only
2023,Ji-young Lee 이지영,Heroes (KBO),37.0,234,0.051282051,0.166666666,0.307692307,0.247663551,0.290748898,0.294392523,0.585141421,0.046728972,3.3053439369709467,0.302857142,-0.3894776629749685,17.486397748398645,-10.070921296668187,0.2802404929362729,63.45464056137554,Ji-young Lee,sa3013276,,80,214,53,44,8,1,0,23,8,12,0,39,1,0,7,2,1,1,KBO_only
2023,Jin-hyuk Jang 장진혁,Eagles (KBO),29.0,178,0.084269662,0.230337078,0.365853658,0.222222222,0.286516853,0.265432098,0.551948951,0.043209876,5.822109981978781,0.295081967,-0.8105303023476154,11.731867182002816,-9.230537903560846,0.26875457636426,55.9662268433229,Jin-hyuk Jang,sa3012604,,68,162,36,30,5,1,0,24,12,15,0,41,0,1,0,3,5,4,KBO_only
2023,Jin-hyuk No 노진혁,Giants (KBO),33.0,390,0.115384615,0.215384615,0.535714285,0.257485029,0.347150259,0.377245508,0.724395767,0.119760479,4.620180933845039,0.328,0.6759206303395331,47.88807706062627,1.9592119855148895,0.3428375998100677,104.26575309951774,Jin-hyuk No,sa3012348,,113,334,86,55,26,1,4,43,51,45,1,84,3,4,4,3,7,1,KBO_only
2023,Jin-sung Kang 강진성,Landers (KBO),29.0,141,0.042553191,0.141843971,0.3,0.261538461,0.307142857,0.392307692,0.699450549,0.130769231,1.95028957125,0.287037037,-0.0987079313490539,15.480799384834215,-1.1242518346291337,0.3259098551103047,93.22945879678252,Jin-sung Kang,sa3012344,,54,130,34,24,6,1,3,10,17,6,0,20,3,1,1,2,0,0,KBO_only
2023,Jin-young Lee 이진영,Eagles (KBO),25.0,422,0.125592417,0.300947867,0.417322834,0.248603351,0.344497607,0.393854748,0.738352355,0.145251397,3.9442754870451022,0.349557522,0.6649912782013416,53.68875079288136,3.991363455196725,0.3486133430277902,108.0313345811846,Jin-young Lee,sa3012598,,121,358,89,57,22,0,10,57,50,53,0,127,2,5,4,4,5,0,KBO_only
2023,Jong-wook Ko 고종욱,Tigers (KBO),34.0,286,0.048951048,0.202797202,0.24137931,0.296296296,0.328671328,0.392592592,0.72126392,0.096296296,2.7407163006926583,0.364928909,-0.6593093485571444,33.731923502927266,0.0507557811789139,0.3365258203519808,100.150694838131,Jong-wook Ko,sa3012243,,114,270,80,60,17,0,3,35,39,14,0,58,0,2,0,3,2,2,KBO_only
2023,Joo-Hyung Kim 김주형,Heroes (KBO),27.0,81,0.111111111,0.333333333,0.333333333,0.147058823,0.256410256,0.176470588,0.432880844,0.029411765,1.1625939775,0.243902439,-0.0538406898267567,2.7256320638211675,-6.813439913317351,0.2267386898016318,28.573346236965797,Joo-Hyung Kim,sa3011932,,46,68,10,8,2,0,0,5,4,9,0,27,1,0,3,2,0,0,KBO_only
2023,Joo-hwan Choi 최주환,Landers (KBO),35.0,478,0.092050209,0.196652719,0.468085106,0.234741784,0.310272536,0.429577464,0.73985,0.19483568,0.92914745875,0.253968253,-0.3021060929168015,57.441647841199966,1.1493465440121569,0.3394263640014616,102.04174730385304,Joo-hwan Choi,sa3013103,,134,426,100,57,23,0,20,48,64,44,4,94,4,3,1,6,0,0,KBO_only
2023,Joong-yeol Ahn 안중열,Dinos (KBO),27.0,177,0.09039548,0.254237288,0.355555555,0.194805194,0.275862068,0.311688311,0.587550379,0.116883117,1.15476189625,0.242990654,-0.113663678523153,13.392053621978144,-7.452585142880102,0.2814558230597397,64.24699306641698,Joong-yeol Ahn,sa3012428,,77,154,30,20,6,0,4,15,17,16,0,45,2,2,3,6,0,0,KBO_only
2023,Jose Rojas 로하스,Bears (KBO),30.0,464,0.118534482,0.146551724,0.808823529,0.253101736,0.344827586,0.473945409,0.818772995,0.220843673,2.710087565801997,0.260188087,-0.7509997354354709,68.59603706668804,13.952464259376022,0.37545873644032,125.53358710378652,Jose Rojas,19331,,122,403,102,55,24,4,19,52,65,55,2,68,3,3,0,5,0,1,KBO_only
2023,José Pirela 피렐라,Lions (KBO),33.0,605,0.069421487,0.114049586,0.608695652,0.285457809,0.338842975,0.425493716,0.764336691,0.140035907,2.8637554013747657,0.301687763,-0.939556737197563,79.07249130728265,7.823867280507297,0.3531377340356509,110.98107842414905,Jose Pirela,5485,,139,557,159,114,28,1,16,66,80,42,5,69,4,2,0,20,6,4,KBO_only
2023,Ju Hyoung Lee 이주형,Heroes (KBO),22.0,227,0.08370044,0.211453744,0.395833333,0.33,0.395555555,0.515,0.910555555,0.185,5.7763932735737935,0.405405405,-0.0163980019278824,40.5110870512312,13.778132251102264,0.4153478367446249,151.53987785531217,Ju Hyoung Lee,sa3014742,,51,200,66,45,11,4,6,30,34,19,2,48,4,2,2,4,3,1,KBO_only
2023,Ju Won Kim 김주원,Dinos (KBO),20.0,474,0.092827004,0.223628691,0.415094339,0.23325062,0.32832618,0.339950372,0.668276552,0.106699752,5.71295601088321,0.288659793,1.351213024230674,50.43848173317658,-5.382754281189573,0.3215042462912938,90.35715676413136,Ju Won Kim,sa3015141,,127,403,94,73,9,2,10,56,54,44,1,106,15,4,8,6,15,3,KBO_only
2023,Ju-hyeon Jung 정주현,Twins (KBO),32.0,101,0.08910891,0.158415841,0.5625,0.272727272,0.336734693,0.329545454,0.666280147,0.056818182,4.09719141249985,0.319444444,-1.9846452209167185,10.6219683637095,-1.2724300275372955,0.3198862422485741,89.302275023227,Ju-hyeon Jung,sa3013251,,89,88,24,21,2,0,1,17,11,9,0,16,0,1,2,1,1,5,KBO_only
2023,Ju-hyeong An 안주형,Lions (KBO),29.0,91,0.109890109,0.219780219,0.5,0.240506329,0.322222222,0.303797468,0.62601969,0.063291139,1.9732142775,0.305084745,-0.0777698853053152,8.46723753928183,-2.2494976449108273,0.3040989067819383,79.00948743952478,Ju-hyeong An,sa3012586,,53,79,19,16,2,0,1,12,10,10,0,20,0,1,1,3,0,0,KBO_only
2023,Jun-su Han 한준수,Tigers (KBO),24.0,94,0.074468085,0.276595744,0.269230769,0.255813953,0.311827956,0.372093023,0.683920979,0.11627907,1.13822750875,0.344827586,-0.0687964370008558,10.057881490030628,-1.0121526562782712,0.3222706490947354,90.85682444244532,Jun-su Han,sa3014211,,48,86,22,16,4,0,2,9,12,7,0,26,0,0,1,2,0,0,KBO_only
2023,Jun-tae Kim 김준태,Wiz (KBO),28.0,136,0.139705882,0.235294117,0.59375,0.208695652,0.325925925,0.32173913,0.647665055,0.113043478,2.311410777643239,0.2625,0.0893274738918989,13.976163907204729,-2.0400557087315505,0.3167576825177228,87.26256409033203,Jun-tae Kim,sa3012310,,69,115,24,17,4,0,3,10,23,19,0,32,1,0,1,3,1,0,KBO_only
2023,Jun-wan Kim 김준완,Heroes (KBO),32.0,225,0.115555555,0.253333333,0.45614035,0.222222222,0.315068493,0.259259259,0.574327752,0.037037037,1.8156512525,0.311111111,-0.1854512649588287,17.694248635019157,-8.803173523698952,0.2853367875700127,66.77724545818675,Jun-wan Kim,sa3012408,,76,189,42,35,7,0,0,25,14,26,0,57,1,3,6,2,0,0,KBO_only
2023,Jun-won Jang 장준원,Wiz (KBO),27.0,104,0.115384615,0.240384615,0.48,0.172413793,0.277227722,0.252873563,0.530101285,0.08045977,7.005525154418995,0.225806451,0.5282124225050211,6.419338120317492,-5.828359233045545,0.2633039532321514,52.41261222506316,Jun-won Jang,sa3012436,,69,87,15,11,2,1,1,10,10,12,0,25,1,1,3,1,3,0,KBO_only
2023,Jun-young Park 박준영,Bears (KBO),25.0,138,0.065217391,0.384057971,0.16981132,0.22047244,0.282608695,0.401574803,0.684183498,0.181102363,6.9044716651560885,0.342857142,0.325221270089969,13.890002400040556,-2.3617498573065507,0.3140047083805947,85.46772175757941,Jun-young Park,sa3012619,,51,127,28,15,7,2,4,16,17,9,1,53,2,0,0,0,2,0,KBO_only
2023,Jung Hoo Lee 이정후,Heroes (KBO),24.0,387,0.126614987,0.059431524,2.130434782,0.318181818,0.405684754,0.454545454,0.860230208,0.136363636,4.134809795843337,0.323529411,-0.4128932093735784,63.29556094855919,17.719994835564044,0.3959305215823023,138.88047115340487,Jung Hoo Lee,33824,,86,330,105,74,23,2,6,50,45,49,7,23,3,5,0,1,6,3,KBO_to_MLB
2023,Jung Hyun Park 박정현,Eagles (KBO),21.0,113,0.026548672,0.31858407,0.083333333,0.18095238,0.218181818,0.295238095,0.513419913,0.114285715,2.64285714,0.253731343,-0.047858390957117,5.031003165682703,-8.276591074029058,0.2408992057496851,37.80550469948559,Jung Hyun Park,sa3014331,,53,105,19,11,6,0,2,12,4,3,0,36,2,0,3,2,0,0,KBO_only
2023,Jung-dae Bae 배정대,Wiz (KBO),27.0,361,0.105263157,0.210526315,0.5,0.276527331,0.355742296,0.347266881,0.703009177,0.07073955,4.781597268953872,0.352941176,1.0200094552710652,42.508223583086455,-0.0054181915679378,0.3362751328543331,99.98725540475536,Jung-dae Bae,sa3012441,,97,311,86,68,16,0,2,48,38,38,1,76,3,5,4,2,13,3,KBO_only
2023,Junwoo Jeon 전준우,Giants (KBO),37.0,559,0.093023255,0.116279069,0.8,0.312373225,0.381037567,0.470588235,0.851625802,0.15821501,4.604480490477247,0.327751196,0.2595226224511862,89.78600973509339,23.954636460767073,0.3921073119919579,136.387872938554,Junwoo Jeon,sa3012061,,138,493,154,113,21,3,17,80,77,52,4,65,7,7,0,12,8,2,KBO_only
2023,Kang-min Kim 김강민,Landers (KBO),40.0,166,0.138554216,0.228915662,0.605263157,0.224637681,0.333333333,0.289855072,0.623188405,0.065217391,3.2884674794292854,0.287128712,-0.1655484645161777,15.541872476749491,-4.007336760349202,0.3048532376202141,79.50128462104522,Kang-min Kim,sa3012834,,70,138,31,26,3,0,2,20,7,23,1,38,1,3,1,1,2,1,KBO_only
2023,Kang-nam Yoo 유강남,Giants (KBO),30.0,403,0.091811414,0.158808933,0.578125,0.261363636,0.341645885,0.383522727,0.725168612,0.122159091,1.953249174200172,0.290780141,-0.5569820313248783,49.429143222889046,1.969315978607277,0.3426591923832893,104.14943773071688,Kang-nam Yoo,sa3012221,,121,352,92,69,13,0,10,45,55,37,1,64,8,4,2,13,1,1,KBO_only
2023,Kun-woo Park 박건우,Dinos (KBO),32.0,533,0.105065666,0.133208255,0.788732394,0.318777292,0.396616541,0.480349344,0.876965885,0.161572052,3.6823898994346855,0.348958333,-1.1824680778663603,91.1600125525529,28.390563616567324,0.405669445942219,145.22990737981624,Kun-woo Park,sa3013255,,130,458,146,98,34,2,12,70,85,56,0,71,9,9,1,14,7,5,KBO_only
2023,Kwang-Min Kwon 권광민,Eagles (KBO),25.0,81,0.074074074,0.296296296,0.25,0.150684931,0.225,0.273972602,0.498972602,0.123287671,8.234021387295542,0.191489361,0.358123913872987,3.538109857428294,-6.000962119710225,0.2398028410971164,37.090713498208,Kwang-Min Kwon,sa943356,,66,73,11,7,1,1,2,11,9,6,0,24,1,0,1,2,2,0,KBO_only
2023,Kyoung-min Hur 허경민,Bears (KBO),32.0,475,0.07368421,0.054736842,1.346153846,0.265734265,0.326315789,0.37062937,0.696945159,0.104895105,3.879921676095891,0.266832917,0.1781333512626588,52.233585387240446,-3.705416947831123,0.3261345758781594,93.37596883541848,Kyoung-min Hur,sa3012064,,130,429,114,84,22,1,7,44,48,35,3,26,6,5,0,6,9,3,KBO_only
2023,Kyu-sung Kim 김규성,Tigers (KBO),26.0,177,0.073446327,0.242937853,0.302325581,0.234177215,0.296511627,0.32278481,0.619296437,0.088607595,6.747861485974495,0.309734513,0.2364074452780187,15.35425535986986,-5.490383404988386,0.2958944238895594,73.66045309336535,Kyu-sung Kim,sa3014306,,99,158,37,28,6,1,2,29,10,13,0,43,1,0,5,2,6,2,KBO_only
2023,Kyung-su Park 박경수,Wiz (KBO),39.0,221,0.135746606,0.208144796,0.652173913,0.2,0.314814814,0.286486486,0.6013013,0.086486486,0.5595238025,0.260869565,-0.1585309200454503,19.120893503242073,-6.905463372654383,0.295598348351412,73.46742225359371,Kyung-su Park,sa3012911,,107,185,37,23,13,0,1,12,12,30,1,46,1,0,5,2,0,0,KBO_only
2023,Min Suk Kim 김민석,Giants (KBO),19.0,454,0.068281938,0.246696035,0.276785714,0.255,0.314479638,0.3375,0.651979638,0.0825,5.050670053492198,0.34137931,1.6110360159073025,43.97161302043016,-9.494296579827711,0.3090575309026809,82.24233600286132,Min Suk Kim,sa3020694,,129,400,102,75,24,0,3,53,39,31,1,112,6,5,12,6,16,3,KBO_only
2023,Min-hyuck Kim 김민혁,Wiz (KBO),27.0,448,0.080357142,0.107142857,0.75,0.297229219,0.35600907,0.385390428,0.741399498,0.088161209,5.810899398086756,0.327635327,0.1322308641392737,57.35745649130864,4.598144815283252,0.349662462735122,108.7153237394731,Min-hyuck Kim,sa3012419,,113,397,118,92,20,3,3,68,41,36,0,48,3,5,7,4,11,4,KBO_only
2023,Min-jae Shin 신민재,Twins (KBO),27.0,331,0.087613293,0.102719033,0.852941176,0.276595744,0.343949044,0.308510638,0.652459682,0.031914894,7.1511994932090115,0.312,-0.4248025075066834,33.983741867929055,-4.996910285562917,0.3166326542568814,87.1810500607151,Min-jae Shin,sa3012520,,121,282,78,71,5,2,0,47,28,29,0,34,1,2,17,5,35,17,KBO_only
2023,Min-sik Kim 김민식,Landers (KBO),34.0,318,0.097484276,0.179245283,0.543859649,0.218045112,0.302325581,0.315789473,0.618115054,0.097744361,1.97916665875,0.257281553,-0.2243362076114863,27.730668981964104,-9.71902100235749,0.2964885358015696,74.04779316884496,Min-sik Kim,sa3012328,,122,266,58,43,9,1,5,28,34,31,1,57,2,2,17,6,0,0,KBO_only
2023,Min-sung Kim 김민성,Twins (KBO),34.0,315,0.079365079,0.184126984,0.431034482,0.25,0.326797385,0.37867647,0.705473855,0.12867647,2.683763095166444,0.288461538,-0.2612652464304119,36.56919981877026,-0.5271912034350921,0.3341149025493198,98.57886120749716,Min-sung Kim,sa3013175,,111,272,68,49,11,0,8,34,41,25,0,58,7,2,9,7,2,1,KBO_only
2023,Min-woo Park 박민우,Dinos (KBO),30.0,509,0.078585461,0.111984282,0.701754385,0.316371681,0.38095238,0.404867256,0.785819636,0.088495575,7.320282948965963,0.356060606,2.2075232788920403,72.7973431029109,12.854285863855276,0.3691862726401902,121.44416126890523,Min-woo Park,sa3012337,,124,452,143,114,20,7,2,76,46,40,3,57,9,3,5,13,26,6,KBO_only
2023,Minho Kang 강민호,Lions (KBO),37.0,495,0.098989898,0.131313131,0.753846153,0.29032258,0.366396761,0.44470046,0.811097221,0.15437788,3.2201808903130367,0.307262569,0.3562746499665081,73.15673403133238,14.86240528215254,0.375400250906847,125.4954565925277,Minho Kang,sa3012023,,125,434,126,91,19,0,16,60,77,49,4,65,6,5,1,17,6,1,KBO_only
2023,Nick Williams 윌리엄스,Eagles (KBO),29.0,273,0.029304029,0.23076923,0.126984126,0.244186046,0.274725274,0.403100775,0.677826049,0.158914729,2.400761000548502,0.285714285,-0.3745219158008694,26.886952117955765,-5.263253434622206,0.311184701465425,83.62917641066163,Nick Williams,14330,,68,258,63,40,14,0,9,29,45,8,0,63,4,3,0,6,1,1,KBO_only
2023,Niko Goodrum 구드럼,Giants (KBO),31.0,201,0.11442786,0.228855721,0.5,0.294797687,0.373134328,0.387283236,0.760417564,0.092485549,1.86920849,0.389312977,-0.1764778166543692,26.940759990866855,3.269729529078675,0.3574817308783531,113.81321161474976,Niko Goodrum,12092,,50,173,51,36,14,1,0,16,28,23,1,46,1,4,0,6,0,0,KBO_only
2023,Ronnie Dawson 도슨,Heroes (KBO),28.0,261,0.068965517,0.157088122,0.43902439,0.336244541,0.398467432,0.454148471,0.852615903,0.11790393,6.212072771725629,0.389473684,0.7077880285214633,42.944864447425104,12.207854743312094,0.3972137931206217,139.7171190718612,Ronnie Dawson,19710,,57,229,77,58,14,2,3,37,29,18,0,41,9,5,0,3,9,2,KBO_only
2023,Sang-chul Moon 문상철,Wiz (KBO),32.0,330,0.048484848,0.245454545,0.197530864,0.259868421,0.29787234,0.414473684,0.712346024,0.154605263,2.742171162557108,0.318181818,-0.022380300797522,36.18140724626573,-2.681478586520832,0.3257115268852653,93.10015576800367,Sang-chul Moon,sa3012421,,112,304,79,50,20,0,9,30,46,16,1,81,3,6,1,4,3,1,KBO_only
2023,Sang-soo Kim 김상수,Wiz (KBO),33.0,512,0.107421875,0.1328125,0.808823529,0.270880361,0.353174603,0.338600451,0.691775054,0.06772009,3.061332835038839,0.312,-1.9775210365187377,59.38561127327308,-0.9107449278987988,0.333977918303202,98.48955229589627,Sang-soo Kim,sa3012065,,129,443,120,97,19,1,3,58,56,55,0,68,3,3,8,9,5,6,KBO_only
2023,Sang-un Park 박상언,Eagles (KBO),26.0,161,0.062111801,0.236024844,0.263157894,0.2,0.253164556,0.275862068,0.529026624,0.075862068,4.442206412849632,0.259259259,-0.7366722247097641,8.571208202150839,-10.389169431420786,0.2522501081605501,45.205893932062224,Sang-un Park,sa3012605,,86,145,29,22,4,2,1,13,13,10,0,38,1,2,3,6,1,2,KBO_only
2023,Sei-hyok Park 박세혁,Dinos (KBO),33.0,283,0.106007067,0.151943462,0.697674418,0.210743801,0.306859205,0.347107438,0.653966643,0.136363637,4.455588617771525,0.231958762,-0.4193891573231667,28.17549363235693,-5.152375127275182,0.3125822673205434,84.54034020466403,Sei-hyok Park,sa3012290,,88,242,51,33,9,3,6,35,32,30,0,43,4,1,6,3,1,1,KBO_only
2023,Seong Bin Hwang 황성빈,Giants (KBO),25.0,191,0.062827225,0.141361256,0.444444444,0.216374269,0.27173913,0.269005847,0.540744977,0.052631578,7.060254169370136,0.256944444,-0.4235301397275179,11.49014109245013,-11.003226162283909,0.2612635671444561,51.08235224333463,Seong Bin Hwang,sa3018222,,74,171,37,30,5,2,0,22,8,12,0,27,1,0,7,1,9,5,KBO_only
2023,Seong-han Park 박성한,Landers (KBO),25.0,529,0.109640831,0.105860113,1.035714285,0.265795206,0.346743295,0.366013071,0.712756366,0.100217865,2.833248246706,0.283919597,0.1263631526380777,63.45836616965534,1.159982516491436,0.3391506301235558,101.86197851127156,Seong-han Park,sa3012661,,128,459,122,94,19,0,9,53,47,58,1,56,1,4,7,7,5,1,KBO_only
2023,Seong-uk Kim 김성욱,Dinos (KBO),30.0,204,0.078431372,0.308823529,0.253968253,0.223463687,0.303482587,0.379888268,0.683370855,0.156424581,5.361040026060316,0.306306306,0.6464161451440305,21.797335995973533,-2.226993427930885,0.32207651784764,90.73025769570488,Seong-uk Kim,sa3012349,,93,179,40,24,10,0,6,28,16,16,0,63,5,1,3,7,6,1,KBO_only
2023,Seong-yoon Kim 김성윤,Lions (KBO),24.0,272,0.051470588,0.12867647,0.4,0.314285714,0.354477611,0.404081632,0.758559243,0.089795918,8.4423569385249,0.352112676,2.075806063832715,35.57517823945017,3.54273900757761,0.3532585523911376,111.05984774351045,Seong-yoon Kim,sa3012644,,100,245,77,65,4,6,2,40,28,14,0,35,4,5,4,2,20,4,KBO_only
2023,Seoung Bin Son 손성빈,Giants (KBO),21.0,80,0.025,0.125,0.2,0.263157894,0.282051282,0.342105263,0.624156545,0.078947369,2.64285714,0.292307692,-0.0538406898267567,6.690343158972105,-2.730962497461,0.2918335535587408,71.01290843274754,Seoung Bin Son,sa3017864,,45,76,20,16,3,0,1,13,15,2,0,10,0,0,2,3,0,0,KBO_only
2023,Seung-ho Kang 강승호,Bears (KBO),29.0,459,0.058823529,0.239651416,0.245454545,0.264916467,0.316483516,0.386634844,0.70311836,0.121718377,6.481669999909816,0.340983606,-0.0518927334342151,51.36218197467013,-2.692559229114814,0.3286544355717334,95.01882874813158,Seung-ho Kang,sa3012361,,127,419,111,80,18,6,7,51,59,27,0,110,6,3,4,12,14,6,KBO_only
2023,Seung-hyun Jang 장승현,Bears (KBO),29.0,158,0.037974683,0.227848101,0.166666666,0.158273381,0.235294117,0.230215827,0.465509944,0.071942446,3.2517287559863903,0.19,0.104283221065998,5.93679707647355,-12.670281594981834,0.2318505835688971,31.906121220312944,Seung-hyun Jang,sa3012365,,76,139,22,18,1,0,3,11,9,6,0,36,8,0,5,2,1,0,KBO_only
2023,Seung-min Go 고승민,Giants (KBO),22.0,308,0.136363636,0.207792207,0.65625,0.223529411,0.331125827,0.317647058,0.648772885,0.094117647,5.586025411287976,0.284974093,0.1067527739796787,30.26825798578537,-6.003768791482083,0.3109067116294018,83.44793681271544,Seung-min Go,sa3012726,,94,255,57,39,14,2,2,35,25,42,3,64,1,4,6,2,8,3,KBO_only
2023,Seung-taek Han 한승택,Tigers (KBO),29.0,104,0.10576923,0.307692307,0.34375,0.129411764,0.244897959,0.152941176,0.397839135,0.023529412,1.22240259,0.207547169,-0.0658052875660359,2.4160764799001737,-9.831620873462864,0.2131696069727138,19.72678137116733,Seung-taek Han,sa3012396,,49,85,11,9,2,0,0,6,3,11,0,32,2,0,6,1,0,0,KBO_only
2023,Seung-wook Park 박승욱,Giants (KBO),30.0,338,0.103550295,0.257396449,0.40229885,0.286206896,0.363914373,0.368965517,0.73287989,0.082758621,6.302607663634685,0.406862745,1.0309388074092567,43.34028936423831,3.5352729658084403,0.3499173111871841,108.88147596881257,Seung-wook Park,sa3012327,,123,290,83,62,18,3,0,37,30,35,0,87,1,1,11,5,15,4,KBO_only
2023,Shin-Soo Choo 추신수,Landers (KBO),40.0,462,0.14069264,0.17099567,0.82278481,0.2513089,0.376623376,0.395287958,0.771911334,0.143979058,3.921687666238509,0.286689419,-0.484680795809254,66.11579603636665,11.70775587046546,0.3693001874098292,121.51842969304928,Shin-Soo Choo,3174,,112,382,96,66,17,1,12,65,40,65,1,79,13,2,0,8,6,3,KBO_only
2023,Si Ang Kim 김시앙,Heroes (KBO),21.0,82,0.036585365,0.219512195,0.166666666,0.22368421,0.280487804,0.236842105,0.517329909,0.013157895,1.39285714,0.293103448,-0.0658052875660359,4.608515979483437,-5.048322318360496,0.2561106391069365,47.72282435869691,Si Ang Kim,sa3018223,,33,76,17,16,1,0,0,6,7,3,0,18,3,0,0,4,0,0,KBO_only
2023,Si-hwan Roh 노시환,Eagles (KBO),22.0,595,0.124369747,0.198319327,0.627118644,0.297665369,0.388235294,0.540856031,0.929091325,0.243190662,2.5806056629177885,0.331521739,-0.5095306495204568,109.23154287294872,39.16058205322749,0.4220156145297875,155.88703450774705,Si-hwan Roh,sa3012734,,131,514,153,91,30,1,31,85,101,74,5,118,4,3,0,13,2,1,KBO_only
2023,Sok Min Park 박석민,Dinos (KBO),38.0,107,0.130841121,0.205607476,0.636363636,0.193181818,0.320754716,0.238636363,0.559391079,0.045454545,1.1845238025,0.242424242,-0.0957167819142341,8.522800724037772,-4.078195591441507,0.2866538554992316,67.63592743510462,Sok Min Park,sa3012020,,30,88,17,15,1,0,1,9,8,14,0,22,3,1,1,4,0,0,KBO_only
2023,Soo-bin Jung 정수빈,Bears (KBO),32.0,583,0.109777015,0.108061749,1.015873015,0.287148594,0.374781085,0.371485943,0.746267028,0.084337349,7.780460501489628,0.324137931,3.6917891330085695,77.81270323260219,9.15493826134593,0.3567469540395235,113.334162953278,Soo-bin Jung,sa3013258,,137,498,143,116,14,11,2,75,33,64,1,63,7,2,12,2,38,8,KBO_only
2023,Soo-haeng Jo 조수행,Bears (KBO),29.0,249,0.092369477,0.152610441,0.605263157,0.219178082,0.297959183,0.251141552,0.549100735,0.03196347,7.620931499369093,0.259668508,2.4797178774606436,17.084226686240058,-12.239587169407985,0.2722737266092884,58.26058905686812,Soo-haeng Jo,sa3012578,,126,219,48,44,2,1,1,41,17,23,0,38,2,1,4,2,26,6,KBO_only
2023,Soo-kwang Ro 노수광,Eagles (KBO),32.0,94,0.138297872,0.287234042,0.481481481,0.22077922,0.326086956,0.285714285,0.611801241,0.064935065,2.876825202958768,0.326923076,-0.0937608780805021,8.501380865329272,-2.5686532809796265,0.300704323079275,76.7963382313857,Soo-kwang Ro,sa3012395,,30,77,17,12,5,0,0,6,4,13,0,27,0,2,2,3,2,1,KBO_only
2023,Su-hwan Kim 김수환,Heroes (KBO),25.0,114,0.096491228,0.315789473,0.305555555,0.216494845,0.31858407,0.319587628,0.638171698,0.103092783,0.76785714,0.316666666,-0.0897344830445945,11.176516496585402,-2.2488440638317737,0.3106020124612656,83.24928366942947,Su-hwan Kim,sa3014337,,50,97,21,15,4,0,2,8,15,11,0,36,4,1,1,1,0,0,KBO_only
2023,Suk-hwan Yang 양석환,Bears (KBO),31.0,582,0.070446735,0.228522336,0.308270676,0.278625954,0.33161512,0.452290076,0.783905196,0.173664122,3.142910629043883,0.328083989,0.3782479416113347,78.19938940262253,9.659390752071694,0.3579109863913738,114.09307111504306,Suk-hwan Yang,sa3012438,,140,524,146,97,28,0,21,73,89,41,3,133,6,11,0,9,4,0,KBO_only
2023,Sun-bin Kim 김선빈,Tigers (KBO),33.0,473,0.080338266,0.054968287,1.461538461,0.319809069,0.380645161,0.357995226,0.738640387,0.038186157,2.2549573361625774,0.338383838,-0.3005571982357651,62.37050359611279,6.667033902452052,0.3546527179338599,111.96879465339802,Sun-bin Kim,sa3013220,,119,419,134,118,16,0,0,41,48,38,0,26,5,3,8,10,3,1,KBO_only
2023,Sun-jin Oh 오선진,Eagles (KBO),33.0,199,0.120603015,0.170854271,0.705882352,0.23030303,0.341836734,0.266666666,0.6085034,0.036363636,3.228744577062008,0.285714285,0.2175398904364556,18.775149925702724,-4.6603478946746275,0.3057932662112372,80.11415020754363,Sun-jin Oh,sa3013231,,90,165,38,32,6,0,0,17,14,24,0,34,5,2,3,7,2,0,KBO_only
2023,Sung-Mun Song 송성문,Heroes (KBO),26.0,438,0.089041095,0.08675799,1.026315789,0.262886597,0.324884792,0.358247422,0.683132214,0.095360825,3.3119768449805305,0.275568181,-0.1350087337195873,45.21242964315909,-6.369218825812163,0.3173552562584688,87.65216115641682,Sung-Mun Song,37122,,104,388,102,78,16,3,5,43,60,39,5,38,0,7,4,9,1,0,KBO_to_MLB
2023,Sung-bum Na 나성범,Tigers (KBO),33.0,253,0.102766798,0.14229249,0.722222222,0.364864864,0.42687747,0.671171171,1.098048641,0.306306307,2.8352728650000003,0.366279069,-0.2303185064811259,59.594295631850414,29.79941649338072,0.489700544257409,200.015228640096,Sung-bum Na,sa3012352,,58,222,81,50,12,1,18,51,57,26,0,36,1,4,0,1,0,0,KBO_only
2023,Sung-gyu Lee 이성규,Lions (KBO),29.0,162,0.049382716,0.259259259,0.19047619,0.206896551,0.25949367,0.310344827,0.569838497,0.103448276,6.30841013079786,0.278846153,-0.5436897662002593,10.68040660189079,-8.39773735238625,0.2687794132323204,55.98241960794304,Sung-gyu Lee,sa3012587,,109,145,30,18,10,1,1,23,18,8,0,42,3,2,4,4,4,3,KBO_only
2023,Sung-hyun Kim 김성현,Landers (KBO),36.0,354,0.081920903,0.101694915,0.805555555,0.267741935,0.328445747,0.322580645,0.651026392,0.05483871,3.260177877112882,0.298181818,0.0938675180077552,34.9216171769463,-6.767660352770194,0.3113952159881591,83.76642447702255,Sung-hyun Kim,sa3013146,,112,310,83,68,14,0,1,35,27,29,1,36,0,2,13,6,4,1,KBO_only
2023,Sung-ju Moon 문성주,Twins (KBO),26.0,530,0.124528301,0.06226415,2.0,0.295964125,0.39312977,0.374439461,0.767569231,0.078475336,5.763550251955792,0.313253012,-1.182183603523299,75.83493029772232,13.418780323853005,0.3692702191476603,121.49889143990906,Sung-ju Moon,sa3012668,,135,446,132,105,21,4,2,77,57,66,0,33,8,4,6,10,24,13,KBO_only
2023,Sung-woo Jang 장성우,Wiz (KBO),33.0,464,0.090517241,0.150862068,0.6,0.287804878,0.351409978,0.421951219,0.773361197,0.134146341,1.1529953760796792,0.31845238,-0.6018492728471756,62.94539380057558,8.301820993263568,0.3595975879741752,115.19267603993984,Sung-woo Jang,sa3013216,,131,410,118,85,22,0,11,37,65,42,1,70,2,7,3,12,1,1,KBO_only
2023,Sócrates Brito 소크라테스,Tigers (KBO),30.0,608,0.085526315,0.131578947,0.65,0.285191956,0.34375,0.462522851,0.806272851,0.177330895,5.264935891864174,0.298901098,0.0344435910228639,86.50940176739081,14.907478778499206,0.3682288293609556,120.8199419180571,Socrates Brito,12944,,142,547,156,102,31,3,20,91,96,52,4,80,1,8,0,13,15,6,MLB_to_KBO
2023,Tae-gon Oh 오태곤,Landers (KBO),31.0,305,0.059016393,0.219672131,0.268656716,0.238970588,0.292929292,0.375,0.667929292,0.136029412,7.070023401414813,0.288557213,3.3865931981708854,30.16393960230848,-5.754788212842733,0.3117202070827035,83.9783072427881,Tae-gon Oh,sa3012193,,123,272,65,43,14,1,7,37,28,18,0,67,4,3,8,6,20,1,KBO_only
2023,Tae-hun Do 도태훈,Dinos (KBO),30.0,302,0.125827814,0.158940397,0.791666666,0.234309623,0.376271186,0.322175732,0.698446918,0.087866109,3.272422516871173,0.272727272,-0.3151059362571686,38.0094448083821,2.4440159553471297,0.3468349527339546,106.8718866443208,Tae-hun Do,sa3012620,,117,239,56,45,6,0,5,41,23,38,1,48,17,1,7,7,2,1,KBO_only
2023,Tae-jin Kim 김태진,Heroes (KBO),27.0,210,0.023809523,0.109523809,0.217391304,0.277777777,0.29468599,0.303030303,0.597716293,0.025252526,1.28869047125,0.308988764,-0.1675043683499097,15.989521024457249,-8.741406323679657,0.2820800214573957,64.65394847258653,Tae-jin Kim,sa3012499,,73,198,55,50,5,0,0,17,16,5,0,23,1,3,3,1,0,0,KBO_only
2023,Tae-yean Kim 김태연,Eagles (KBO),26.0,280,0.096428571,0.210714285,0.457627118,0.261224489,0.336917562,0.363265306,0.700182868,0.102040817,3.353813093680952,0.322580645,0.3536905096843838,31.84068170301248,-1.13388809450339,0.3310203558678249,96.56132558675924,Tae-yean Kim,sa3012603,,91,245,64,47,13,0,4,25,25,27,1,59,3,4,1,3,5,1,KBO_only
2023,Taegun Kim 김태군,Tigers (KBO),33.0,342,0.025125628,0.085427135,0.294117647,0.262295081,0.288659793,0.295081967,0.58374176,0.032786886,2.978066135423213,0.284023668,-0.1685396139509976,14.361670809823924,-9.073827010553424,0.2769075779570746,61.28169719243744,Taegun Kim,sa3012057,,64,183,48,42,6,0,0,16,24,5,0,17,3,3,5,9,2,1,KBO_only
2023,Ui San Jeon 전의산,Landers (KBO),22.0,153,0.098039215,0.261437908,0.375,0.201492537,0.294117647,0.335820895,0.629938542,0.134328358,1.4191729303571428,0.252747252,-0.942654526559636,13.963700482176325,-4.054546585751989,0.3017798631019842,77.49755250626514,Ui San Jeon,sa3019044,,56,134,27,17,6,0,4,11,21,15,0,40,3,1,0,1,0,2,KBO_only
2023,Whee Jip Kim 김휘집,Heroes (KBO),21.0,435,0.110344827,0.222988505,0.49484536,0.249322493,0.337995337,0.373983739,0.711979076,0.124661246,1.31709955875,0.309963099,-0.343982185004279,51.590799142281774,0.3624496354267623,0.3373798891936704,100.70751769072368,Whee Jip Kim,sa3015123,,110,369,92,62,22,0,8,46,51,48,0,97,5,7,6,8,0,0,KBO_only
2023,Won-jun Choi 최원준,Tigers (KBO),26.0,274,0.113138686,0.142335766,0.794871794,0.25210084,0.338289962,0.327731092,0.666021054,0.075630252,6.241447407179471,0.297979797,0.2747707914095372,29.317775889815668,-2.950195983467717,0.3222712258424014,90.857200461643,Won-jun Choi,sa3012595,,67,238,60,46,11,2,1,37,23,31,0,39,0,0,5,5,13,5,KBO_only
2023,Won-seok Lee 이원석,Eagles (KBO),24.0,138,0.152173913,0.239130434,0.636363636,0.189655172,0.318840579,0.215517241,0.53435782,0.025862069,7.900026510001604,0.26506024,1.2174253179691732,10.013054102749772,-6.238698154597333,0.277414435925691,61.61215076499252,Won-seok Lee,sa3012693,,81,116,22,20,1,1,0,20,8,21,0,33,1,0,0,3,13,3,KBO_only
2023,Won-seok Lee 이원석,Heroes (KBO),36.0,273,0.073260073,0.216117216,0.33898305,0.218623481,0.283088235,0.255060728,0.538148963,0.036437247,0.8021037149999999,0.28042328,-0.2063893110025674,16.57538677361484,-15.574818778963133,0.2619901877927604,51.5560833553854,Won-seok Lee,sa3013066,,70,247,54,47,6,0,1,16,20,20,1,59,3,2,1,8,0,0,KBO_only
2023,Woo-hyuk Byun 변우혁,Tigers (KBO),23.0,226,0.101769911,0.327433628,0.31081081,0.225,0.314159292,0.35,0.664159292,0.125,1.15720139625,0.319327731,-0.1764778166543692,23.198675399577404,-3.4165130798461196,0.3166054219669766,87.16329556528424,Woo-hyuk Byun,sa3012733,,83,200,45,34,4,0,7,23,24,23,1,74,3,0,0,4,0,0,KBO_only
2023,Woo-sung Lee 이우성,Tigers (KBO),28.0,400,0.0775,0.2025,0.382716049,0.30140845,0.362944162,0.416901408,0.77984557,0.115492958,3.531836414508686,0.368029739,0.8400268401019275,55.13861182266084,8.03208354049532,0.3624477670742915,117.05089259047828,Woo-sung Lee,sa3012368,,126,355,107,82,17,0,8,39,58,31,4,81,5,3,6,10,8,1,KBO_only
2023,Yong-ho Cho 조용호,Wiz (KBO),33.0,184,0.125,0.135869565,0.92,0.248447204,0.342391304,0.260869565,0.603260869,0.012422361,4.275845322436417,0.294117647,0.6175398963969201,16.881590155031326,-4.78741285476482,0.3024073175114134,77.9066307176176,Yong-ho Cho,sa3012491,,63,161,40,38,2,0,0,20,7,23,0,25,0,0,0,3,4,0,KBO_only
2023,Yongkyu Lee 이용규,Heroes (KBO),37.0,174,0.109195402,0.126436781,0.863636363,0.233333333,0.319767441,0.273333333,0.593100774,0.04,6.167488615150603,0.269230769,0.025478090159595,14.532325400170684,-5.959014402571321,0.2916900543279426,70.91935198022567,Yongkyu Lee,sa3012015,,49,150,35,32,0,3,0,18,11,19,0,22,1,2,2,2,3,1,KBO_only
2023,Yoo-seom Han 한유섬,Landers (KBO),33.0,388,0.087628865,0.208762886,0.419753086,0.273273273,0.354922279,0.393393393,0.748315672,0.12012012,3.0231343592956144,0.333333333,-0.3539908789098263,50.44377277128302,4.750440337582459,0.3522408682030516,110.39635343838223,Yoo-seom Han,sa3012336,,109,333,91,67,15,2,7,29,55,34,1,81,12,7,2,3,2,1,KBO_only
2023,Yoon-suk Oh 오윤석,Wiz (KBO),31.0,223,0.058295964,0.197309417,0.295454545,0.251256281,0.313364055,0.386934673,0.700298728,0.135678392,4.675075551013302,0.304635761,0.0344515384640544,24.721369213527645,-1.540520303779639,0.3272972755410053,94.13400813081483,Yoon-suk Oh,sa3012464,,82,199,50,32,13,1,4,24,17,13,1,44,5,0,6,7,3,1,KBO_only
2023,Young Woong Kim 김영웅,Lions (KBO),19.0,103,0.077669902,0.27184466,0.285714285,0.186813186,0.25,0.318681318,0.568681318,0.131868132,4.127426154070663,0.241935483,0.1491504625882953,6.707384289843075,-5.422546742814547,0.267726788520813,55.29614531018081,Young Woong Kim,sa3020665,,55,91,17,9,6,0,2,11,12,8,0,28,0,1,3,2,1,0,KBO_only
2023,Young-soo Oh 오영수,Dinos (KBO),23.0,238,0.071428571,0.231092436,0.309090909,0.235576923,0.30472103,0.346153846,0.650874876,0.110576923,3.6888746543371553,0.296052631,-0.8244508039206266,22.62428667840995,-5.404097649478541,0.3067213016851195,80.71919670338823,Young-soo Oh,sa3012702,,70,208,49,35,9,1,4,21,24,17,1,55,5,3,5,5,3,3,KBO_only
2023,Yu-chan Lee 이유찬,Bears (KBO),24.0,239,0.083682008,0.213389121,0.392156862,0.242857142,0.316239316,0.309523809,0.625763125,0.066666667,7.033479819679325,0.314465408,0.951620027422905,21.943884480882872,-6.202266167711029,0.3024954187054919,77.96406959819609,Yu-chan Lee,sa3012635,,104,210,51,41,7,2,1,31,16,20,0,51,3,1,5,0,12,3,KBO_only
2023,Zach Reks 렉스,Giants (KBO),29.0,234,0.119658119,0.23076923,0.518518518,0.246305418,0.337606837,0.344827586,0.682434423,0.098522168,2.909450680422023,0.31292517,-0.619389160303399,25.38728670895607,-2.1700323361107645,0.3242164015256125,92.12538660759442,Zach Reks,19667,,55,203,50,40,4,2,4,20,30,28,2,54,1,2,0,3,0,1,KBO_only
2024,Ah-seop Son 손아섭,Dinos (KBO),36.0,355,0.045070422,0.183098591,0.246153846,0.285285285,0.314447592,0.396396396,0.710843988,0.111111111,3.93726456346723,0.332075471,0.0174838844686746,38.737871400889,-9.244314454618856,0.3198740313478637,80.73386134917465,Ah-seop Son,sa3012050,,84,333,95,72,16,0,7,45,50,16,0,65,0,4,2,1,6,2,KBO_only
2024,Austin Dean 오스틴,Twins (KBO),30.0,604,0.100993377,0.135761589,0.743902439,0.318785578,0.38410596,0.573055028,0.957160988,0.25426945,4.532188877522749,0.319248826,-1.835342595120892,113.3409853174937,31.703688819671903,0.4110524859715465,138.83480979862898,Austin Dean,18288,,140,527,168,101,32,3,32,99,132,61,6,82,3,13,0,9,12,8,KBO_only
2024,Baek-ho Kang 강백호,Wiz (KBO),24.0,614,0.096091205,0.20684039,0.464566929,0.289090909,0.359934853,0.48,0.839934853,0.190909091,3.3006073910892137,0.333333333,-0.1773288855329156,95.02350449097136,12.034597123980303,0.3728658821739134,114.50145267097116,Baek-ho Kang,sa3012665,,144,550,159,106,27,0,26,92,96,59,4,127,3,2,0,6,6,2,KBO_only
2024,Beom Seok Kim 김범석,Twins (KBO),20.0,180,0.077777777,0.272222222,0.285714285,0.24074074,0.305555555,0.376543209,0.682098764,0.135802469,0.58168692125,0.302752293,-0.1102230146061629,17.38589248281044,-6.943103162235795,0.3053229889842901,71.46161204706567,Beom Seok Kim,sa3023328,,70,162,39,29,4,0,6,14,24,14,2,49,2,2,0,4,0,0,KBO_only
2024,Bo-gyeong Moon 문보경,Twins (KBO),23.0,602,0.107973421,0.186046511,0.580357142,0.300578034,0.372287145,0.506743737,0.879030882,0.206165703,3.711039170855914,0.336683417,-1.8809624835848808,99.66386877839514,18.296894454407184,0.3853975018398873,122.48688071102704,Bo-gyeong Moon,sa3015048,,144,519,156,96,35,3,22,80,101,65,3,112,2,13,3,14,7,6,KBO_only
2024,Bo-keun Jeong 정보근,Giants (KBO),24.0,140,0.021428571,0.221428571,0.096774193,0.225563909,0.242647058,0.285714285,0.528361343,0.060150376,2.17914745875,0.28,-0.0768997776322066,5.792565384513085,-13.129986783856207,0.2412171933580847,30.61196678424735,Bo-keun Jeong,sa3014210,,89,133,30,27,0,1,2,9,7,3,0,31,0,0,4,4,0,0,KBO_only
2024,Bon Ki Shin 신본기,Wiz (KBO),35.0,152,0.105263157,0.184210526,0.571428571,0.278688524,0.37062937,0.37704918,0.74767855,0.098360656,3.7883557970323407,0.333333333,0.2795236876700073,20.468126372628262,-0.0763588387441087,0.3495253191127643,99.62832439966984,Bon Ki Shin,sa3011910,,84,122,34,28,3,0,3,18,19,16,0,28,3,2,9,3,2,0,KBO_only
2024,Bon-hyeok Gu 구본혁,Twins (KBO),27.0,389,0.097686375,0.131105398,0.745098039,0.256637168,0.335064935,0.327433628,0.662498563,0.07079646,4.9150758093351135,0.293103448,-0.5984160581137985,40.07017784504678,-12.507484965636472,0.3127768979444132,76.21140937612184,Bon-hyeok Gu,sa3012711,,133,339,87,69,14,2,2,48,43,38,0,51,4,4,4,7,8,4,KBO_only
2024,Byeong-woo Jeon 전병우,Lions (KBO),31.0,128,0.109375,0.328125,0.333333333,0.225225225,0.3125,0.405405405,0.717905405,0.18018018,2.244079986346614,0.303030303,-0.5553715038113296,14.350824228440349,-2.9497948969258614,0.3233514851890504,82.94977263212006,Byeong-woo Jeon,sa3011926,,58,111,25,15,5,0,5,17,14,14,0,42,1,2,0,3,0,1,KBO_only
2024,Byeong-wuk Lim 임병욱,Heroes (KBO),28.0,92,0.04347826,0.347826086,0.125,0.24137931,0.27173913,0.379310344,0.651049474,0.137931034,4.840242229774839,0.339622641,0.1512968104798346,7.639805767533334,-4.79501422882363,0.2895941002213437,61.43881270313179,Byeong-wuk Lim,sa3012450,,42,87,21,15,3,0,3,14,10,4,0,32,0,1,0,1,1,0,KBO_only
2024,Byung-heon Lee 이병헌,Lions (KBO),24.0,166,0.102409638,0.289156626,0.354166666,0.248275862,0.335365853,0.296551724,0.631917577,0.048275862,0.47939559625,0.364583333,-0.1281662960536778,16.020272684502988,-6.416467743706319,0.3052293781827135,71.40196115279291,Byung-heon Lee,sa3020656,,95,145,36,31,4,0,1,9,9,17,0,48,2,0,2,0,0,0,KBO_only
2024,ByungHo Park 박병호,Lions (KBO),37.0,406,0.108771929,0.29122807,0.373493975,0.244979919,0.333333333,0.506024096,0.839357429,0.261044177,3.5384733797278036,0.277027027,0.4205671944655478,42.788434731186086,4.267524959862876,0.3674941479114064,111.07846358042102,ByungHo Park,18497,,76,249,61,36,5,0,20,42,60,31,0,83,3,2,0,5,3,0,KBO_to_MLB
2024,Chan-ho Park 박찬호,Tigers (KBO),29.0,577,0.083188908,0.076256499,1.09090909,0.306796116,0.363157894,0.386407766,0.74956566,0.07961165,4.570075276465785,0.324152542,-2.671277742832899,75.69593267948937,-2.2920144715754893,0.3454964920380832,97.06106577323314,Chan-ho Park,sa3012474,,134,515,158,128,24,1,5,86,61,48,1,44,1,6,7,9,20,13,KBO_only
2024,Chang-jin Lee 이창진,Tigers (KBO),33.0,247,0.182186234,0.145748987,1.25,0.261780104,0.400826446,0.329842931,0.730669377,0.068062827,3.381954941873533,0.310126582,-0.8558611958287656,34.53639418979536,1.151605721315247,0.3555219198061415,103.44949234110776,Chang-jin Lee,sa3012466,,103,191,50,39,10,0,1,36,18,45,0,36,2,4,5,6,4,3,KBO_only
2024,Chang-ki Hong 홍창기,Twins (KBO),30.0,637,0.150706436,0.14599686,1.032258064,0.335877862,0.44654088,0.410305343,0.856846223,0.074427481,3.867347044019666,0.397674418,-3.9168370680417866,115.37334691226876,29.275734546188488,0.4034698072579611,134.00295750561625,Chang-ki Hong,sa3012570,,139,524,176,150,18,3,5,96,73,96,3,93,12,4,1,8,10,11,KBO_only
2024,Chi-hong An 안치홍,Eagles (KBO),33.0,533,0.091932457,0.131332082,0.7,0.300211416,0.370300751,0.42706131,0.797362061,0.126849894,2.327963951570159,0.327411167,-0.7722022426314652,78.23073439417514,6.189875067454909,0.3635923844497307,108.59217272712218,Chi-hong An,sa3013286,,128,473,142,108,21,0,13,64,66,49,1,70,6,4,1,10,3,2,KBO_only
2024,Dae-han Kim 김대한,Bears (KBO),23.0,89,0.08988764,0.292134831,0.307692307,0.133333333,0.229885057,0.186666666,0.416551723,0.053333333,4.140639117513702,0.18,-0.3246115897782147,1.2212362135286785,-10.808100522077517,0.2091093775869786,10.15214920298876,Dae-han Kim,sa3012718,,61,75,10,8,1,0,1,10,7,8,0,26,2,2,2,1,1,1,KBO_only
2024,David MacKinnon 맥키넌,Lions (KBO),29.0,315,0.123809523,0.104761904,1.181818181,0.294117647,0.38095238,0.386029411,0.766981791,0.091911764,1.786982642678835,0.319327731,-0.0563325891271233,43.70730512859826,1.1315627497673495,0.3542794518363781,102.65776399081643,David MacKinnon,19625,,72,272,80,63,13,0,4,28,36,39,3,33,1,3,0,6,1,0,KBO_only
2024,Do Yeong Kim 김도영,Tigers (KBO),20.0,625,0.1056,0.176,0.6,0.34742647,0.419871794,0.647058823,1.066930617,0.299632353,8.878746656310767,0.374689826,5.629841200541705,141.38317606663568,56.90749674355847,0.4558260718079788,167.36553905167878,Do Yeong Kim,sa3018059,,141,544,189,112,29,10,38,143,109,66,7,110,7,7,1,10,40,4,KBO_only
2024,Do-hwan Hur 허도환,Twins (KBO),39.0,105,0.085714285,0.247619047,0.346153846,0.1375,0.3,0.1625,0.4625,0.025,3.341793787126842,0.2,-0.5502448519691825,5.476128664102789,-8.715785462174182,0.2537313365936279,38.58625845236401,Do-hwan Hur,sa3013160,,59,80,11,9,2,0,0,10,11,9,0,26,10,1,5,4,0,1,KBO_only
2024,Do-yun Lee 이도윤,Eagles (KBO),27.0,374,0.069518716,0.14973262,0.464285714,0.276785714,0.331521739,0.333333333,0.664855072,0.056547619,5.259154426595517,0.326241134,-0.9907260863110424,37.96444986244943,-12.585796644479975,0.3110365221357863,75.10240302635376,Do-yun Lee,sa3012554,,134,336,93,79,10,3,1,49,46,26,0,56,3,3,6,5,6,4,KBO_only
2024,Dong Hee Yoon 윤동희,Giants (KBO),20.0,613,0.109298531,0.185970636,0.587719298,0.293233082,0.376432078,0.453007518,0.829439596,0.159774436,4.439767865924985,0.347188264,-2.8789191506803036,96.06976636357332,13.21602008349918,0.3751407086849213,115.9510229493118,Dong Hee Yoon,sa3018265,,141,532,156,103,35,4,14,97,85,67,1,114,7,5,2,10,7,8,KBO_only
2024,Dong-won Park 박동원,Twins (KBO),34.0,498,0.110441767,0.224899598,0.491071428,0.2718894,0.348790322,0.460829493,0.809619815,0.188940093,1.8017329675444027,0.317152103,-0.1306690408382564,71.3371512758986,4.026929991270685,0.3594972202893693,105.98264262754748,Dong-won Park,sa3013271,,130,434,118,76,22,0,20,58,80,55,2,112,0,7,2,14,1,0,KBO_only
2024,Euiji Yang 양의지,Bears (KBO),37.0,485,0.082474226,0.115463917,0.714285714,0.313953488,0.379381443,0.479069767,0.85845121,0.165116279,2.537300978592351,0.32506887,-0.4450273269321769,78.56988772021396,13.01676056550604,0.3812701046466827,119.85681100275504,Euiji Yang,sa3012037,,119,430,135,99,18,1,17,57,94,40,5,56,9,6,0,13,2,1,KBO_only
2024,Eun-seong Chae 채은성,Eagles (KBO),34.0,498,0.098393574,0.166666666,0.590361445,0.270642201,0.351405622,0.463302752,0.814708374,0.192660551,1.8079241936962385,0.289940828,-0.611704092938453,73.1417241333566,5.831502848728691,0.3637045098982107,108.66362156806706,Eun-seong Chae,sa3013253,,124,436,118,74,24,0,20,61,83,49,1,83,8,5,0,12,1,1,KBO_only
2024,Geonchang Seo 서건창,Tigers (KBO),34.0,248,0.14516129,0.125,1.161290322,0.310344827,0.41632653,0.403940886,0.820267416,0.093596059,4.721710525658235,0.356321839,-0.098917746450752,40.85877968049409,7.3388301250970525,0.3844669582892437,121.89391756979964,Geonchang Seo,sa3012058,,94,203,63,47,14,1,1,40,26,36,0,31,3,3,3,2,3,1,KBO_only
2024,Guillermo Heredia 에레디아,Landers (KBO),33.0,591,0.047377326,0.123519458,0.383561643,0.360443622,0.399323181,0.537892791,0.937215972,0.177449169,2.739788844588051,0.381578947,-1.09681383240968,112.00947733194964,32.12927496404782,0.413229143639811,140.22182469702693,Guillermo Heredia,18721,,136,541,195,142,31,1,21,82,118,28,3,73,13,9,0,12,4,3,KBO_only
2024,Gun Hee Kim 김건희,Heroes (KBO),19.0,283,0.06360424,0.28975265,0.219512195,0.25670498,0.300353356,0.417624521,0.717977877,0.160919541,0.99812029625,0.333333333,-0.1563628811854869,30.607525084610415,-7.643062512878941,0.318751319347759,80.01844417840888,Gun Hee Kim,sa3020912,,83,261,67,43,15,0,9,27,38,18,0,82,0,4,0,7,0,0,KBO_only
2024,Hae-min Park 박해민,Twins (KBO),34.0,553,0.08318264,0.182640144,0.455445544,0.263485477,0.335766423,0.358921161,0.694687584,0.095435684,7.728577202460936,0.315104166,1.9799888441339135,61.3411963667617,-13.402884698297012,0.3219681798759168,82.06829957996156,Hae-min Park,sa3012304,,144,482,127,99,16,6,6,72,56,46,0,101,11,9,5,3,43,13,KBO_only
2024,Hak-Ju Lee 이학주,Giants (KBO),33.0,105,0.057142857,0.419047619,0.136363636,0.263157894,0.320388349,0.389473684,0.709862033,0.12631579,4.9599753642857145,0.469387755,-0.5476815260481089,11.787095723657696,-2.404818402619276,0.3235166356401536,83.05501018945256,Hak-Ju Lee,sa502536,,43,95,25,19,2,2,2,13,4,6,0,44,2,0,2,0,0,1,KBO_only
2024,Hang Choi 최항,Giants (KBO),30.0,143,0.069930069,0.223776223,0.3125,0.25,0.307692307,0.287878787,0.595571094,0.037878787,3.667816494839597,0.33,-0.5810047630220652,11.121919108936057,-8.206116320184007,0.2834802586715538,57.54293626852276,Hang Choi,sa3012332,,72,132,33,29,3,1,0,17,12,10,0,32,1,0,0,3,0,1,KBO_only
2024,Henry Ramos 라모스,Bears (KBO),32.0,348,0.077586206,0.172413793,0.45,0.305466237,0.360230547,0.482315112,0.842545659,0.176848875,3.994521559337348,0.344129554,-1.0712411543354392,53.750580181567,6.714521934477625,0.3725109232987971,114.27526494504482,Henry Ramos,11481,,80,311,95,63,19,3,10,43,48,27,1,60,3,6,1,5,3,3,KBO_only
2024,Ho-cheol Seo 서호철,Dinos (KBO),27.0,567,0.052910052,0.178130511,0.297029702,0.28515625,0.342245989,0.392578125,0.734824114,0.107421875,3.153973032738095,0.336633663,-1.6455473229289057,70.3877540951633,-6.248582186732339,0.3373131380149174,91.84644975231092,Ho-cheol Seo,sa3014321,,141,512,146,114,19,3,10,68,61,30,0,101,16,3,6,15,1,3,KBO_only
2024,Ho-young Son 손호영,Giants (KBO),29.0,428,0.039719626,0.151869158,0.261538461,0.318181818,0.355971896,0.54040404,0.896375936,0.222222222,5.547721042102073,0.339622641,-0.7753461278043687,72.38134808203093,14.532402881587656,0.389531713513767,125.12129275863842,Ho-young Son,sa830429,,100,396,126,78,26,4,18,70,78,17,2,65,9,5,1,5,7,4,KBO_only
2024,Hoon Jung 정훈,Giants (KBO),36.0,325,0.107692307,0.193846153,0.555555555,0.266666666,0.342592592,0.431578947,0.774171539,0.164912281,1.5469896982755362,0.30875576,-0.4886644487269223,43.54012723230084,-0.387226015699306,0.3487252232469158,99.11848543773364,Hoon Jung,sa3012191,,109,285,76,47,20,0,9,31,47,35,0,63,0,4,1,3,1,1,KBO_only
2024,Hui-dong Kwon 권희동,Dinos (KBO),33.0,511,0.150684931,0.123287671,1.222222222,0.300480769,0.416502946,0.451923076,0.868426022,0.151442307,3.4721508295542423,0.323699421,0.3514179757330566,90.2780613041326,21.21074588958468,0.3983025268072218,130.71025095195313,Hui-dong Kwon,sa3012415,,123,416,125,89,22,1,13,66,77,77,1,63,10,6,2,10,4,0,KBO_only
2024,Hun Gon Kim 김헌곤,Lions (KBO),35.0,311,0.070739549,0.160771704,0.44,0.302491103,0.358306188,0.434163701,0.792469889,0.131672598,4.105387570647998,0.340807174,-0.392769425176084,44.605026355656335,2.5699283244931213,0.3597029965941214,106.11376788651206,Hun Gon Kim,sa3011906,,117,281,85,67,8,1,9,43,34,22,0,50,3,1,4,5,4,2,KBO_only
2024,Hyeon Joon Kim 김현준,Lions (KBO),21.0,205,0.053658536,0.23902439,0.224489795,0.224043715,0.278606965,0.289617486,0.568224451,0.065573771,5.3722424616014575,0.299270072,0.2846503395121544,12.857107083393498,-14.850915734575825,0.2659968372008101,46.402109482367514,Hyeon Joon Kim,sa3017998,,79,183,41,30,10,1,0,23,11,11,0,49,4,3,4,4,2,0,KBO_only
2024,Hyeseong Kim 김혜성,Heroes (KBO),25.0,567,0.082892416,0.109347442,0.758064516,0.326129666,0.382716049,0.457760314,0.840476363,0.131630648,6.555736898028599,0.349887133,2.683151022065431,90.46511168296608,13.828775401070445,0.378426294833158,118.0446718514874,Hyeseong Kim,35322,,127,509,166,125,26,4,11,90,75,47,2,62,4,7,0,6,30,6,KBO_to_MLB
2024,Hyoung-woo Choi 최형우,Tigers (KBO),40.0,487,0.10677618,0.176591375,0.604651162,0.28,0.361396303,0.498823529,0.860219832,0.218823529,2.951998685733874,0.301242236,-0.5988874633330852,77.39986665160521,11.57641732306344,0.3777081781292554,117.58707184317032,Hyoung-woo Choi,sa3012871,,116,425,119,72,23,2,22,67,109,52,4,86,5,5,0,5,1,1,KBO_only
2024,Hyun Bin Moon 문현빈,Eagles (KBO),20.0,289,0.083044982,0.183391003,0.452830188,0.276923076,0.340277777,0.411538461,0.751816238,0.134615385,3.4556457703248116,0.328431372,-1.982044740114361,36.56632046489684,-2.495233654094056,0.3400839093670197,93.61204716409138,Hyun Bin Moon,sa3020698,,103,260,72,49,16,2,5,29,47,24,1,53,2,2,1,9,3,5,KBO_only
2024,Hyun Soo Kim 김현수,Twins (KBO),36.0,583,0.080617495,0.130360205,0.618421052,0.294003868,0.357388316,0.41779497,0.775183286,0.123791102,3.852891007564238,0.325791855,0.308832818409428,79.71641032423454,0.9174966516681372,0.3519358238952295,101.1643519039877,Hyun Soo Kim,18718,,137,517,152,106,36,2,8,61,69,47,1,76,9,9,1,10,6,1,KBO_to_MLB
2024,Hyung-jong Lee 이형종,Heroes (KBO),35.0,126,0.174603174,0.214285714,0.814814814,0.215686274,0.36,0.362745098,0.722745098,0.147058824,3.6054843820766806,0.253521126,0.1051569439005106,15.87313666860269,-1.1571602829296752,0.3394455717455956,93.20528416960131,Hyung-jong Lee,sa3013195,,35,102,22,15,3,0,4,19,19,22,1,27,1,0,1,1,1,0,KBO_only
2024,Hyung-jun Kim 김형준,Dinos (KBO),24.0,414,0.108695652,0.347826086,0.3125,0.194915254,0.285012285,0.372881355,0.65789364,0.177966101,0.93538290875,0.261306532,-0.2230093551333993,37.23372868442203,-18.72296129918431,0.2975998620436291,66.54026300578253,Hyung-jun Kim,sa3012705,,119,354,69,40,12,0,17,39,50,45,0,144,2,6,7,6,0,0,KBO_only
2024,In Ho Choi 최인호,Eagles (KBO),24.0,244,0.102459016,0.12704918,0.806451612,0.285714285,0.366666666,0.395238095,0.761904761,0.10952381,5.869586165355628,0.324022346,0.4180038685444742,33.447126881627376,0.4678216738980376,0.352334709962209,101.4185310180167,In Ho Choi,sa3014330,,82,210,60,43,13,2,2,37,22,25,0,31,3,2,4,3,3,0,KBO_only
2024,In-hwan Kim 김인환,Eagles (KBO),30.0,143,0.069930069,0.223776223,0.3125,0.236641221,0.3006993,0.27480916,0.57550846,0.038167939,1.08035714,0.306122448,-0.1025330368429422,10.22690700542649,-9.101128423693574,0.2762133416595992,52.91229438672487,In-hwan Kim,sa3012607,,51,131,31,28,2,0,1,11,7,10,0,32,2,0,0,5,0,0,KBO_only
2024,Ja-wook Koo 구자욱,Lions (KBO),31.0,568,0.096830985,0.128521126,0.753424657,0.342799188,0.41696113,0.626774847,1.043735977,0.283975659,4.356106942951277,0.346055979,0.278544312575832,125.6347850695115,48.86328770069893,0.4499916168082227,163.64769396897162,Ja-wook Koo,sa3012300,,129,493,169,96,39,1,33,92,115,55,4,73,12,6,2,6,13,4,KBO_only
2024,Jae Hyeon Lee 이재현,Lions (KBO),21.0,458,0.126637554,0.181222707,0.69879518,0.259640102,0.36462882,0.419023136,0.783651956,0.159383034,3.4538948449589286,0.294915254,-0.4193940677214414,65.36194072914485,3.458162921193863,0.3588753170466267,105.58635198633984,Jae Hyeon Lee,sa3018058,,109,389,101,68,18,1,14,71,66,58,1,83,8,3,0,8,2,1,KBO_only
2024,Jae Sang Kim 김재상,Lions (KBO),19.0,91,0.054945054,0.252747252,0.217391304,0.238095238,0.277777777,0.357142857,0.634920634,0.119047619,6.403538645770862,0.3,0.7512968194205314,7.294459085027716,-5.005199824412324,0.2862473520967695,59.30619002311672,Jae Sang Kim,sa3020914,,35,84,20,14,4,0,2,13,12,5,0,23,0,1,1,0,4,0,KBO_only
2024,Jae Sang Lee 이재상,Heroes (KBO),19.0,89,0.02247191,0.370786516,0.06060606,0.19047619,0.227272727,0.238095238,0.465367965,0.047619048,1.72373949,0.3,-0.046139866579324,1.9796566233739297,-10.049680112232265,0.2190035012635317,16.456905870082196,Jae Sang Lee,sa3023384,,36,84,16,14,1,0,1,7,5,2,0,33,2,0,1,0,0,0,KBO_only
2024,Jae Young Jang 장재영,Heroes (KBO),22.0,139,0.122302158,0.460431654,0.265625,0.168067226,0.287769784,0.294117647,0.581887431,0.126050421,1.41179653375,0.31372549,-0.0845897553954273,10.29238816196902,-8.495002919483351,0.2791498264820455,54.78348812427745,Jae Young Jang,sa3014751,,38,119,20,13,3,0,4,14,13,17,0,64,3,0,0,2,0,0,KBO_only
2024,Jae-Gyun Hwang 황재균,Wiz (KBO),36.0,536,0.063432835,0.177238805,0.357894736,0.259634888,0.308851224,0.383367139,0.692218363,0.123732251,2.4036066144227157,0.297157622,-2.4014993889722973,55.903837015378,-16.54250557209301,0.3142747141547122,77.16585133042464,Jae-Gyun Hwang,19369,,137,493,128,93,22,0,13,60,58,34,0,95,2,2,5,16,4,6,KBO_only
2024,Jae-Hoon Ha 하재훈,Landers (KBO),33.0,317,0.056782334,0.283911671,0.2,0.248275862,0.292063492,0.417241379,0.709304871,0.168965517,5.610502577841191,0.317948717,1.8815670593176037,32.922298162984966,-9.92376638967979,0.3137610891508677,76.83855800225976,Jae-Hoon Ha,sa502535,,107,290,72,43,19,0,10,40,36,18,0,90,2,5,2,5,15,2,KBO_only
2024,Jae-hoon Choi 최재훈,Eagles (KBO),34.0,348,0.094827586,0.166666666,0.568965517,0.257142857,0.370588235,0.335714285,0.70630252,0.078571428,1.3742927775,0.303571428,-0.2870925031602382,43.78854528579908,-3.2475129612903064,0.3392735921284732,93.09569491510004,Jae-hoon Choi,sa3013205,,116,280,72,58,10,0,4,34,37,33,0,58,21,6,8,10,0,0,KBO_only
2024,Jae-hwan Chun 천재환,Dinos (KBO),30.0,236,0.055084745,0.220338983,0.25,0.28372093,0.334763948,0.404651162,0.73941511,0.120930232,5.7994654065632645,0.352201257,0.481567038455978,29.120676080193505,-2.777340432200448,0.3364447009921585,91.29306227827266,Jae-hwan Chun,sa3019748,,89,215,61,46,9,1,5,31,33,13,0,52,4,1,3,7,8,2,KBO_only
2024,Jae-hwan Kim 김재환,Bears (KBO),35.0,552,0.114130434,0.304347826,0.375,0.282700421,0.367753623,0.525316455,0.893070078,0.242616034,1.8522721746353368,0.367132867,-0.6450273299124092,93.33494626763546,18.726026289493667,0.3894965892932454,125.0989108205558,Jae-hwan Kim,sa3013200,,136,474,134,77,28,0,29,78,92,63,3,168,6,9,0,8,1,1,KBO_only
2024,Jae-hyun Kim 김재현,Heroes (KBO),31.0,326,0.042944785,0.193251533,0.222222222,0.243055555,0.297468354,0.28125,0.578718354,0.038194445,2.2410147475377835,0.305676855,-0.4912277746479958,22.99756453868085,-21.064949796236217,0.2750846036250078,52.193037292146926,Jae-hyun Kim,sa3012294,,110,288,70,59,11,0,0,27,26,14,0,63,10,4,10,8,1,1,KBO_only
2024,Jae-il Oh 오재일,Wiz (KBO),37.0,272,0.110294117,0.257352941,0.428571428,0.245689655,0.327205882,0.405172413,0.732378295,0.159482758,1.02102169625,0.302469135,-0.1743061626330018,32.00753803349653,-4.756277607906666,0.3298058084705296,87.06261163340679,Jae-il Oh,sa3013047,,83,232,57,36,13,0,8,27,37,30,0,70,2,8,0,3,0,0,KBO_only
2024,Jae-won Lee 이재원,Eagles (KBO),36.0,152,0.046052631,0.138157894,0.333333333,0.23880597,0.286666666,0.291044776,0.577711442,0.052238806,0.99812029625,0.264957264,-0.0948430590797215,9.579422776039175,-10.965062435333198,0.266350872964667,46.627708981174656,Jae-won Lee,sa3013147,,72,134,32,27,4,0,1,10,16,7,1,21,4,5,2,4,0,0,KBO_only
2024,Jaeho Kim 김재호,Bears (KBO),39.0,154,0.123376623,0.149350649,0.826086956,0.301587301,0.394557823,0.365079365,0.759637188,0.063492064,1.6383928525,0.3592233,-0.1332929478958249,22.178654290586387,1.3638469053801652,0.3603911768822443,106.5522917418371,Jaeho Kim,sa3012016,,57,126,38,32,5,0,1,20,11,19,0,23,1,1,7,4,0,0,KBO_only
2024,Jared Young 제러드,Bears (KBO),28.0,169,0.124260355,0.207100591,0.6,0.326388888,0.420118343,0.659722222,1.079840565,0.333333334,5.844597092785046,0.37,0.6872136713936925,39.31715886944801,16.474935180487932,0.4632950178264866,172.12491833030455,Jared Young,20404,,38,144,47,20,16,1,10,29,39,21,0,35,3,1,0,0,4,0,KBO_only
2024,Jeong Choi 최정,Landers (KBO),37.0,550,0.1,0.207272727,0.48245614,0.29059829,0.383636363,0.594017094,0.977653457,0.303418804,4.550993434681019,0.305555555,0.1524093560874462,108.18326397302128,33.84466616871333,0.4215557379800765,145.52771664836544,Jeong Choi,sa3012034,,129,468,136,70,27,2,37,93,107,55,1,114,20,7,0,10,5,1,KBO_only
2024,Jeong-bin Yoon 윤정빈,Lions (KBO),25.0,188,0.117021276,0.25,0.468085106,0.285714285,0.377659574,0.453416149,0.831075723,0.167701864,3.5262257416515155,0.357798165,-1.3866514049004763,29.69115978907187,4.280875448690248,0.3765468052093019,116.84701907049168,Jeong-bin Yoon,sa3018198,,69,161,46,34,4,1,7,26,20,22,0,47,3,2,0,1,1,3,KBO_only
2024,Jeong-hun Lee 이정훈,Giants (KBO),29.0,116,0.112068965,0.181034482,0.619047619,0.3,0.373913043,0.38,0.753913043,0.08,0.97134550875,0.37037037,-0.0871530813165009,15.365284296985118,-0.3134017853780103,0.3469716927461457,98.00109662422189,Jeong-hun Lee,sa3012655,,65,100,30,22,8,0,0,10,18,13,1,21,0,2,1,4,0,0,KBO_only
2024,Jeong-won Choi 최정원,Dinos (KBO),24.0,155,0.109677419,0.219354838,0.5,0.282442748,0.376623376,0.34351145,0.720134826,0.061068702,5.422293208515953,0.367346938,-0.168708105571568,20.055267636985395,-0.8947008351377523,0.3434066083524134,95.72934519530052,Jeong-won Choi,sa3014290,,65,131,37,31,5,0,1,33,14,17,0,34,4,2,1,1,7,3,KBO_only
2024,Ji Hwan Park 박지환,Landers (KBO),18.0,249,0.048192771,0.244979919,0.196721311,0.276315789,0.31707317,0.385964912,0.703038082,0.109649123,6.2813550158399565,0.355421686,0.0030953122768551,26.86295336510176,-6.792157277212199,0.3184373063769767,79.81834809756191,Ji Hwan Park,sa3023390,,76,228,63,48,9,2,4,33,21,12,0,61,3,3,3,3,8,3,KBO_only
2024,Ji-chan Kim 김지찬,Lions (KBO),23.0,535,0.112149532,0.074766355,1.5,0.315673289,0.405353728,0.38410596,0.789459688,0.068432671,7.545003768571707,0.340632603,6.004207947291434,82.16429781056566,9.853116310011568,0.3714920132494247,113.6259926964906,Ji-chan Kim,sa3014279,,135,453,143,121,16,3,3,102,36,60,2,40,9,1,12,5,42,4,KBO_only
2024,Ji-hoon Choi 최지훈,Landers (KBO),26.0,543,0.092081031,0.130755064,0.704225352,0.275362318,0.344506517,0.418219461,0.762725978,0.142857143,8.031390037898504,0.302729528,3.6359592059161514,71.64297860384511,-1.74949159204437,0.346367751752864,97.61625192969407,Ji-hoon Choi,sa3014282,,125,483,133,93,22,7,11,89,49,50,0,71,2,2,6,5,32,5,KBO_only
2024,Ji-hwan Oh 오지환,Twins (KBO),34.0,428,0.119158878,0.247663551,0.481132075,0.254054054,0.349765258,0.41081081,0.760576068,0.156756756,6.2632133812498765,0.329411764,1.1964573168661443,57.280901602466614,-0.568043597976656,0.3485676199897354,99.01805712099258,Ji-hwan Oh,sa3013245,,108,370,94,58,24,2,10,67,59,51,0,106,4,1,2,9,17,4,KBO_only
2024,Ji-hyuk Ryu 류지혁,Lions (KBO),30.0,348,0.094827586,0.201149425,0.471428571,0.258278145,0.341107871,0.324503311,0.665611182,0.066225166,5.179143884234863,0.324675324,0.0195272322744131,36.94585481494955,-10.09020343213984,0.3164436410536919,78.54794000990884,Ji-hyuk Ryu,sa3012288,,100,302,78,65,9,1,3,43,36,33,0,70,6,2,5,6,11,4,KBO_only
2024,Ji-young Lee 이지영,Landers (KBO),38.0,432,0.041666666,0.081018518,0.514285714,0.278894472,0.32,0.349246231,0.669246231,0.070351759,4.521767487901191,0.294444444,0.8164925130549818,43.241370365069734,-15.148219183041228,0.3093954007765826,74.05664382935998,Ji-young Lee,sa3013276,,123,398,111,94,11,1,5,45,50,18,0,35,7,2,7,10,8,1,KBO_only
2024,Jin-hyuk Jang 장진혁,Eagles (KBO),30.0,327,0.088685015,0.220183486,0.402777777,0.262975778,0.335403726,0.411764705,0.747168431,0.148788927,5.503205120113561,0.320574162,-0.2835863668005913,41.31582773774552,-2.8818476840884686,0.3398761208753408,93.47963969465955,Jin-hyuk Jang,sa3012604,,99,289,76,51,16,0,9,56,44,29,0,72,3,1,5,7,14,6,KBO_only
2024,Jin-hyuk No 노진혁,Giants (KBO),34.0,157,0.095541401,0.248407643,0.384615384,0.218978102,0.296774193,0.306569343,0.603343536,0.087591241,1.11669434625,0.285714285,-0.0948430590797215,11.832653576584084,-9.387637069372907,0.2806839006287711,55.76103444576763,Jin-hyuk No,sa3012348,,73,137,30,22,6,0,2,13,13,15,1,39,1,2,2,1,0,0,KBO_only
2024,Jin-young Lee 이진영,Eagles (KBO),26.0,103,0.077669902,0.262135922,0.296296296,0.204301075,0.281553398,0.301075268,0.582628666,0.096774193,3.298595706249925,0.276923076,-0.5348648964427412,7.2162106623733795,-6.705381290069743,0.2745222073156856,51.83466579845414,Jin-young Lee,sa3012598,,42,93,19,12,6,0,1,20,13,8,0,27,2,0,0,3,0,1,KBO_only
2024,Jong Pyo Hong 홍종표,Tigers (KBO),24.0,115,0.052173913,0.269565217,0.193548387,0.295238095,0.339285714,0.39047619,0.729761904,0.095238095,8.066822240684886,0.418918918,-0.0364065410103648,13.912966020357134,-1.6305589750890728,0.3336460856454713,89.50972205103554,Jong Pyo Hong,sa3014355,,100,105,31,24,4,3,0,27,11,6,0,31,1,0,3,0,5,2,KBO_only
2024,Joo-hwan Choi 최주환,Heroes (KBO),36.0,544,0.086397058,0.169117647,0.510869565,0.25726141,0.325367647,0.390041493,0.71540914,0.132780083,1.6075750689576287,0.287564766,-0.8322107032872736,61.20322487660766,-12.324406406198728,0.3238044334953561,83.23840141293842,Joo-hwan Choi,sa3013103,,130,482,124,87,23,1,13,49,84,47,2,92,6,9,0,12,0,1,KBO_only
2024,Ju Hyoung Lee 이주형,Heroes (KBO),23.0,537,0.091247672,0.221601489,0.411764705,0.266384778,0.351955307,0.401691331,0.753646638,0.135306553,5.566955564125253,0.330409356,0.8078111519571394,70.92114899826049,-1.6603546761274453,0.3465186807869085,97.71242728233344,Ju Hyoung Lee,sa3014742,,115,473,126,91,19,3,13,82,60,49,1,119,14,1,0,4,6,0,KBO_only
2024,Ju Won Kim 김주원,Dinos (KBO),21.0,475,0.107368421,0.23368421,0.459459459,0.251948051,0.371244635,0.379220779,0.750465414,0.127272728,5.584590358554511,0.325925925,-0.0373859161045402,64.97441423221778,0.7728979466791173,0.3519978282272175,101.20386244966804,Ju Won Kim,sa3015141,,134,385,97,68,18,2,9,61,49,51,1,111,25,5,9,5,16,6,KBO_only
2024,Ju-hyeong An 안주형,Lions (KBO),30.0,166,0.06626506,0.234939759,0.282051282,0.218309859,0.279220779,0.232394366,0.511615145,0.014084507,4.926047481677535,0.300970873,-0.2620398032013327,8.05042964701563,-14.386310781193677,0.2494852651249278,35.88056684425502,Ju-hyeong An,sa3012586,,82,142,31,29,2,0,0,24,8,11,0,39,1,0,12,3,4,2,KBO_only
2024,Ju-suk Ha 하주석,Eagles (KBO),30.0,151,0.066225165,0.218543046,0.303030303,0.291970802,0.348993288,0.394160583,0.743153871,0.102189781,3.528801364687909,0.378640776,-0.8620398121420294,19.339266998869007,-1.0700571255864435,0.3418807251341391,94.75701831642604,Ju-suk Ha,sa3012320,,64,137,40,29,9,1,1,16,11,10,0,33,2,0,2,1,1,2,KBO_only
2024,Jun Jae Jeong 정준재,Landers (KBO),21.0,240,0.079166666,0.204166666,0.387755102,0.306976744,0.371308016,0.404651162,0.775959178,0.097674418,8.332558512815025,0.393939393,0.6179552986286581,34.06044225968234,1.6217813996206965,0.357954414836465,104.99953252268016,Jun Jae Jeong,sa3023563,,88,215,66,52,8,5,1,40,23,19,0,49,3,0,3,3,16,5,KBO_only
2024,Jun-su Han 한준수,Tigers (KBO),25.0,316,0.066455696,0.151898734,0.4375,0.306620209,0.351265822,0.456445993,0.807711815,0.149825784,1.4786414525,0.340336134,-0.207629399606958,45.10650834397414,2.395604878226306,0.3589106762219989,105.60888364290273,Jun-su Han,sa3014211,,115,287,88,59,22,0,7,39,41,21,1,48,2,6,0,7,0,0,KBO_only
2024,Jun-young Park 박준영,Bears (KBO),26.0,212,0.099056603,0.273584905,0.362068965,0.225806451,0.312796208,0.40860215,0.721398358,0.182795699,5.557120078171183,0.286885245,0.2769603617489338,24.212264514685955,-4.4418859117018314,0.3257815761588761,84.49828089263023,Jun-young Park,sa3012619,,65,186,42,24,9,2,7,25,28,21,0,58,3,1,1,3,2,0,KBO_only
2024,Jung-dae Bae 배정대,Wiz (KBO),28.0,473,0.105708245,0.241014799,0.438596491,0.274752475,0.354838709,0.393564356,0.748403065,0.118811881,3.4830075659545403,0.358620689,-1.8850977520924064,61.15887195314307,-2.772322158561757,0.3433034095013964,95.66358458170237,Jung-dae Bae,sa3012441,,113,404,111,78,25,1,7,49,59,50,1,114,4,7,8,5,9,7,KBO_only
2024,Junwoo Jeon 전준우,Giants (KBO),38.0,483,0.101449275,0.173913043,0.583333333,0.293144208,0.369294605,0.484633569,0.853928174,0.191489361,3.4189769027218833,0.327217125,-0.2193940647412091,78.11057431222511,12.827769331351035,0.3809448282748337,119.64953763109474,Junwoo Jeon,sa3012061,,109,423,124,79,26,2,17,57,82,49,0,84,5,5,1,11,3,1,KBO_only
2024,Kang-min Kim 김강민,Eagles (KBO),41.0,87,0.091954022,0.24137931,0.38095238,0.22368421,0.32183908,0.263157894,0.584996974,0.039473684,0.5595238025,0.296296296,-0.069209799868986,7.1500025063133545,-4.609012055458992,0.2885985662197244,60.80443619448745,Kang-min Kim,sa3012834,,41,76,17,16,0,0,1,5,7,8,0,21,3,0,0,1,0,0,KBO_only
2024,Kang-nam Yoo 유강남,Giants (KBO),31.0,155,0.058064516,0.161290322,0.36,0.19117647,0.274509803,0.323529411,0.598039214,0.132352941,0.76785714,0.196261682,-0.0871530813165009,11.329076607956967,-9.62089186416618,0.2780408434618532,54.07681936625291,Kang-nam Yoo,sa3012221,,52,136,26,18,3,0,5,11,20,9,0,25,7,1,2,4,0,0,KBO_only
2024,Ki-yeon Kim 김기연,Bears (KBO),26.0,283,0.077738515,0.166077738,0.468085106,0.277777777,0.336917562,0.376984126,0.713901688,0.099206349,1.8184039189467,0.320197044,-1.1594462001230568,32.92991190310179,-5.320675694387569,0.328279400598191,86.08995043324042,Ki-yeon Kim,sa3012571,,95,252,70,55,10,0,5,31,31,22,0,47,2,3,4,5,0,2,KBO_only
2024,Kun-woo Park 박건우,Dinos (KBO),33.0,362,0.09116022,0.14917127,0.611111111,0.34365325,0.408839779,0.541795665,0.950635444,0.198142415,4.495103352076012,0.379844961,0.5231608124449849,70.64781090470977,21.719497440783453,0.4197710095009764,144.39044778601806,Kun-woo Park,sa3013255,,89,323,111,74,23,1,13,58,53,33,3,54,4,2,0,7,4,0,KBO_only
2024,Kyoung-min Hur 허경민,Bears (KBO),33.0,477,0.075471698,0.052410901,1.44,0.309352517,0.383647798,0.426858513,0.810506311,0.117505996,3.787620753588741,0.31202046,0.142156052403152,73.52449052277012,9.052652063397604,0.3721436811942974,114.04125007091616,Kyoung-min Hur,sa3012064,,115,417,129,94,28,0,7,69,61,36,0,25,18,6,0,8,5,1,KBO_only
2024,Lewin Díaz 디아즈,Lions (KBO),27.0,118,0.050847457,0.211864406,0.24,0.281818181,0.330508474,0.518181818,0.848690292,0.236363637,0.97619047125,0.307692307,-0.069209799868986,18.132868867628268,2.1838606114312924,0.3715968036045462,113.69276745206244,Lewin Diaz,18365,,29,110,31,19,5,0,7,14,19,6,0,25,2,0,0,2,0,0,KBO_only
2024,Matt Davidson 데이비슨,Dinos (KBO),33.0,567,0.068783068,0.250440917,0.274647887,0.305555555,0.37037037,0.632936507,1.003306877,0.327380952,2.0704236184253246,0.334365325,-0.8193940736819059,113.28057928950304,36.6442430076074,0.4251463820501578,147.81575527412593,Matt Davidson,7226,,131,504,154,82,25,1,46,90,119,39,5,142,17,7,0,12,0,1,KBO_only
2024,Mel Rojas Jr. 로하스,Wiz (KBO),34.0,670,0.131343283,0.171641791,0.765217391,0.328671328,0.420895522,0.568181818,0.98907734,0.23951049,2.727856075951607,0.363636363,-0.5937002303544432,137.95530206655727,47.3973738322185,0.4322452097004012,152.339286859089,Mel Rojas Jr.,sa548194,,144,572,188,116,39,1,32,108,112,88,9,115,6,4,0,10,2,1,KBO_only
2024,Min Suk Kim 김민석,Giants (KBO),20.0,83,0.024096385,0.240963855,0.1,0.210526315,0.268292682,0.276315789,0.544608471,0.065789474,7.8457750572543805,0.285714285,0.0753884161822497,4.614574648978249,-6.603795565126403,0.2577296786191987,41.13409132439245,Min Suk Kim,sa3020694,,41,76,16,12,3,1,0,14,6,2,0,20,4,0,1,4,3,1,KBO_only
2024,Min-hyuck Kim 김민혁,Wiz (KBO),28.0,393,0.089058524,0.114503816,0.777777777,0.353276353,0.41025641,0.418803418,0.829059828,0.065527065,3.999016220824571,0.399350649,-0.5183723953086883,64.27181664176936,11.153509483418423,0.3830601795167114,120.99748670485432,Min-hyuck Kim,sa3012419,,115,351,124,106,14,3,1,47,34,35,1,45,1,3,3,9,4,2,KBO_only
2024,Min-jae Jeon 전민재,Bears (KBO),25.0,276,0.061594202,0.192028985,0.320754716,0.245967741,0.301470588,0.298387096,0.599857684,0.052419355,5.275892303697586,0.301020408,-0.2225379499141127,20.825393503431112,-16.47906648563978,0.2807850342835007,55.82547907014963,Min-jae Jeon,sa3012673,,100,248,61,53,5,1,2,34,32,17,1,53,4,3,4,8,7,3,KBO_only
2024,Min-jae Shin 신민재,Twins (KBO),28.0,474,0.135021097,0.099156118,1.361702127,0.297157622,0.400871459,0.356589147,0.757460606,0.059431525,7.479575943614331,0.335276967,0.7112990044988692,68.50008638560928,4.43373118698752,0.3609690568592871,106.92052977454678,Min-jae Shin,sa3012520,,128,387,115,98,11,6,0,78,40,64,1,47,5,3,15,7,32,11,KBO_only
2024,Min-sik Kim 김민식,Landers (KBO),35.0,126,0.126984126,0.261904761,0.484848484,0.207547169,0.311475409,0.283018867,0.594494276,0.075471698,1.03812740875,0.291666666,-0.0820264294743537,10.286031379861432,-6.744265571670931,0.287961410694435,60.39842645806542,Min-sik Kim,sa3012328,,45,106,22,16,5,0,1,10,10,16,0,33,0,0,4,2,0,0,KBO_only
2024,Min-sung Kim 김민성,Giants (KBO),35.0,84,0.119047619,0.214285714,0.555555555,0.2,0.321428571,0.357142857,0.678571428,0.157142857,1.3775622920940462,0.235294117,-0.529738244600594,8.944128511192652,-2.409402789828924,0.3168052796806608,78.77838422295864,Min-sung Kim,sa3013175,,35,70,14,7,5,0,2,6,8,10,0,18,3,1,0,1,0,1,KBO_only
2024,Min-woo Park 박민우,Dinos (KBO),31.0,528,0.102272727,0.149621212,0.683544303,0.328227571,0.406488549,0.446389496,0.852878045,0.118161925,5.8174893655328646,0.379679144,2.607242627767846,88.91583778828269,17.55078389614707,0.3887026055501058,124.59296663977037,Min-woo Park,sa3012337,,121,457,150,114,26,2,8,75,50,54,4,79,9,4,4,5,32,7,KBO_only
2024,Minho Kang 강민호,Lions (KBO),38.0,452,0.077433628,0.115044247,0.673076923,0.302729528,0.365044247,0.496277915,0.861322162,0.193548387,2.9367516484379927,0.304733727,0.2821475947275758,72.84771059978134,11.754899313331906,0.3803037865956624,119.24105155059246,Minho Kang,sa3012023,,136,403,122,83,19,1,19,48,77,35,2,52,8,6,0,17,3,0,KBO_only
2024,Myeong Jun Ko 고명준,Landers (KBO),21.0,366,0.06830601,0.245901639,0.277777777,0.25,0.303278688,0.385294117,0.688572805,0.135294117,1.9256699627811709,0.30962343,-1.5368962509091944,37.544756213542655,-11.924201598051356,0.3122812753818074,75.89558760573549,Myeong Jun Ko,sa3014774,,106,340,85,61,13,0,11,33,45,25,0,90,1,0,0,4,3,4,KBO_only
2024,Ronnie Dawson 도슨,Heroes (KBO),29.0,429,0.09090909,0.125874125,0.722222222,0.329842931,0.398601398,0.507853403,0.906454801,0.178010472,3.679745916480022,0.360501567,-0.882485838374123,78.67943725471589,20.695330967355694,0.4061194759704572,135.69138560969253,Ronnie Dawson,19710,,95,382,126,82,31,2,11,69,57,39,0,54,6,2,0,10,2,2,KBO_only
2024,Sang-chul Moon 문상철,Wiz (KBO),33.0,403,0.111662531,0.213399503,0.523255813,0.256484149,0.350746268,0.435158501,0.785904769,0.178674352,3.480325208311557,0.291497975,0.4369991144631058,55.90534989852448,1.4354318710043104,0.3542441588640213,102.63527452029406,Sang-chul Moon,sa3012421,,125,347,89,61,11,0,17,50,58,45,2,86,7,3,1,8,6,1,KBO_only
2024,Sang-kwon Byeon 변상권,Heroes (KBO),27.0,232,0.047413793,0.219827586,0.215686274,0.251141552,0.288793103,0.342465753,0.631258856,0.091324201,1.644906315,0.304878048,-0.1486729034222662,19.035838379984423,-12.321533784741831,0.2884442495374844,60.706102156729,Sang-kwon Byeon,sa3014307,,77,219,55,46,3,1,5,16,21,11,0,51,1,1,0,4,0,0,KBO_only
2024,Sang-soo Kim 김상수,Wiz (KBO),34.0,420,0.088095238,0.14047619,0.627118644,0.276422764,0.351089588,0.379403794,0.730493382,0.10298103,5.0446058095284165,0.319218241,-0.6619792280253023,52.69166840413101,-4.07598810097687,0.338840746562071,92.81987604929556,Sang-soo Kim,sa3012065,,113,369,102,76,18,4,4,60,45,37,0,59,6,1,7,12,3,2,KBO_only
2024,Sei-hyok Park 박세혁,Dinos (KBO),34.0,171,0.081871345,0.251461988,0.325581395,0.263513513,0.337349397,0.344594594,0.681943991,0.081081081,4.917329325436631,0.361904761,0.6820870195515454,18.673792532165717,-4.4387533306282085,0.3199700522853667,80.79504803590844,Sei-hyok Park,sa3012290,,82,148,39,29,9,0,1,21,10,14,0,43,3,1,5,3,4,0,KBO_only
2024,Seong Bin Hwang 황성빈,Giants (KBO),26.0,406,0.076354679,0.137931034,0.553571428,0.319672131,0.375,0.437158469,0.812158469,0.117486338,9.533517570237157,0.368078175,5.0999938019085675,61.70975209800021,6.834350809729254,0.3696532736718654,112.45430675545698,Seong Bin Hwang,sa3018222,,125,366,117,90,15,8,4,94,26,31,0,56,2,1,6,3,51,10,KBO_only
2024,Seong Ho Cheon 천성호,Wiz (KBO),26.0,255,0.070588235,0.16862745,0.418604651,0.294871794,0.346456692,0.367521367,0.713978059,0.072649573,7.270935869115425,0.356020942,1.2051872508600354,30.199669081391885,-4.2664080824236095,0.3306827655458075,87.62142827527022,Seong Ho Cheon,sa3014323,,75,234,69,57,8,3,1,41,17,18,0,43,1,1,1,5,7,0,KBO_only
2024,Seong-han Park 박성한,Landers (KBO),26.0,564,0.113475177,0.152482269,0.744186046,0.300613496,0.379679144,0.411042944,0.790722088,0.110429448,4.066307984828,0.343358395,0.7134394980967045,82.19038621010323,5.95953318895836,0.3623770654842417,107.81774432893374,Seong-han Park,sa3012661,,137,489,147,113,24,0,10,78,66,64,3,86,2,6,3,12,13,3,KBO_only
2024,Seong-uk Kim 김성욱,Dinos (KBO),31.0,412,0.075242718,0.191747572,0.392405063,0.203910614,0.290953545,0.379888268,0.670841813,0.175977654,5.834057135409861,0.209737827,-0.1497128596529364,39.37293918444379,-16.3134286253287,0.3041353273799775,70.70480753735596,Seong-uk Kim,sa3012349,,129,358,73,46,8,2,17,55,60,31,0,79,15,5,3,7,10,4,KBO_only
2024,Seong-yoon Kim 김성윤,Lions (KBO),25.0,89,0.101123595,0.17977528,0.5625,0.243243243,0.325581395,0.297297297,0.622878692,0.054054054,5.408177954597183,0.3,0.0600084606558084,7.987354389303833,-4.041982346302361,0.2973781124103901,66.39895918502049,Seong-yoon Kim,sa3012644,,32,74,18,14,4,0,0,15,6,9,0,16,1,2,3,1,3,1,KBO_only
2024,Seoung Bin Son 손성빈,Giants (KBO),22.0,171,0.076023391,0.222222222,0.342105263,0.197368421,0.270588235,0.381578947,0.652167182,0.184210526,4.5583976775,0.218181818,-0.0820264294743537,14.475468541422352,-8.637077321371569,0.2914639939280117,62.63035075129759,Seoung Bin Son,sa3017864,,86,152,30,16,6,2,6,24,21,13,0,38,3,2,1,3,0,0,KBO_only
2024,Seung Yeup Na 나승엽,Giants (KBO),22.0,489,0.141104294,0.169734151,0.831325301,0.312039312,0.410677618,0.469287469,0.879965087,0.157248157,3.4551610148574037,0.37037037,-0.1921888629440218,86.5706055290383,20.47683402666271,0.3987281824090353,130.98148821167922,Seung Yeup Na,sa3015054,,121,407,127,81,35,4,7,59,66,69,1,83,4,7,2,4,1,0,KBO_only
2024,Seung-ho Kang 강승호,Bears (KBO),30.0,566,0.056537102,0.279151943,0.202531645,0.280230326,0.328014184,0.476007677,0.804021861,0.195777351,6.99705753941868,0.366762177,0.4949156544171273,77.33416152220558,0.8329863272268663,0.3518173446612698,101.08885428897509,Seung-ho Kang,sa3012361,,140,521,146,87,34,7,18,81,81,32,4,158,7,4,2,8,16,5,KBO_only
2024,Seung-min Go 고승민,Giants (KBO),23.0,532,0.077067669,0.146616541,0.525641025,0.307692307,0.357815442,0.476091476,0.833906918,0.168399169,4.864183631623546,0.337531486,-1.280442496528849,81.1583459400878,9.252647700284482,0.3703020995170608,112.86775308046823,Seung-min Go,sa3012726,,120,481,148,101,27,6,14,79,87,41,0,78,1,8,1,10,5,4,KBO_only
2024,Seung-wook Park 박승욱,Giants (KBO),31.0,468,0.10042735,0.256410256,0.391666666,0.261728395,0.350537634,0.365432098,0.715969732,0.103703703,3.162169886810575,0.352313167,-1.9332809664774688,56.04839510818936,-7.206993568930851,0.3322286720657761,88.60651444935685,Seung-wook Park,sa3012327,,139,405,106,79,19,1,7,57,53,47,3,120,10,3,3,7,4,5,KBO_only
2024,Shin-Soo Choo 추신수,Landers (KBO),41.0,302,0.122516556,0.225165562,0.544117647,0.280632411,0.373333333,0.403162055,0.776495388,0.122529644,4.599266173798447,0.354838709,0.2857023039832711,42.80797606820075,1.9893278192898491,0.3577567497889201,104.87357593803446,Shin-Soo Choo,3174,,78,253,71,51,14,1,5,40,37,37,0,68,4,6,2,2,5,1,KBO_only
2024,Si Won Park 박시원,Dinos (KBO),23.0,158,0.088607594,0.29113924,0.304347826,0.234042553,0.301282051,0.326241134,0.627523185,0.092198581,5.861464028586784,0.329787234,0.500030298018828,13.440478441053108,-7.914973291820811,0.29194520566708,62.936989622950726,Si Won Park,sa3014404,,55,141,33,25,5,1,2,17,17,14,0,46,0,1,2,2,3,0,KBO_only
2024,Si-hwan Roh 노시환,Eagles (KBO),23.0,601,0.09983361,0.214642262,0.465116279,0.271863117,0.356073211,0.454372623,0.810445834,0.182509506,4.518173544679377,0.315649867,0.792431196430698,85.9200996332776,4.68828639620657,0.3591658569671012,105.77149051508184,Si-hwan Roh,sa3012734,,136,526,143,97,20,2,24,88,89,60,9,129,11,4,0,10,6,0,KBO_only
2024,Soo Jong Park 박수종,Heroes (KBO),25.0,148,0.087837837,0.114864864,0.764705882,0.255813953,0.333333333,0.310077519,0.643410852,0.054263566,6.6843524430335055,0.294642857,0.4923403202556073,14.546801737402928,-5.457039126301753,0.307297858926985,72.72004329826927,Soo Jong Park,sa3023318,,80,129,33,27,5,1,0,23,6,13,0,17,2,0,4,4,3,0,KBO_only
2024,Soo-bin Jung 정수빈,Bears (KBO),33.0,608,0.116776315,0.118421052,0.986111111,0.284313725,0.37625418,0.360784313,0.737038493,0.076470588,6.975058990697816,0.319004524,3.6774558341130614,80.54575377885523,-1.632187066634259,0.3469916878633163,98.01383795962582,Soo-bin Jung,sa3013258,,136,510,145,117,21,3,4,95,47,71,1,72,9,8,10,8,52,13,KBO_only
2024,Soo-haeng Jo 조수행,Bears (KBO),30.0,382,0.086387434,0.138743455,0.622641509,0.265243902,0.33423913,0.292682926,0.626922056,0.027439024,8.310284692986633,0.311827956,8.677443900378421,34.992563029944385,-16.6389721723204,0.2995353904666952,67.77362496168709,Soo-haeng Jo,sa3012578,,130,328,87,80,5,2,0,60,30,33,1,53,3,4,14,2,64,8,KBO_only
2024,Suk-hwan Yang 양석환,Bears (KBO),32.0,593,0.082630691,0.215851602,0.3828125,0.245778611,0.315878378,0.487804878,0.803683256,0.242026267,3.5642757598012977,0.259358288,-0.7583942296914756,80.85290632157444,0.7023817798387754,0.3514838253987823,100.87632836323242,Suk-hwan Yang,sa3012438,,142,533,131,71,25,1,34,83,107,49,1,128,7,3,1,15,5,3,KBO_only
2024,Sun-bin Kim 김선빈,Tigers (KBO),34.0,466,0.064377682,0.083690987,0.769230769,0.3286052,0.379912663,0.44680851,0.826721173,0.11820331,2.8504498287143742,0.346666666,0.1575360079295933,73.69285148744491,10.70778498415854,0.3767876863219332,117.0005138973694,Sun-bin Kim,sa3013220,,116,423,139,107,23,0,9,48,57,30,0,39,5,0,7,13,5,1,KBO_only
2024,Sung Jun Won 원성준,Heroes (KBO),24.0,125,0.08,0.288,0.277777777,0.25,0.306451612,0.348214285,0.654665897,0.098214285,3.813435594543462,0.342105263,0.3205369024071842,11.552415519268765,-5.342720345346678,0.3004825379579298,68.37716850483412,Sung Jun Won,sa3024193,,51,112,28,21,5,0,2,12,11,10,0,36,0,2,1,2,2,0,KBO_only
2024,Sung-Mun Song 송성문,Heroes (KBO),27.0,602,0.106312292,0.136212624,0.780487804,0.339658444,0.408637873,0.518026565,0.926664438,0.178368121,6.018380199427436,0.368663594,3.7078414857387543,113.47084038919417,32.103866065206205,0.4120267723997434,139.4556468787627,Sung-Mun Song,37122,,142,527,179,127,29,4,19,88,104,64,2,82,3,8,0,5,21,0,KBO_to_MLB
2024,Sung-bum Na 나성범,Tigers (KBO),34.0,424,0.089622641,0.231132075,0.387755102,0.29144385,0.356973995,0.510695187,0.867669182,0.219251337,1.7559523775,0.335877862,-0.2845291772391647,68.23479462542313,10.926493772647571,0.3800293313101004,119.0661625105892,Sung-bum Na,sa3012352,,102,374,109,70,17,1,21,51,80,38,1,98,4,7,0,8,0,0,KBO_only
2024,Sung-gyu Lee 이성규,Lions (KBO),30.0,355,0.087323943,0.307042253,0.284403669,0.241721854,0.339031339,0.5,0.839031339,0.258278146,5.930279535255112,0.293103448,0.6226105452515185,53.8897701484283,5.907584292920439,0.3694300075881501,112.31203661857,Sung-gyu Lee,sa3012587,,122,302,73,40,10,1,22,56,57,31,0,109,15,3,4,5,9,2,KBO_only
2024,Sung-hyun Kim 김성현,Landers (KBO),37.0,167,0.095808383,0.16766467,0.571428571,0.226950354,0.320987654,0.283687943,0.604675597,0.056737589,5.6449309721864545,0.274336283,0.2795236876700073,14.360131298327833,-8.211770216798396,0.2930162795531897,63.61950183374937,Sung-hyun Kim,sa3013146,,71,141,32,27,3,1,1,21,15,16,0,28,4,1,5,7,2,0,KBO_only
2024,Sung-ju Moon 문성주,Twins (KBO),27.0,361,0.135734072,0.105263157,1.289473684,0.314754098,0.411111111,0.380327868,0.791438979,0.06557377,4.875550604959607,0.355555555,-1.0825344142504036,56.35946754362472,7.566315166615324,0.3744437732630306,115.50692012713743,Sung-ju Moon,sa3012668,,96,305,96,78,16,2,0,47,48,49,0,38,3,3,1,4,13,7,KBO_only
2024,Sung-woo Jang 장성우,Wiz (KBO),34.0,489,0.122699386,0.17586912,0.697674418,0.267942583,0.355236139,0.449760765,0.804996904,0.181818182,2.9311175370303735,0.289719626,0.6565143414773047,70.46249359389931,4.368722091523719,0.360481558145319,106.6098847020202,Sung-woo Jang,sa3013216,,131,418,112,74,19,0,19,53,81,60,1,86,1,8,2,8,5,0,KBO_only
2024,Sócrates Brito 소크라테스,Tigers (KBO),31.0,602,0.068106312,0.15116279,0.45054945,0.309782608,0.358803986,0.516304347,0.875108333,0.206521739,5.016746078587073,0.329545454,-0.1845474580768495,98.33300423055324,16.96602990656528,0.3828306860947689,120.85124836891406,Socrates Brito,12944,,140,552,171,112,30,3,26,92,97,41,4,91,4,5,0,7,13,5,MLB_to_KBO
2024,Tae-gon Oh 오태곤,Landers (KBO),32.0,288,0.107638888,0.253472222,0.424657534,0.275303643,0.354609929,0.449392712,0.804002641,0.174089069,6.186213785296141,0.351190476,3.298990383511409,41.090661433630544,2.1642684015565687,0.3588338051523481,105.5598996798221,Tae-gon Oh,sa3012193,,117,247,68,43,16,0,9,43,36,31,2,73,1,3,6,4,27,4,KBO_only
2024,Tae-hun Do 도태훈,Dinos (KBO),31.0,181,0.132596685,0.160220994,0.827586206,0.213793103,0.344632768,0.24137931,0.586012078,0.027586207,3.2088878250433295,0.262711864,0.0538904254790395,16.3060756126438,-8.158081119319359,0.2977766610134792,66.65292325951877,Tae-hun Do,sa3012620,,100,145,31,27,4,0,0,20,15,24,0,29,6,2,4,5,1,0,KBO_only
2024,Tae-jin Kim 김태진,Heroes (KBO),28.0,202,0.034653465,0.133663366,0.259259259,0.222222222,0.248730964,0.285714285,0.534445249,0.063492063,4.64285714,0.257668711,-0.0999697109218686,8.540604213148695,-18.761935344069855,0.2422676709841708,31.281354597985132,Tae-jin Kim,sa3012499,,81,189,42,33,6,3,0,26,10,7,1,27,0,1,5,1,0,0,KBO_only
2024,Tae-yean Kim 김태연,Eagles (KBO),27.0,472,0.095338983,0.188559322,0.505617977,0.2905569,0.362660944,0.435835351,0.798496295,0.145278451,3.069313248472734,0.341772151,-0.2978657849598676,68.79462370462603,4.99859067983813,0.3624045668497617,107.83526881349492,Tae-yean Kim,sa3012603,,126,413,120,84,24,0,12,59,61,45,0,89,4,4,6,9,5,2,KBO_only
2024,Taegun Kim 김태군,Tigers (KBO),34.0,270,0.044444444,0.088888888,0.5,0.263829787,0.328185328,0.382978723,0.711164051,0.119148936,1.10367803375,0.268292682,-0.1819961403962224,31.163732590232858,-5.329760877336494,0.3271892968291942,85.3953119558891,Taegun Kim,sa3012057,,105,235,62,48,7,0,7,24,34,12,0,24,11,1,11,14,0,0,KBO_only
2024,Victor Reyes 레이예스,Giants (KBO),29.0,632,0.07278481,0.129746835,0.560975609,0.351916376,0.393987341,0.510452961,0.904440302,0.158536585,4.209930517895324,0.383196721,0.5155314158182591,113.02191901300716,27.600112081511483,0.4008136298921373,132.3103819422194,Victor Reyes,15487,,144,574,202,144,40,3,15,88,111,46,2,82,1,11,0,16,5,0,KBO_only
2024,Whee Jip Kim 김휘집,Dinos (KBO),22.0,562,0.101092896,0.19125683,0.528571428,0.27388535,0.357142857,0.426751592,0.783894449,0.152866242,3.320478380332642,0.313807531,-0.9020010624080896,51.28500957030596,1.816051758711949,0.3558696811343287,103.67109362931905,Whee Jip Kim,sa3015123,,89,314,86,60,15,0,11,54,48,37,0,70,7,6,2,7,4,3,KBO_only
2024,Won-jun Choi 최원준,Tigers (KBO),27.0,508,0.098425196,0.129921259,0.757575757,0.292237442,0.371257485,0.420091324,0.791348809,0.127853882,5.977762891240769,0.323369565,-0.4933076871093362,74.09372154196977,5.43188938817263,0.3625235311285464,107.9110755099072,Won-jun Choi,sa3012595,,136,438,128,93,23,3,9,75,56,50,0,66,8,5,7,5,21,9,KBO_only
2024,Won-seok Lee 이원석,Eagles (KBO),25.0,154,0.103896103,0.207792207,0.5,0.233082706,0.322368421,0.278195488,0.600563909,0.045112782,7.209830440095621,0.303921568,0.5302702309563756,13.025043457559269,-7.789763927646956,0.2913784714121568,62.57585389339995,Won-seok Lee,sa3012693,,87,133,31,26,4,1,0,26,13,16,0,32,2,1,2,3,8,2,KBO_only
2024,Won-seok Lee 이원석,Heroes (KBO),37.0,109,0.128440366,0.165137614,0.777777777,0.219780219,0.330275229,0.263736263,0.594011492,0.043956044,0.43697478375,0.266666666,-0.0820264294743537,9.372604529603043,-5.359953944341618,0.2930144071578979,63.61830870163529,Won-seok Lee,sa3013066,,39,91,20,16,4,0,0,5,8,14,0,18,2,2,0,2,0,0,KBO_only
2024,Woo-hyuk Byun 변우혁,Tigers (KBO),24.0,187,0.085561497,0.256684491,0.333333333,0.303571428,0.368983957,0.470238095,0.839222052,0.166666667,4.62966879485516,0.396551724,0.0641437291633337,29.58445832585936,4.309335072394663,0.3768648894075403,117.0497094284355,Woo-hyuk Byun,sa3012733,,69,168,51,35,9,2,5,22,21,16,0,48,2,1,0,8,1,0,KBO_only
2024,Woo-jun Shim 심우준,Wiz (KBO),29.0,192,0.088541666,0.151041666,0.586206896,0.266272189,0.336898395,0.343195266,0.680093661,0.076923077,4.636520025707989,0.306569343,0.7779820431023836,20.86667532375152,-5.084253364297794,0.3193629715531905,80.40820262960705,Woo-jun Shim,sa3012420,,53,169,45,38,4,0,3,22,28,17,0,29,1,0,5,3,7,1,KBO_only
2024,Woo-sung Lee 이우성,Tigers (KBO),29.0,449,0.097995545,0.198218262,0.494382022,0.288220551,0.360801781,0.401002506,0.761804287,0.112781955,4.201000419045364,0.34868421,0.5729159694164991,60.905836877631735,0.2185088519330737,0.3506736347829313,100.36005680105168,Woo-sung Lee,sa3012368,,112,399,115,89,16,1,9,56,54,44,0,89,3,3,0,17,7,1,KBO_only
2024,Yonathan Perlaza 페라자,Eagles (KBO),25.0,522,0.120689655,0.247126436,0.488372093,0.274725274,0.363984674,0.485714285,0.849698959,0.210989011,3.0203684035791656,0.332236842,-1.343534261221066,82.07754648036098,11.523459109726897,0.3757398380993413,116.33280159828584,Yonathan Perlaza,sa917302,,122,455,125,77,24,0,24,75,70,63,5,129,2,2,0,6,7,5,KBO_only
2024,Yong-ho Cho 조용호,Wiz (KBO),34.0,165,0.078787878,0.151515151,0.52,0.248322147,0.308641975,0.281879194,0.590521169,0.033557047,4.479180191746565,0.298387096,0.4061786222737282,12.675840283671846,-9.625739057620535,0.2823744773128886,56.838307680756735,Yong-ho Cho,sa3012491,,60,149,37,32,5,0,0,17,13,13,0,25,0,0,3,5,5,1,KBO_only
2024,Yongkyu Lee 이용규,Heroes (KBO),38.0,227,0.136563876,0.145374449,0.939393939,0.306010928,0.428571428,0.371584699,0.800156127,0.065573771,4.175902864134194,0.366666666,-0.7825161274522543,37.42847672870328,6.746909998561635,0.3846179127160992,121.99010910330554,Yongkyu Lee,sa3012015,,60,183,56,48,5,2,1,27,12,31,0,33,9,1,3,3,2,2,KBO_only
2024,Yoo-seom Han 한유섬,Landers (KBO),34.0,523,0.08795411,0.271510516,0.323943661,0.234913793,0.314176245,0.452586206,0.766762451,0.217672413,1.637021066241669,0.282392026,-0.755310925655067,65.21374184625937,-5.475506611291632,0.337952894397324,92.25411681299784,Yoo-seom Han,sa3012336,,132,464,109,56,29,0,24,64,87,46,3,142,9,3,1,2,0,1,KBO_only
2024,Yoon-suk Oh 오윤석,Wiz (KBO),32.0,201,0.089552238,0.203980099,0.43902439,0.293103448,0.368686868,0.488505747,0.857192615,0.195402299,4.313775506632653,0.348837209,-0.6143279999960214,32.668241387946026,5.500862917644397,0.3818840718630588,120.24804463065048,Yoon-suk Oh,sa3012464,,73,174,51,31,12,2,6,33,27,18,0,41,4,2,3,7,0,1,KBO_only
2024,Young Mook Hwang 황영묵,Eagles (KBO),24.0,389,0.079691516,0.143958868,0.553571428,0.300859598,0.365284974,0.372492836,0.73777781,0.071633238,4.504457805634869,0.350515463,-2.8722811373881996,50.660038881172426,-1.917623929510819,0.3443849687440408,96.35277829595502,Young Mook Hwang,sa3023498,,123,349,105,90,8,4,3,52,35,31,0,56,5,1,3,6,4,7,KBO_only
2024,Young Woo Ko 고영우,Heroes (KBO),23.0,290,0.096551724,0.244827586,0.394366197,0.255905511,0.328671328,0.318897637,0.647568965,0.062992126,2.42914745875,0.349462365,-0.2050660736858844,28.111237187396593,-11.085478018511226,0.3057258898144835,71.71834945791478,Young Woo Ko,sa3023385,,94,254,65,51,12,2,0,21,35,28,0,71,1,3,4,5,0,0,KBO_only
2024,Young Woong Kim 김영웅,Lions (KBO),20.0,509,0.088408644,0.304518664,0.29032258,0.252192982,0.320866141,0.484649122,0.805515263,0.23245614,5.149136543477443,0.314079422,0.5457107676193118,70.17261941689712,1.375626176183043,0.3532465000556209,101.99954403729514,Young Woong Kim,sa3020665,,126,456,115,68,16,3,28,65,79,45,0,155,3,4,1,2,9,2,KBO_only
2024,Yu-chan Lee 이유찬,Bears (KBO),25.0,262,0.083969465,0.194656488,0.431372549,0.277056277,0.34117647,0.363636363,0.704812833,0.086580086,5.514195338585496,0.342696629,0.1420468983706087,30.30272679234882,-5.10947797988514,0.3274656665091421,85.57142089076763,Yu-chan Lee,sa3012635,,103,231,64,50,11,0,3,39,23,22,0,51,1,1,7,9,16,6,KBO_only
2025,Ah-seop Son 손아섭,Dinos (KBO),37.0,416,0.08988764,0.123595505,0.727272727,0.3,0.36226415,0.379166666,0.741430816,0.079166666,3.1837916689656103,0.346153846,-1.603912697173655,33.940466531778014,1.45473759737078,0.3431039377763697,104.4780820535321,Ah-seop Son,sa3012050,,76,240,72,56,13,3,0,21,33,24,2,33,0,1,2,1,0,3,KBO_only
2025,Andrew Stevenson 스티븐슨,Wiz (KBO),31.0,336,0.083333333,0.25595238,0.325581395,0.261744966,0.341317365,0.402684563,0.744001928,0.140939597,4.655200492539164,0.349514563,0.4637987855821848,43.324451398394054,2.4435340876793368,0.3453966372027368,105.9771997509432,Andrew Stevenson,17932,,78,298,78,48,24,0,6,52,28,28,0,86,8,0,2,4,4,0,KBO_only
2025,Austin Dean 오스틴,Twins (KBO),31.0,499,0.122244488,0.124248496,0.983870967,0.312941176,0.392785571,0.595294117,0.988079688,0.282352941,3.4735090458616664,0.297376093,0.0716837961226701,97.7172131752543,37.00418419297262,0.4294691359609123,160.9493296797493,Austin Dean,18288,,116,425,133,76,25,1,31,82,95,61,7,62,2,11,0,11,3,0,KBO_only
2025,Baek-ho Kang 강백호,Wiz (KBO),25.0,369,0.119241192,0.173441734,0.6875,0.264797507,0.357723577,0.467289719,0.825013296,0.202492212,2.44798268294649,0.288065843,-1.7025286969728768,55.7069554214935,10.81094801776215,0.3730824058824549,124.07997646771514,Baek-ho Kang,sa3012665,,95,321,85,51,18,1,15,41,61,44,3,64,3,1,0,9,2,4,KBO_only
2025,Bo-gyeong Moon 문보경,Twins (KBO),24.0,607,0.13014827,0.177924217,0.731481481,0.275728155,0.370675453,0.460194174,0.830869627,0.184466019,3.2635496194280806,0.301020408,-0.5349968895316124,93.54398914114458,19.690665308990297,0.3770310410995357,126.66185391160064,Bo-gyeong Moon,sa3015048,,141,515,142,96,21,1,24,91,108,79,3,108,4,9,0,15,3,1,KBO_only
2025,Bo-keun Jeong 정보근,Giants (KBO),25.0,152,0.118421052,0.256578947,0.461538461,0.186046511,0.29054054,0.255813953,0.546354493,0.069767442,1.64285714,0.258426966,-0.1440862398594617,9.912264791285262,-8.581483515942827,0.2652895580343649,53.59792199297508,Bo-keun Jeong,sa3014210,,93,129,24,18,4,1,1,4,15,18,1,39,1,0,4,4,0,0,KBO_only
2025,Bon-hyeok Gu 구본혁,Twins (KBO),28.0,397,0.0906801,0.110831234,0.818181818,0.285714285,0.363636363,0.352769679,0.716406042,0.067055394,4.597013923387175,0.325503355,-0.6331638433039188,49.17106687252345,0.8683163595658738,0.3390045827254653,101.7976540680286,Bon-hyeok Gu,sa3012711,,131,343,98,79,16,2,1,41,38,36,1,44,6,0,12,4,10,5,KBO_only
2025,Byeong-woo Jeon 전병우,Lions (KBO),32.0,97,0.195876288,0.278350515,0.703703703,0.272727272,0.422680412,0.337662337,0.760342749,0.064935065,3.047893335491938,0.408163265,0.047908972017467,14.657908613765288,2.855977128231574,0.3732647957261075,124.1992349449944,Byeong-woo Jeon,sa3011926,,59,77,21,18,2,0,1,11,13,19,0,27,1,0,0,3,1,0,KBO_only
2025,Byeong-wuk Lim 임병욱,Heroes (KBO),29.0,140,0.035714285,0.235714285,0.151515151,0.233082706,0.258992805,0.353383458,0.612376263,0.120300752,5.628405145012476,0.292929292,0.0919353230856359,10.442946278652917,-6.590769267478216,0.2770803334901658,61.30750657641939,Byeong-wuk Lim,sa3012450,,52,133,31,22,4,3,2,12,13,5,0,33,0,1,1,3,1,0,KBO_only
2025,ByungHo Park 박병호,Lions (KBO),38.0,232,0.11637931,0.301724137,0.385714285,0.198979591,0.314655172,0.454081632,0.768736804,0.255102041,0.8658963525000001,0.21238938,-0.2121269642375409,30.51998192223886,2.292681874364406,0.3486771496205494,108.12221455993291,ByungHo Park,18497,,77,196,39,19,5,0,15,26,33,27,0,70,7,2,0,5,0,0,KBO_to_MLB
2025,Chan Hyung  박찬형,Giants (KBO),,148,0.074324324,0.175675675,0.423076923,0.341085271,0.418918918,0.503875968,0.922794886,0.162790697,4.902337084902803,0.405940594,-0.4226902648806572,27.76890093660555,9.761830216409784,0.4191639098991342,154.21109500870364,Chan Hyung ,sa3068748,,48,129,44,31,8,2,3,21,19,11,1,26,7,1,0,1,1,1,KBO_only
2025,Chan-ho Park 박찬호,Tigers (KBO),30.0,595,0.10420168,0.115966386,0.898550724,0.286821705,0.36286201,0.358527131,0.721389141,0.071705426,5.519881530387423,0.319196428,2.0640980284661055,74.24954938906173,1.856258318004414,0.3401768053207527,102.56413030895696,Chan-ho Park,sa3012474,,134,516,148,123,18,2,5,75,42,62,0,69,3,6,8,7,27,6,KBO_only
2025,Chan-ui Song 송찬의,Twins (KBO),26.0,166,0.054216867,0.295180722,0.183673469,0.210884353,0.29090909,0.346938775,0.637847865,0.136054422,5.1669196994984645,0.291666666,-0.6012344011105597,15.17872819415295,-5.0183916676882525,0.2982550577683882,75.15293417072999,Chan-ui Song,sa3018197,,66,147,31,18,9,1,3,18,20,9,0,49,8,1,1,4,2,2,KBO_only
2025,Chang-jin Lee 이창진,Tigers (KBO),34.0,113,0.14159292,0.194690265,0.727272727,0.161290322,0.294642857,0.225806451,0.520449308,0.064516129,2.430353070449674,0.197183098,-0.977220033761114,7.247064471082549,-6.501577362580438,0.2639333286455699,52.711130006590246,Chang-jin Lee,sa3012466,,37,93,15,11,3,0,1,11,9,16,0,22,2,1,1,2,0,2,KBO_only
2025,Chang-ki Hong 홍창기,Twins (KBO),31.0,215,0.13488372,0.186046511,0.725,0.287356321,0.399061032,0.327586206,0.726647238,0.040229885,4.277011128839896,0.357664233,0.2798083648085594,28.983146204676363,2.8242259016892652,0.3527669822666007,110.79641617076514,Chang-ki Hong,sa3012570,,51,174,50,45,4,0,1,32,16,29,0,40,6,4,2,4,3,0,KBO_only
2025,Chi-hong An 안치홍,Eagles (KBO),34.0,196,0.081632653,0.198979591,0.41025641,0.172413793,0.244791666,0.229885057,0.474676723,0.057471264,3.1115808112652177,0.208955223,0.4439065824262798,6.558969982829734,-17.288231781753854,0.2253826329582615,27.50414932359367,Chi-hong An,sa3013286,,66,174,30,24,4,0,2,9,18,16,2,39,1,1,4,4,3,0,KBO_only
2025,Dae-hyeon Cho 조대현,Wiz (KBO),25.0,90,0.077777777,0.244444444,0.318181818,0.186666666,0.273809523,0.24,0.513809523,0.053333334,1.60119047125,0.264150943,-0.0760455154813826,4.962074294173992,-5.988171414053165,0.2526215272290366,45.314730156656466,Dae-hyeon Cho,sa3019749,,64,75,14,10,4,0,0,7,11,7,0,22,2,0,6,0,0,0,KBO_only
2025,Do Geun Yang 양도근,Lions (KBO),22.0,198,0.09090909,0.207070707,0.43902439,0.259036144,0.336898395,0.289156626,0.626055021,0.030120482,4.504673243055546,0.341269841,0.3372857915237546,18.864665438023625,-5.225875120076123,0.3030793233351274,78.30735633568392,Do Geun Yang,sa3025621,,116,166,43,38,5,0,0,23,16,18,0,41,2,1,11,3,5,1,KBO_only
2025,Do Hyun Yoon 윤도현,Tigers (KBO),22.0,160,0.05,0.225,0.222222222,0.275167785,0.316455696,0.469798657,0.786254353,0.194630872,5.928863765695828,0.327102803,-0.1706591197289526,21.6763560774934,2.209252596200674,0.3536115432087379,111.34864566946848,Do Hyun Yoon,sa3023322,,40,149,41,26,7,2,6,24,17,8,0,36,1,0,2,1,2,1,KBO_only
2025,Do Yeong Kim 김도영,Tigers (KBO),21.0,122,0.081967213,0.18852459,0.434782608,0.309090909,0.360655737,0.581818181,0.942473918,0.272727272,4.820603363532934,0.329268292,0.4919353290461004,22.163282219245183,7.319615814759485,0.4116704434402718,149.3113737219769,Do Yeong Kim,sa3018059,,30,110,34,18,9,0,7,20,27,10,1,23,0,2,0,3,3,0,KBO_only
2025,Do-yun Lee 이도윤,Eagles (KBO),28.0,277,0.039711191,0.187725631,0.211538461,0.26,0.295880149,0.34,0.635880149,0.08,5.40031316980668,0.32,-0.0521509167738258,23.895867253677995,-9.806555648310036,0.2917546199676685,70.90252034155216,Do-yun Lee,sa3012554,,113,250,65,50,11,3,1,37,36,11,1,52,3,3,10,5,1,0,KBO_only
2025,Dong Hee Yoon 윤동희,Giants (KBO),21.0,399,0.122807017,0.162907268,0.753846153,0.281818181,0.386363636,0.433333333,0.819696969,0.151515152,3.883235150580139,0.320610687,-0.5414380170404911,61.595669782932106,13.049580476458376,0.3773659001752205,126.8808068021211,Dong Hee Yoon,sa3018265,,97,330,93,62,21,1,9,54,53,49,2,65,11,6,3,12,4,2,KBO_only
2025,Dong Heon Kim 김동헌,Heroes (KBO),20.0,91,0.076923076,0.252747252,0.304347826,0.268292682,0.329670329,0.304878048,0.634548377,0.036585366,1.241995065,0.366666666,-0.1080646798945963,8.622468752041629,-2.449446352943608,0.3024210602372557,77.87694062212668,Dong Heon Kim,sa3020913,,49,82,22,19,3,0,0,8,8,7,0,23,1,1,0,0,0,0,KBO_only
2025,Dong Hyeok Kim 김동혁,Giants (KBO),24.0,114,0.157894736,0.228070175,0.692307692,0.224719101,0.372727272,0.292134831,0.664862103,0.06741573,8.701582105837424,0.317460317,0.7336126733571291,13.368858448495564,-0.5014527819255027,0.3307262019677596,96.38470418150612,Dong Hyeok Kim,sa3023320,,93,89,20,15,4,1,0,19,6,18,0,26,3,0,4,3,13,4,KBO_only
2025,Dong Jin Kwon 권동진,Wiz (KBO),26.0,309,0.097087378,0.294498381,0.329670329,0.22509225,0.303630363,0.302583025,0.606213388,0.077490775,5.4796184418156955,0.333333333,-0.1347573343664407,25.87748660631257,-11.718356991934009,0.2885860661075453,68.83071140214942,Dong Jin Kwon,sa3014744,,123,271,61,45,12,3,1,34,25,30,0,91,1,1,6,8,3,1,KBO_only
2025,Dong Jun Kim 김동준,Bears (KBO),22.0,100,0.05,0.3,0.166666666,0.236559139,0.282828282,0.333333333,0.616161615,0.096774194,2.320247283598859,0.327868852,-0.3226303760893643,8.221796831303523,-3.9451428445044288,0.2866654648925318,67.5748959917281,Dong Jun Kim,sa3067160,,36,93,22,17,3,0,2,8,10,5,0,30,1,0,1,2,1,1,KBO_only
2025,Dong-won Park 박동원,Twins (KBO),35.0,523,0.118546845,0.23709369,0.5,0.252771618,0.342307692,0.454545454,0.796853146,0.201773836,2.6985602249995013,0.296774193,0.291695776861161,73.18645297037672,9.553358465901132,0.3592159748077392,115.01319170518916,Dong-won Park,sa3013271,,139,451,114,67,25,0,22,57,76,62,4,124,2,5,3,10,4,0,KBO_only
2025,Doo-sung Chang 장두성,Giants (KBO),25.0,284,0.084507042,0.225352112,0.375,0.262096774,0.332129963,0.298387096,0.630517059,0.036290322,7.977113074985515,0.349462365,0.9029176263138652,26.87197755760792,-7.682131121686667,0.3022541771726918,77.7678214970426,Doo-sung Chang,sa3014778,,118,248,65,59,3,3,0,51,25,24,0,64,3,2,7,2,17,5,KBO_only
2025,Estevan Florial 플로리얼,Eagles (KBO),27.0,285,0.084210526,0.228070175,0.369230769,0.271317829,0.333333333,0.449612403,0.782945736,0.178294574,6.400545750297296,0.331550802,1.0481184837408364,38.26109460944986,3.5853165333972017,0.3520682540462211,110.3395416983397,Estevan Florial,19151,,65,258,70,42,18,2,8,36,29,24,2,65,1,2,0,2,13,3,KBO_only
2025,Euiji Yang 양의지,Bears (KBO),38.0,517,0.096711798,0.121856866,0.793650793,0.337004405,0.406189555,0.533039647,0.939229202,0.196035242,2.5437073373901686,0.352785145,-0.6855242568999529,97.1075647154046,34.204486591477476,0.4194168608249283,154.37649096295456,Euiji Yang,sa3012037,,130,454,153,105,27,1,20,56,89,50,6,63,7,6,0,10,4,2,KBO_only
2025,Eun-seong Chae 채은성,Eagles (KBO),35.0,527,0.058823529,0.182163187,0.322916666,0.2875,0.347328244,0.466666666,0.81399491,0.179166666,1.8933780171314107,0.326027397,-1.181461981497705,77.07871227033587,12.958940178827968,0.3671645932114882,120.2105212731164,Eun-seong Chae,sa3013253,,132,480,138,91,27,1,19,54,88,31,5,96,13,0,3,4,1,2,KBO_only
2025,Guillermo Heredia 에레디아,Landers (KBO),34.0,415,0.074698795,0.14939759,0.5,0.338666666,0.397590361,0.490666666,0.888257027,0.152,1.3463232727627428,0.377483443,-1.181461981497705,72.30323296382332,21.810433309220315,0.4023164777570107,143.19513565976737,Guillermo Heredia,18721,,96,375,127,96,18,0,13,46,54,31,4,62,7,2,0,9,1,2,KBO_only
2025,Gun Hee Kim 김건희,Heroes (KBO),20.0,344,0.037790697,0.296511627,0.12745098,0.242236024,0.270029673,0.344720496,0.614750169,0.102484472,3.5299996535137392,0.342465753,-0.2947333818301558,26.668245443358707,-15.186027041420648,0.2807651793567646,63.71690119104765,Gun Hee Kim,sa3020912,,105,322,78,53,20,2,3,24,25,13,0,102,0,2,7,10,2,1,KBO_only
2025,Gye-beom Park 박계범,Bears (KBO),29.0,198,0.07070707,0.227272727,0.311111111,0.262857142,0.319371727,0.354285714,0.673657441,0.091428572,5.648139269798941,0.346153846,-0.0266926544718444,20.494437323818655,-3.596103234281093,0.3134257805909162,85.0725506735381,Gye-beom Park,sa3012458,,94,175,46,34,9,2,1,23,27,14,0,45,1,1,7,4,3,1,KBO_only
2025,Hae-min Park 박해민,Twins (KBO),35.0,544,0.125,0.172794117,0.723404255,0.276018099,0.379310344,0.346153846,0.72546419,0.070135747,6.6212026430174955,0.340974212,3.0715269851498306,71.0659482661643,4.877796429769036,0.3475261136489809,107.36959152723593,Hae-min Park,sa3012304,,144,442,122,99,18,2,3,80,43,68,0,94,8,4,22,7,49,14,KBO_only
2025,Ho Jun Lee 이호준,Giants (KBO),21.0,153,0.091503267,0.215686274,0.424242424,0.242424242,0.326666666,0.424242424,0.75090909,0.181818182,6.146036792420984,0.298969072,0.0599161586724221,19.380191466776544,0.7647737627903771,0.3425383774439494,104.10828150596168,Ho Jun Lee,sa3025090,,99,132,32,18,7,4,3,20,23,14,0,33,3,1,3,3,1,0,KBO_only
2025,Ho-cheol Seo 서호철,Dinos (KBO),28.0,292,0.02739726,0.174657534,0.156862745,0.266159695,0.301418439,0.33460076,0.636019199,0.068441065,4.493243255658146,0.31455399,-0.1879030941054225,25.99006837637462,-9.537395476984605,0.2951992796667924,73.15486544057713,Ho-cheol Seo,sa3014321,,103,263,70,59,7,1,3,25,30,8,0,51,7,4,10,7,7,3,KBO_only
2025,Ho-ryung Kim 김호령,Tigers (KBO),33.0,381,0.089238845,0.24671916,0.361702127,0.28313253,0.359249329,0.433734939,0.792984268,0.150602409,6.244842422387051,0.377682403,1.57318759476766,54.979166050339536,8.623125885511232,0.36470449418229,118.60194670392458,Ho-ryung Kim,sa3012550,,105,332,94,59,26,3,6,46,39,34,0,94,6,1,8,4,12,1,KBO_only
2025,Ho-young Son 손호영,Giants (KBO),30.0,375,0.058666666,0.176,0.333333333,0.25,0.313186813,0.323170731,0.636357544,0.073170731,4.470877606130626,0.297709923,1.0077652567997577,34.93160208245089,-10.694421701828938,0.300408043049194,76.56069756945676,Ho-young Son,sa830429,,97,328,82,66,12,0,4,39,41,22,0,66,10,4,11,9,7,0,KBO_only
2025,Hoon Jung 정훈,Giants (KBO),37.0,200,0.05,0.2,0.25,0.216216216,0.267676767,0.308108108,0.575784875,0.091891892,1.08035714,0.265734265,-0.1560934265144169,13.334400789813808,-10.999478561802098,0.2671244235208191,54.797677744417385,Hoon Jung,sa3012191,,77,185,40,27,11,0,2,14,11,10,1,40,3,0,2,4,0,0,KBO_only
2025,Hui-dong Kwon 권희동,Dinos (KBO),34.0,456,0.168859649,0.175438596,0.9625,0.245810055,0.392857142,0.363128491,0.755985633,0.117318436,2.6884076514712145,0.299270072,-1.7372261425480249,65.50340414723642,10.022159225552157,0.3638818516795124,118.06404892265692,Hui-dong Kwon,sa3012415,,136,358,88,58,24,0,6,56,39,77,0,80,11,2,8,10,5,5,KBO_only
2025,Hun Gon Kim 김헌곤,Lions (KBO),36.0,191,0.057591623,0.15183246,0.379310344,0.225433526,0.285714285,0.294797687,0.580511972,0.069364161,3.629411125260482,0.258741258,-0.2146854707971215,13.988172255555552,-9.250682525237638,0.275375900445161,60.19303613496786,Hun Gon Kim,sa3011906,,77,173,39,31,6,0,2,21,11,11,0,29,4,1,2,4,2,1,KBO_only
2025,Hyeong Woo Cho 조형우,Landers (KBO),23.0,294,0.06462585,0.217687074,0.296875,0.237918215,0.293515358,0.312267657,0.605783015,0.074349442,1.02102169625,0.295566502,-0.296177270822227,23.78918181308713,-11.981620833788256,0.2850283880689445,66.50446747849293,Hyeong Woo Cho,sa3019473,,102,269,64,52,8,0,4,23,29,19,0,64,3,2,1,5,0,0,KBO_only
2025,Hyo Seung Ryu 류효승,Landers (KBO),28.0,103,0.067961165,0.27184466,0.25,0.287234042,0.349514563,0.531914893,0.881429456,0.244680851,2.798265760918124,0.35,-0.5306351701729,17.34744474863155,4.8154968825493585,0.3950223656533991,138.42576536391869,Hyo Seung Ryu,sa3014398,,27,94,27,16,5,0,6,18,16,7,0,28,2,0,0,1,0,1,KBO_only
2025,Hyoung-woo Choi 최형우,Tigers (KBO),41.0,549,0.122040072,0.178506375,0.683673469,0.307036247,0.398907103,0.528784648,0.927691751,0.221748401,2.360762952013401,0.34090909,-0.4243737030774355,100.40440616052229,33.6079073403366,0.413203635630017,150.3138756281346,Hyoung-woo Choi,sa3012871,,133,469,144,89,30,1,24,74,86,67,8,98,8,5,0,9,1,0,KBO_only
2025,Hyun Bin Moon 문현빈,Eagles (KBO),21.0,592,0.064189189,0.138513513,0.463414634,0.320075757,0.36967632,0.452651515,0.822327835,0.132575758,4.694640360823034,0.352808988,0.1321387230418622,89.28978882295061,17.26150594216753,0.3729064118148934,123.96489996955464,Hyun Bin Moon,sa3020698,,141,528,169,125,30,2,12,71,80,38,2,82,10,11,5,10,17,6,KBO_only
2025,Hyun Min Ahn 안현민,Wiz (KBO),21.0,482,0.155601659,0.149377593,1.041666666,0.334177215,0.44813278,0.569620253,1.017753033,0.235443038,5.061473453359637,0.361842105,0.3050270779058337,104.07527517422412,45.430625936829784,0.4547316763136122,177.46764031774833,Hyun Min Ahn,sa3023680,,112,395,132,87,19,4,22,72,80,75,5,72,9,3,0,4,7,1,KBO_only
2025,Hyun Soo Kim 김현수,Twins (KBO),37.0,552,0.115942028,0.132246376,0.876712328,0.298136645,0.384057971,0.422360248,0.806418219,0.124223603,2.87912441890818,0.330827067,0.0995807903818786,84.03861374151545,16.877106731055544,0.3746869553238857,125.1291364388638,Hyun Soo Kim,18718,,140,483,144,108,24,0,12,66,90,64,1,73,4,1,0,10,4,0,KBO_to_MLB
2025,Hyung-jong Lee 이형종,Heroes (KBO),36.0,82,0.109756097,0.268292682,0.409090909,0.2,0.3,0.328571428,0.628571428,0.128571428,2.444860230132452,0.260869565,0.1239544874988496,7.512584997824732,-2.4643055363377897,0.2984797671437263,75.29986394157979,Hyung-jong Lee,sa3013195,,33,70,14,9,3,0,2,4,6,9,0,22,1,0,2,3,1,0,KBO_only
2025,Hyung-jun Kim 김형준,Dinos (KBO),25.0,415,0.108433734,0.303614457,0.357142857,0.232044198,0.320388349,0.41436464,0.734752989,0.182320442,3.837616915888771,0.3,0.1877532671205699,50.89586118509734,0.4030615304943321,0.3374761366149754,100.7982554606825,Hyung-jun Kim,sa3012705,,127,362,84,55,10,1,18,51,55,45,0,126,3,2,3,7,3,0,KBO_only
2025,In Ho Choi 최인호,Eagles (KBO),25.0,159,0.081761006,0.182389937,0.448275862,0.258992805,0.341772151,0.366906474,0.708678625,0.107913669,1.7628635366034866,0.311926605,0.0278969942592084,18.941871921444765,-0.4035621630898815,0.3330649250670324,97.91391518367377,In Ho Choi,sa3014330,,78,139,36,25,9,0,2,7,19,13,0,29,5,1,1,5,1,0,KBO_only
2025,In-tae Kim 김인태,Bears (KBO),30.0,225,0.16,0.253333333,0.631578947,0.213114754,0.355555555,0.327868852,0.683424407,0.114754098,2.297552346188914,0.29032258,-0.6947333877906203,26.53139395662355,-0.8442203139443448,0.3315389913982815,96.91615937600352,In-tae Kim,sa3012367,,106,183,39,25,10,1,3,17,25,36,0,57,5,1,0,2,0,1,KBO_only
2025,Ja-wook Koo 구자욱,Lions (KBO),32.0,616,0.118506493,0.147727272,0.802197802,0.319470699,0.401626016,0.516068052,0.917694068,0.196597353,4.066727599448495,0.351288056,-0.3349968865513801,111.22203152486873,36.27368312189173,0.4102739311362567,148.39824211583417,Ja-wook Koo,sa3012300,,142,529,169,105,43,2,19,106,96,73,7,91,5,8,1,9,4,1,KBO_only
2025,Jae Hyeon Lee 이재현,Lions (KBO),22.0,555,0.124324324,0.214414414,0.579831932,0.253829321,0.359633027,0.426695842,0.786328869,0.172866521,4.37332128914799,0.303030303,0.1730677993036806,78.71649231193541,11.189977111201284,0.361598792102407,116.57123439279688,Jae Hyeon Lee,sa3018058,,139,457,116,70,29,1,16,82,67,69,1,119,11,8,10,8,6,1,KBO_only
2025,Jae Seok An 안재석,Bears (KBO),23.0,147,0.074829931,0.183673469,0.407407407,0.318518518,0.369863013,0.54074074,0.910603753,0.222222222,5.2271443642509885,0.375,-0.1586519330739975,25.97113778187745,8.085736458439758,0.4053957750057352,145.20858275538896,Jae Seok An,sa3014749,,35,135,43,22,16,1,4,25,20,11,1,27,0,0,1,3,2,1,KBO_only
2025,Jae-Gyun Hwang 황재균,Wiz (KBO),37.0,424,0.080188679,0.198113207,0.404761904,0.275324675,0.335697399,0.379220779,0.714918178,0.103896104,2.9260674474780743,0.334459459,-0.2908507608808577,49.88819940124315,-1.699624824182573,0.3312166265401795,96.70537602680112,Jae-Gyun Hwang,19369,,112,385,106,80,19,0,7,50,48,34,1,84,2,2,1,2,3,1,KBO_only
2025,Jae-hoon Choi 최재훈,Eagles (KBO),35.0,348,0.132183908,0.137931034,0.958333333,0.286245353,0.414201183,0.353159851,0.767361034,0.066914498,1.5071984535177343,0.336283185,-0.7268723268061876,51.92702595976205,9.586075887950374,0.37088046130344,122.64020025930468,Jae-hoon Choi,sa3013205,,121,269,77,61,15,0,1,28,35,46,0,48,17,6,10,4,1,1,KBO_only
2025,Jae-hwan Chun 천재환,Dinos (KBO),31.0,294,0.057823129,0.197278911,0.293103448,0.237547892,0.291666666,0.367816091,0.659482757,0.130268199,7.826689959013616,0.277227722,0.5869679269380867,27.737365566857285,-8.033437080018095,0.3019086842735608,77.54191551326616,Jae-hwan Chun,sa3019748,,129,261,62,43,10,3,6,47,31,17,0,58,5,5,6,3,15,5,KBO_only
2025,Jae-hwan Kim 김재환,Bears (KBO),36.0,407,0.14004914,0.235872235,0.59375,0.241279069,0.353808353,0.404069767,0.75787812,0.162790698,4.350423019257698,0.295358649,0.0865787607617676,54.06478369135238,4.545339210814013,0.3502932049260281,109.17889782184524,Jae-hwan Kim,sa3013200,,103,344,83,55,13,2,13,42,50,57,3,96,4,2,0,4,7,2,KBO_only
2025,Jae-hyun Choo 추재현,Bears (KBO),26.0,87,0.034482758,0.195402298,0.176470588,0.222222222,0.258823529,0.320987654,0.579811183,0.098765432,3.39285714,0.269841269,-0.0680407243780791,5.8262821181233795,-4.7589553998295395,0.2674974413479076,55.041581336666354,Jae-hyun Choo,sa3012679,,34,81,18,13,3,1,1,7,7,3,0,17,1,0,2,2,0,0,KBO_only
2025,Jae-hyun Kim 김재현,Heroes (KBO),32.0,128,0.0078125,0.2421875,0.032258064,0.208333333,0.233870967,0.25,0.483870967,0.041666667,4.327735043784001,0.280898876,0.103942509740591,4.479432541447904,-11.094250243586275,0.2273076224711633,28.762834091834065,Jae-hyun Kim,sa3012294,,62,120,25,20,5,0,0,12,5,1,0,31,3,0,4,1,1,0,KBO_only
2025,Jae-won Lee 이재원,Eagles (KBO),37.0,151,0.092715231,0.15231788,0.608695652,0.2,0.279720279,0.256,0.535720279,0.056,2.436477299832925,0.23076923,-0.3746615182608366,9.032513234923076,-9.339565675546934,0.2585090048663266,49.16435031081628,Jae-won Lee,sa3013147,,98,125,25,21,2,1,1,4,12,14,0,23,1,3,8,3,1,1,KBO_only
2025,Jake Cave 케이브,Bears (KBO),32.0,593,0.072512647,0.195615514,0.370689655,0.299256505,0.350758853,0.462825278,0.813584131,0.163568773,6.213794850922424,0.350241545,2.3410486676730216,86.67575416147822,14.525801883937064,0.3670457210895178,120.13279486043216,Jake Cave,14477,,136,538,161,111,28,6,16,72,87,43,1,116,4,8,0,7,17,1,KBO_only
2025,Jeong Choi 최정,Landers (KBO),38.0,406,0.125615763,0.231527093,0.542553191,0.244117647,0.359605911,0.482352941,0.841958852,0.238235294,2.1203440207719675,0.265486725,-0.2202515299431979,62.62190510911233,13.224130025332046,0.3771975061297417,126.77069969832344,Jeong Choi,sa3012034,,95,340,83,48,12,0,23,54,63,51,6,94,12,3,0,10,1,0,KBO_only
2025,Jeong-hun Lee 이정훈,Wiz (KBO),30.0,148,0.087837837,0.324324324,0.270833333,0.257575757,0.337837837,0.378787878,0.716625715,0.121212121,2.2724676573395968,0.375,-0.5986758945509791,17.934377307902007,-0.0726934122937623,0.3356379165842726,99.59630628755052,Jeong-hun Lee,sa3012655,,59,132,34,26,4,0,4,20,14,13,0,48,3,0,0,4,0,1,KBO_only
2025,Jeong-won Choi 최정원,Dinos (KBO),25.0,155,0.116129032,0.141935483,0.818181818,0.275,0.417218543,0.3,0.717218543,0.025,7.069869958241032,0.333333333,3.176404668018222,21.72758180664807,2.8688253091457447,0.3595202790190842,115.21216581552284,Jeong-won Choi,sa3014290,,91,120,33,30,3,0,0,40,11,18,0,22,12,1,4,0,30,6,KBO_only
2025,Ji Hoo Song 송지후,Heroes (KBO),20.0,86,0.03488372,0.209302325,0.166666666,0.175,0.220930232,0.25,0.470930232,0.075,1.9280360646879091,0.209677419,-0.4906112146563828,2.625613246201562,-7.837954874993278,0.2216949587644532,25.09290536259004,Ji Hoo Song,sa3023539,,33,80,14,10,3,0,1,5,8,3,0,18,2,1,0,3,0,1,KBO_only
2025,Ji-chan Kim 김지찬,Lions (KBO),24.0,373,0.101876675,0.117962466,0.863636363,0.280757097,0.363636363,0.321766561,0.685402924,0.041009464,7.001894276645409,0.322463768,2.6239843596704304,43.23848878009465,-2.14419621066901,0.3290295154266778,95.27529891388002,Ji-chan Kim,sa3014279,,90,317,89,78,9,2,0,59,23,38,0,44,5,3,10,7,22,3,KBO_only
2025,Ji-hoon Choi 최지훈,Landers (KBO),27.0,574,0.074912891,0.151567944,0.494252873,0.284332688,0.342105263,0.371373307,0.71347857,0.087040619,5.996701824573501,0.327102803,1.9215754522010684,67.30926115595818,-2.528972583179463,0.3307171931988756,96.37881365581812,Ji-hoon Choi,sa3014282,,140,517,147,120,16,4,7,66,45,43,2,87,5,5,4,2,28,7,KBO_only
2025,Ji-hwan Oh 오지환,Twins (KBO),35.0,472,0.07838983,0.243644067,0.32173913,0.252983293,0.313978494,0.429594272,0.743572766,0.176610979,3.9482545588325264,0.306122448,-1.6342784757725894,57.60242527193909,0.1744700021255482,0.3367199436310799,100.30380674587114,Ji-hwan Oh,sa3013245,,127,419,106,65,24,1,16,57,62,37,0,115,3,6,7,4,9,7,KBO_only
2025,Ji-hyuk Ryu 류지혁,Lions (KBO),31.0,464,0.071120689,0.157327586,0.452054794,0.28,0.351111111,0.3225,0.673611111,0.0425,3.9382938060211545,0.336363636,-0.9557942193932832,51.20614614298174,-5.248453952767164,0.3220371503300137,90.70323065991856,Ji-hyuk Ryu,sa3012288,,129,400,112,97,14,0,1,54,37,33,0,73,13,4,14,11,11,6,KBO_only
2025,Ji-yeol Im 임지열,Heroes (KBO),29.0,417,0.100719424,0.26618705,0.378378378,0.243902439,0.322115384,0.382113821,0.704229205,0.138211382,5.370833837811607,0.316,-0.4117079735733568,47.4133883672319,-3.3227500808872565,0.326239373248357,93.45092042374296,Ji-yeol Im,sa3012449,,102,369,90,63,14,2,11,51,50,42,0,111,2,3,1,11,13,6,KBO_only
2025,Ji-young Lee 이지영,Landers (KBO),39.0,216,0.050925925,0.101851851,0.5,0.23857868,0.283018867,0.324873096,0.607891963,0.086294416,3.194075846570911,0.252873563,-0.2306950530037284,17.001210358383368,-9.27937934136181,0.2822551311187024,64.6911296611743,Ji-young Lee,sa3013276,,76,197,47,37,6,1,3,13,18,11,0,22,2,2,4,8,2,1,KBO_only
2025,Jin-hyuk Jang 장진혁,Wiz (KBO),31.0,157,0.082802547,0.29299363,0.282608695,0.208633093,0.274509803,0.330935251,0.605445054,0.122302158,5.106454242883789,0.277777777,0.0639185542240738,12.25503030912661,-6.847064981891876,0.2814358418283899,64.1554244307887,Jin-hyuk Jang,sa3012604,,86,139,29,21,3,1,4,19,19,13,0,46,0,1,4,1,1,0,KBO_only
2025,Jin-young Lee 이진영,Eagles (KBO),27.0,366,0.103825136,0.25409836,0.40860215,0.274143302,0.349726775,0.417445482,0.767172257,0.14330218,2.2309449638750847,0.346846846,-1.9385502599179745,49.32990702695691,4.798907813499799,0.3527366079267908,110.77655542939084,Jin-young Lee,sa3012598,,115,321,88,64,13,0,11,49,43,38,0,93,2,5,0,8,1,4,KBO_only
2025,Jong Sung Im 임종성,Bears (KBO),20.0,89,0.033707865,0.292134831,0.115384615,0.277108433,0.306818181,0.397590361,0.704408542,0.120481928,3.0202415902083364,0.375,0.1159496963955462,9.722766904420928,-1.1058094070481497,0.3206374956802888,89.788044381449,Jong Sung Im,sa3025682,,33,83,23,17,4,0,2,7,11,3,0,26,1,1,1,1,1,0,KBO_only
2025,Jong-wook Ko 고종욱,Tigers (KBO),36.0,123,0.040650406,0.138211382,0.294117647,0.295652173,0.31707317,0.391304347,0.708377517,0.095652174,3.1201232707937794,0.31632653,-0.1626543286256492,13.207821857407732,-1.7575139438360514,0.3182945935452571,88.25610085080763,Jong-wook Ko,sa3012243,,46,115,34,29,2,0,3,13,16,5,1,17,0,3,0,2,2,1,KBO_only
2025,Joo-hwan Choi 최주환,Heroes (KBO),37.0,506,0.071146245,0.130434782,0.545454545,0.274509803,0.330039525,0.424836601,0.754876126,0.150326798,1.39285714,0.294573643,-0.4842898617498576,63.975051866621335,2.4103371070330875,0.3422429743740294,103.9151275474036,Joo-hwan Choi,sa3013103,,120,459,126,82,31,1,12,45,74,36,2,66,5,6,0,8,0,0,KBO_only
2025,Joon Seo Eo 어준서,Heroes (KBO),18.0,360,0.083333333,0.208333333,0.4,0.23765432,0.305322128,0.327160493,0.632482621,0.089506173,3.790705033994091,0.290983606,-0.1682203877717256,32.47210514897123,-11.3288776839374,0.2966991247755758,74.13556283165005,Joon Seo Eo,sa3066885,,116,324,77,61,9,1,6,48,27,30,1,75,2,1,3,10,1,0,KBO_only
2025,Ju Heon Lee 이주헌,Twins (KBO),22.0,156,0.115384615,0.192307692,0.6,0.21875,0.35064935,0.3359375,0.68658685,0.1171875,2.1964285649999997,0.255319148,-0.1881125909276306,18.533129476483488,-0.4472964177769182,0.3326511785581514,97.64338050015948,Ju Heon Lee,sa3025677,,76,128,28,21,3,0,4,22,9,18,0,30,8,0,2,2,0,0,KBO_only
2025,Ju Hong Park 박주홍,Heroes (KBO),24.0,283,0.106007067,0.254416961,0.416666666,0.225806451,0.30960854,0.330645161,0.640253701,0.10483871,7.18017244714696,0.302857142,1.4892570627853274,26.62459091720584,-7.807848365330668,0.3015756407666461,77.3241497610346,Ju Hong Park,sa3014359,,102,248,56,39,11,3,3,33,23,30,0,72,1,2,2,5,11,1,KBO_only
2025,Ju Hyoung Lee 이주형,Heroes (KBO),24.0,514,0.071984435,0.223735408,0.32173913,0.239910313,0.336594911,0.367713004,0.704307915,0.127802691,5.29854551976543,0.3,2.025098968297243,60.51088596555173,-2.0271839681011423,0.3312978421306797,96.75848012218508,Ju Hyoung Lee,sa3014742,,127,446,107,73,22,1,11,55,45,37,2,115,28,0,3,7,15,1,KBO_only
2025,Ju Won Kim 김주원,Dinos (KBO),22.0,624,0.100961538,0.177884615,0.567567567,0.28942486,0.379032258,0.450834879,0.829867137,0.161410019,7.982223945071151,0.339759036,3.3232288588769734,98.32054170517752,22.398838128135893,0.3813755038481729,129.50254943292555,Ju Won Kim,sa3015141,,144,539,156,107,26,8,15,98,65,63,1,111,16,2,4,8,44,11,KBO_only
2025,Ju-suk Ha 하주석,Eagles (KBO),31.0,305,0.039344262,0.216393442,0.181818181,0.297101449,0.336734693,0.391304347,0.72803904,0.094202898,2.855324821512399,0.376811594,-0.3547693151049316,37.151166923833514,0.0420009126192589,0.3364284087200554,100.11318204404422,Ju-suk Ha,sa3012320,,95,276,82,64,14,0,4,34,28,12,0,66,5,1,11,9,2,1,KBO_only
2025,Jun Jae Jeong 정준재,Landers (KBO),22.0,442,0.115384615,0.210407239,0.548387096,0.245283018,0.340375586,0.288409703,0.628785289,0.043126685,7.445942415494968,0.326164874,3.42708164639771,43.19379536629496,-10.584078000776188,0.3061557067951685,80.318898204597,Jun Jae Jeong,sa3023563,,132,371,91,78,10,3,0,58,25,51,0,93,3,1,16,4,37,8,KBO_only
2025,Jun Soon Park 박준순,Bears (KBO),18.0,298,0.033557046,0.187919463,0.178571428,0.283687943,0.307432432,0.379432624,0.686865056,0.095744681,5.965280854271913,0.337777777,0.846674591768533,30.535175935586576,-5.722304298321122,0.3121182324522633,84.21758969072079,Jun Soon Park,sa3067161,,91,282,80,63,11,2,4,34,19,10,1,56,1,3,2,6,10,2,KBO_only
2025,Jun-su Han 한준수,Tigers (KBO),26.0,276,0.094202898,0.173913043,0.541666666,0.225409836,0.304347826,0.368852459,0.673200285,0.143442623,2.46380308375,0.25,-0.2521509197540581,27.834983954457133,-5.745769550772814,0.3100873947143555,82.88969439033596,Jun-su Han,sa3014211,,103,244,55,35,12,1,7,33,26,26,1,48,3,3,0,4,0,0,KBO_only
2025,Jun-won Jang 장준원,Wiz (KBO),29.0,154,0.051948051,0.175324675,0.296296296,0.207142857,0.248322147,0.25,0.498322147,0.042857143,1.08035714,0.24778761,-0.1320790532045066,6.457703803600975,-12.279383297143273,0.2360280488161432,34.46482246082141,Jun-won Jang,sa3012436,,73,140,29,25,3,0,1,10,11,8,0,27,0,1,5,5,0,0,KBO_only
2025,Jun-woo Choi 최준우,Landers (KBO),26.0,192,0.15625,0.244791666,0.638297872,0.190789473,0.328042328,0.25,0.578042328,0.059210527,3.1030025966808976,0.245283018,0.1638586684130132,16.331467019041128,-7.029057158510144,0.2902375087536201,69.91053323510246,Jun-woo Choi,sa3012699,,78,152,29,26,0,0,3,17,22,30,0,47,3,4,3,3,2,0,KBO_only
2025,Jun-young Park 박준영,Bears (KBO),27.0,126,0.079365079,0.253968253,0.3125,0.225225225,0.304,0.324324324,0.628324324,0.099099099,4.119144880968682,0.303797468,0.4839305379427969,11.378804247732887,-3.9515397437851334,0.2968344745635986,74.22406342629074,Jun-young Park,sa3012619,,41,111,25,16,8,0,1,9,10,10,0,32,3,1,1,1,3,0,KBO_only
2025,Jung-dae Bae 배정대,Wiz (KBO),29.0,276,0.068840579,0.235507246,0.292307692,0.204166666,0.278810408,0.291666666,0.570477074,0.0875,5.54439056255522,0.267045454,-0.3318695593625307,19.21815137967432,-14.362602125555629,0.2708438156262649,57.22966096243564,Jung-dae Bae,sa3012441,,99,240,49,34,11,2,2,25,28,19,0,65,7,3,7,4,6,3,KBO_only
2025,Junwoo Jeon 전준우,Giants (KBO),39.0,472,0.093220338,0.150423728,0.619718309,0.292682926,0.368869936,0.419512195,0.788382131,0.126829269,2.6650259824330833,0.332344213,-0.574901070445776,67.30416870403253,9.876213434218997,0.362556690066989,117.19757109201888,Junwoo Jeon,sa3012061,,114,410,120,85,26,1,8,50,70,44,2,71,9,6,3,9,2,1,KBO_only
2025,Kang-nam Yoo 유강남,Giants (KBO),32.0,350,0.074285714,0.188571428,0.393939393,0.273927392,0.351585014,0.382838283,0.734423297,0.108910891,1.3207417525,0.329113924,-0.3962371596135199,44.40643823448751,1.8221493691596764,0.3427993522940863,104.27892402975704,Kang-nam Yoo,sa3012221,,110,303,83,60,18,0,5,35,38,26,0,66,13,5,3,11,0,0,KBO_only
2025,Ki-yeon Kim 김기연,Bears (KBO),27.0,245,0.07755102,0.179591836,0.431818181,0.246575342,0.307053941,0.315068493,0.622122434,0.068493151,2.208420081794927,0.297142857,-0.0521509167738258,21.464397925668496,-8.344604280060988,0.2934428997554225,72.00642872086104,Ki-yeon Kim,sa3012571,,100,219,54,43,9,0,2,19,24,19,0,44,1,2,4,8,1,0,KBO_only
2025,Kun-woo Park 박건우,Dinos (KBO),34.0,442,0.106334841,0.142533936,0.746031746,0.2890625,0.369614512,0.427083333,0.796697845,0.138020833,3.0237712061682243,0.321766561,-1.0306053427048028,64.08895624235072,10.311082875279563,0.365578558015932,119.17346713377692,Kun-woo Park,sa3013255,,124,384,111,77,24,1,9,43,67,47,2,63,5,5,1,6,6,4,KBO_only
2025,Kyoung-min Hur 허경민,Wiz (KBO),34.0,481,0.081081081,0.072765072,1.114285714,0.283333333,0.361924686,0.354761904,0.71668659,0.071428571,2.822824859485623,0.298701298,-0.2309346022084355,59.52929427458445,1.0063144339481964,0.3388850873871169,101.71952015548162,Kyoung-min Hur,sa3012064,,114,420,119,97,18,0,4,47,44,39,1,35,15,4,3,14,4,1,KBO_only
2025,Kyu-sung Kim 김규성,Tigers (KBO),28.0,222,0.094594594,0.22072072,0.428571428,0.233160621,0.313364055,0.300518134,0.613882189,0.067357513,4.469351013690336,0.295774647,-0.1052966765128076,19.60101374140162,-7.409592338892036,0.2943015049130136,72.5678412514486,Kyu-sung Kim,sa3014306,,133,193,45,38,4,0,3,30,16,21,0,49,2,1,5,1,5,2,KBO_only
2025,Lewin Díaz 디아즈,Lions (KBO),28.0,628,0.095541401,0.159235668,0.6,0.313974591,0.380573248,0.644283121,1.024856369,0.33030853,1.620206757750548,0.298543689,-0.38835214311257,128.88176052465738,52.47337936058344,0.4412843594659107,168.6749000059376,Lewin Diaz,18365,,144,551,173,91,32,0,50,93,158,60,10,100,6,11,0,15,1,0,KBO_only
2025,Luis Liberato 리베라토,Eagles (KBO),29.0,546,0.084249084,0.172161172,0.489361702,0.31300813,0.366300366,0.524390243,0.890690609,0.211382113,4.280212638463427,0.347150259,-0.1603353712707758,92.9250010425465,26.49351041263508,0.3972478773131038,139.8809512799132,Luis Liberato,17307,,124,492,154,94,36,4,20,82,78,46,0,94,0,8,0,6,2,0,KBO_only
2025,Matt Davidson 데이비슨,Dinos (KBO),34.0,439,0.070615034,0.26879271,0.262711864,0.292746113,0.346241457,0.619170984,0.965412441,0.326424871,1.9235450733400703,0.31300813,-0.1882323655299842,81.18148894473539,27.76862376793848,0.4157649676005046,151.98864295338615,Matt Davidson,7226,,112,386,113,59,18,0,36,63,97,31,1,118,8,14,0,10,1,0,KBO_only
2025,Mel Rojas Jr. 로하스,Wiz (KBO),35.0,384,0.125,0.184895833,0.676056338,0.238670694,0.333333333,0.425981873,0.759315206,0.187311179,2.0323570850079196,0.26,-0.594793273601681,49.23268219017801,2.5116338350754743,0.3444768891246926,105.37580795701724,Mel Rojas Jr.,sa548194,,95,331,79,45,20,0,14,48,43,48,3,71,1,4,0,9,1,1,KBO_only
2025,Min Park 박민,Tigers (KBO),24.0,105,0.047619047,0.314285714,0.151515151,0.202127659,0.264705882,0.287234042,0.551939924,0.085106383,4.361151379261674,0.3,0.1159496963955462,6.562036041554961,-6.213250618043389,0.2618747236681919,51.36507865852671,Min Park,sa3014371,,71,94,19,13,5,0,1,11,6,5,0,33,3,0,3,1,1,0,KBO_only
2025,Min Suk Kim 김민석,Bears (KBO),21.0,247,0.048582995,0.251012145,0.193548387,0.228070175,0.269387755,0.298245614,0.567633369,0.070175439,5.142697053584972,0.303571428,-0.47727991361171,15.494747816974307,-14.557593182271336,0.2621716124112488,51.55920404790844,Min Suk Kim,sa3020694,,95,228,52,41,7,3,1,21,21,12,1,62,2,3,2,3,3,2,KBO_only
2025,Min-hyuck Kim 김민혁,Wiz (KBO),29.0,417,0.059952038,0.098321342,0.609756097,0.286842105,0.341404358,0.328947368,0.670351726,0.042105263,5.488310772130869,0.320588235,0.4039723491296172,44.19541597044684,-6.540722477672324,0.3165392713639343,87.10835574457323,Min-hyuck Kim,sa3012419,,106,380,109,95,12,2,0,52,35,25,1,41,7,1,4,12,11,3,KBO_only
2025,Min-jae Jeon 전민재,Giants (KBO),26.0,369,0.059620596,0.170731707,0.349206349,0.287009063,0.337047353,0.377643504,0.714690857,0.090634441,2.5113648704091425,0.339622641,-1.0959677859209478,43.60720109969501,-1.2888063040363384,0.3318650410367917,97.12935207701962,Min-jae Jeon,sa3012673,,101,331,95,75,15,0,5,39,34,22,0,63,4,2,10,7,3,3,KBO_only
2025,Min-jae Shin 신민재,Twins (KBO),29.0,538,0.115241635,0.105947955,1.087719298,0.313174946,0.394736842,0.382289416,0.777026258,0.06911447,6.195463336740264,0.352078239,-1.6236254558898509,78.16442011201134,12.706284656164556,0.3659423139310421,119.41131467873124,Min-jae Shin,sa3012520,,135,463,145,122,15,7,1,87,61,62,0,57,3,4,6,7,15,9,KBO_only
2025,Min-sung Kim 김민성,Giants (KBO),36.0,254,0.129921259,0.188976377,0.6875,0.242990654,0.353174603,0.345794392,0.698968995,0.102803738,1.4817787378063183,0.298780487,-0.7187477611005306,30.097410988029026,-0.8066157885231795,0.3322635646835266,97.3899330519116,Min-sung Kim,sa3013175,,96,214,52,36,13,0,3,25,35,33,1,48,4,1,2,7,0,1,KBO_only
2025,Min-woo Park 박민우,Dinos (KBO),32.0,468,0.094017094,0.136752136,0.6875,0.301980198,0.383620689,0.425742574,0.809363263,0.123762376,7.752315475356769,0.348973607,1.6070696418173611,69.70799200937897,12.766714326597745,0.3705449834108872,122.42084274561044,Min-woo Park,sa3012337,,117,404,122,86,25,8,3,64,67,44,5,64,12,4,4,5,28,8,KBO_only
2025,Minho Kang 강민호,Lions (KBO),39.0,465,0.08172043,0.148387096,0.550724637,0.269417475,0.336206896,0.417475728,0.753682624,0.148058253,1.9818841293896663,0.292899408,-0.9254284407943488,58.484147431285336,1.907877938778356,0.3414126746032549,103.3722229406289,Minho Kang,sa3012023,,127,412,111,75,23,1,12,37,71,38,4,69,7,7,1,16,2,2,KBO_only
2025,Myeong Jin Oh 오명진,Bears (KBO),23.0,371,0.07277628,0.253369272,0.287234042,0.262839879,0.321428571,0.365558912,0.686987483,0.102719033,5.140156165570564,0.351694915,-0.6679510110989213,39.55634287768367,-5.58300331956384,0.3173395424834953,87.63162564391712,Myeong Jin Oh,sa3014344,,107,331,87,65,14,4,4,38,41,27,1,94,3,3,7,3,5,3,KBO_only
2025,Myeong Jun Ko 고명준,Landers (KBO),22.0,500,0.04,0.198,0.202020202,0.278131634,0.306,0.433121019,0.739121019,0.154989385,2.5750881527047356,0.314917127,-0.0562730869278311,58.996579002808886,-1.83811937623088,0.3316343356229977,96.97850170181135,Myeong Jun Ko,sa3014774,,130,471,131,93,20,1,17,46,64,20,1,99,2,7,0,12,2,0,KBO_only
2025,Patrick Wisdom 위즈덤,Tigers (KBO),33.0,486,0.106995884,0.292181069,0.366197183,0.235849056,0.320987654,0.535377358,0.856365012,0.299528302,3.917747754618488,0.256916996,0.2077652448788285,74.47809586071547,15.346769036288816,0.3759480195104583,125.95370315612332,Patrick Wisdom,13602,,119,424,100,44,20,1,35,73,85,52,2,142,4,6,0,9,3,0,MLB_to_KBO
2025,Ruben Cardenas 카데나스,Heroes (KBO),27.0,361,0.088642659,0.185595567,0.47761194,0.253125,0.329639889,0.371875,0.701514889,0.11875,2.310069526196626,0.297188755,-1.0373757416382432,40.61367661231817,-3.3089756173485414,0.324733616249807,92.46635745025992,Ruben Cardenas,sa3007505,,86,320,81,58,15,1,7,33,42,32,2,67,6,3,0,7,1,2,KBO_only
2025,Ryan McBroom 맥브룸,Landers (KBO),33.0,80,0.0625,0.35,0.178571428,0.202702702,0.2625,0.405405405,0.667905405,0.202702703,1.08035714,0.261904761,-0.0480287466198205,6.875867267625226,-2.8576844730211364,0.2913544865754934,70.64088680920322,Ryan McBroom,16524,,22,74,15,8,3,0,4,8,11,5,2,28,1,0,0,2,0,0,KBO_only
2025,Sang-chul Moon 문상철,Wiz (KBO),34.0,209,0.119617224,0.210526315,0.568181818,0.213872832,0.325242718,0.346820809,0.672063527,0.132947977,3.5071135168534235,0.251968503,-0.4507070337422192,22.35885791624611,-3.070046006192511,0.3177911911195921,87.92694323138528,Sang-chul Moon,sa3012421,,79,173,37,25,6,1,5,22,20,25,0,44,5,3,3,3,1,1,KBO_only
2025,Sang-hyeon Ahn 안상현,Landers (KBO),28.0,289,0.062283737,0.294117647,0.211764705,0.263565891,0.314285714,0.379844961,0.694130675,0.11627907,6.9193083829941004,0.366863905,0.5283758826553822,31.340198004005696,-3.822257659079289,0.3196306756564549,89.12971922182314,Sang-hyeon Ahn,sa3012616,,102,258,68,52,8,2,6,38,15,18,0,85,2,2,9,2,17,6,KBO_only
2025,Sang-soo Kim 김상수,Wiz (KBO),35.0,423,0.122931442,0.134751773,0.912280701,0.253521126,0.349282296,0.335211267,0.684493563,0.081690141,2.5693450548847636,0.283333333,-0.3348771119490266,47.61422017448651,-3.8519346541811266,0.3248089208877344,92.51559657603266,Sang-soo Kim,sa3012065,,113,355,90,71,14,0,5,42,47,52,1,57,4,7,5,8,3,1,KBO_only
2025,Sei-hyok Park 박세혁,Dinos (KBO),35.0,93,0.05376344,0.301075268,0.178571428,0.162790697,0.215053763,0.26744186,0.482495623,0.104651163,4.048576233842763,0.210526315,0.1399640697054565,3.092242301677959,-8.223011596823437,0.2251133675216346,27.328085869001132,Sei-hyok Park,sa3012290,,48,86,14,9,3,0,2,8,10,5,0,28,1,1,0,3,1,0,KBO_only
2025,Seok-hwan Kim 김석환,Tigers (KBO),26.0,134,0.104477611,0.410447761,0.254545454,0.264957264,0.350746268,0.358974358,0.709720626,0.094017094,3.76204318375,0.475409836,-0.168100613169372,16.115821919818973,-0.1878772457636831,0.3344929325046823,98.84764037991884,Seok-hwan Kim,sa3012653,,47,117,31,26,1,2,2,14,16,14,0,55,2,1,0,0,0,0,KBO_only
2025,Seong Bin Hwang 황성빈,Giants (KBO),27.0,273,0.065934065,0.168498168,0.391304347,0.25609756,0.314814814,0.31707317,0.631887984,0.06097561,9.112451243667838,0.308457711,2.9735168870538473,24.919493723648447,-8.296251591307264,0.2980565486130891,75.02313582717713,Seong Bin Hwang,sa3018222,,79,246,63,54,4,4,1,43,22,18,0,46,4,2,3,3,25,4,KBO_only
2025,Seong Ho Cheon 천성호,Twins (KBO),27.0,199,0.059322033,0.144067796,0.411764705,0.254716981,0.307017543,0.339622641,0.646640184,0.08490566,6.607440365175837,0.295454545,0.4839305379427969,11.14462957078845,-3.212359246664935,0.302035931955304,77.62511841786934,Seong Ho Cheon,sa3014323,,52,106,27,21,4,1,1,14,10,7,0,17,1,0,4,1,3,0,KBO_only
2025,Seong-han Park 박성한,Landers (KBO),27.0,538,0.146840148,0.172862453,0.849462365,0.274336283,0.384328358,0.380530973,0.764859331,0.10619469,3.360953442225646,0.330508474,-2.275866103824228,76.2119395895385,10.753804133691728,0.361380532523182,116.42852192290972,Seong-han Park,sa3012661,,127,452,124,92,23,2,7,73,48,79,1,93,3,2,2,6,5,6,KBO_only
2025,Seong-uk Kim 김성욱,Landers (KBO),32.0,119,0.058823529,0.243697478,0.24137931,0.209090909,0.262711864,0.318181818,0.580893682,0.109090909,2.5912050471997397,0.265822784,-0.3226303760893643,8.248827145038344,-6.2298310691731205,0.2704502435053809,56.97231762085345,Seong-uk Kim,sa3012349,,47,110,23,15,6,0,2,10,13,7,0,29,1,0,1,2,1,1,KBO_only
2025,Seong-yoon Kim 김성윤,Lions (KBO),26.0,538,0.120817843,0.100371747,1.203703703,0.33114035,0.418560606,0.47368421,0.892244816,0.14254386,7.651172327330773,0.364321608,1.477549095172435,97.0747512894737,31.616615833626913,0.4101244689840259,148.30051392917102,Seong-yoon Kim,sa3012644,,127,456,151,107,29,9,6,92,61,65,0,54,5,2,10,11,26,7,KBO_only
2025,Seung Yeup Na 나승엽,Giants (KBO),23.0,392,0.140306122,0.165816326,0.846153846,0.228658536,0.347043701,0.359756097,0.706799798,0.131097561,2.11909680875,0.258823529,-0.4402635106816888,46.83673377052894,-0.857669758638239,0.3335051133035073,98.20173920801057,Seung Yeup Na,sa3015054,,105,328,75,52,12,2,9,40,44,55,2,65,5,1,3,10,0,0,KBO_only
2025,Seung-ho Kang 강승호,Bears (KBO),31.0,400,0.06,0.2825,0.21238938,0.236111111,0.301507537,0.372222222,0.673729759,0.136111111,6.884933156435153,0.318181818,1.1560633890330791,39.98999794092874,-8.67776076230307,0.3089857778765938,82.16938483808413,Seung-ho Kang,sa3012361,,115,360,85,55,19,3,8,51,37,24,2,113,11,3,2,7,14,3,KBO_only
2025,Seung-kyu Park 박승규,Lions (KBO),24.0,200,0.105,0.215,0.488372093,0.287356321,0.376884422,0.419540229,0.796424651,0.132183908,4.5302671615644385,0.352,-0.9784544259309768,29.938077372210937,5.604198020595033,0.3714772714442344,123.03043398718454,Seung-kyu Park,sa3012721,,64,174,50,39,5,0,6,39,14,21,0,43,4,0,1,2,5,4,KBO_only
2025,Seung-min Go 고승민,Giants (KBO),24.0,538,0.104089219,0.154275092,0.674698795,0.270788912,0.34962406,0.34968017,0.69930423,0.078891258,4.29675788070227,0.318652849,-0.062953763641417,62.56174811968921,-2.896387336157579,0.329488183818968,95.57520647970294,Seung-min Go,sa3012726,,121,469,127,100,21,2,4,71,45,56,1,83,3,4,6,8,5,1,KBO_only
2025,Seung-wook Park 박승욱,Giants (KBO),32.0,92,0.054347826,0.326086956,0.166666666,0.19047619,0.244444444,0.226190476,0.47063492,0.035714286,3.916937815327264,0.296296296,-0.3066207938827574,3.2260638350467024,-7.967520666696615,0.2273960444662306,28.82065020855712,Seung-wook Park,sa3012327,,54,84,16,13,3,0,0,10,5,5,0,30,1,0,2,0,1,1,KBO_only
2025,Si-hwan Roh 노시환,Eagles (KBO),24.0,624,0.112179487,0.200320512,0.56,0.259740259,0.354166666,0.497217068,0.851383734,0.237476809,4.94417350861601,0.279792746,0.0507666976191103,96.68716717365449,20.765463596612857,0.37808523620767,127.35115601764797,Si-hwan Roh,sa3012734,,144,539,140,78,28,2,32,97,101,70,10,125,11,4,0,22,14,5,KBO_only
2025,Soo-bin Jung 정수빈,Bears (KBO),34.0,546,0.111721611,0.104395604,1.070175438,0.257575757,0.355018587,0.348484848,0.703503435,0.090909091,6.56978337689141,0.280397022,-1.0498690553940833,65.00472291768514,-1.4267677122262834,0.3329706501160095,97.8522720193428,Soo-bin Jung,sa3013258,,132,462,119,93,16,4,6,89,38,61,2,57,11,4,8,7,26,13,KBO_only
2025,Soo-haeng Jo 조수행,Bears (KBO),31.0,140,0.1,0.207142857,0.48275862,0.243697478,0.32330827,0.277310924,0.600619194,0.033613446,6.973252804252051,0.322222222,2.829879693221301,12.069525259933194,-4.96419028619794,0.2916845128052217,70.85667966713547,Soo-haeng Jo,sa3012578,,108,119,29,25,4,0,0,30,9,14,0,29,0,0,7,1,30,7,KBO_only
2025,Stone Garrett 스톤 개랫,Heroes (KBO),29.0,93,0.05376344,0.258064516,0.208333333,0.24137931,0.279569892,0.310344827,0.589914719,0.068965517,0.14285714,0.306451612,-0.0960574932396411,6.764024913659936,-4.55122898484146,0.2747410561448784,59.77793317174943,Stone Garrett,19273,,22,87,21,19,0,0,2,4,15,5,0,24,0,1,0,2,0,0,KBO_only
2025,Suk-hwan Yang 양석환,Bears (KBO),33.0,294,0.081632653,0.278911564,0.292682926,0.248091603,0.319727891,0.400763358,0.720491249,0.152671755,2.457643428708637,0.325714285,-0.0761652900837361,34.235642952680536,-1.535159694194843,0.3296918002411774,95.70834429031484,Suk-hwan Yang,sa3012438,,72,262,65,41,16,0,8,32,31,24,1,82,5,3,0,6,1,0,KBO_only
2025,Suk-hyun Han 한석현,Dinos (KBO),31.0,138,0.086956521,0.195652173,0.444444444,0.194690265,0.305970149,0.31858407,0.624554219,0.123893805,3.7304498300445577,0.223529411,-0.3626543316058814,12.689050246592156,-4.101326506022818,0.298898027903998,75.57335033959815,Suk-hyun Han,sa3014319,,61,113,22,14,5,0,3,18,21,12,0,27,7,2,4,1,1,1,KBO_only
2025,Sun-bin Kim 김선빈,Tigers (KBO),35.0,308,0.10064935,0.113636363,0.885714285,0.32103321,0.395424836,0.42804428,0.823469116,0.10701107,4.023690716517208,0.358974358,0.403762852307409,48.82256135036632,11.348387148877828,0.38256943693348,130.28322142033235,Sun-bin Kim,sa3013220,,84,271,87,65,18,1,3,31,46,31,0,35,3,1,2,8,4,0,KBO_only
2025,Sun-jin Oh 오선진,Heroes (KBO),35.0,163,0.073619631,0.276073619,0.266666666,0.237762237,0.3081761,0.314685314,0.622861414,0.076923077,1.46230158375,0.336734693,-0.1600958220660686,14.51950978787975,-5.312601883687212,0.2952868458609911,73.2121219783982,Sun-jin Oh,sa3013231,,99,143,34,25,8,0,1,15,19,12,0,45,3,1,4,2,0,0,KBO_only
2025,Sun-woo Oh 오선우,Tigers (KBO),28.0,474,0.071729957,0.333333333,0.215189873,0.265446224,0.32278481,0.432494279,0.755279089,0.167048055,2.2419866641303727,0.375478927,-1.3214260512031617,60.21224201577915,2.5409479524494487,0.3429935673030756,104.40591457798604,Sun-woo Oh,sa3012730,,124,437,116,80,17,1,18,58,56,34,2,158,3,0,0,11,0,2,KBO_only
2025,Sung-Mun Song 송성문,Heroes (KBO),28.0,646,0.105263157,0.148606811,0.708333333,0.31533101,0.386996904,0.529616724,0.916613628,0.214285714,6.245619759446603,0.34065934,3.4264231035485864,116.38263419226834,37.784203886548966,0.4097757006584203,148.07246625610986,Sung-Mun Song,37122,,144,574,181,114,37,4,26,103,90,68,5,96,1,3,0,6,25,2,KBO_to_MLB
2025,Sung-bum Na 나성범,Tigers (KBO),35.0,310,0.13548387,0.254838709,0.531645569,0.268199233,0.380645161,0.444444444,0.825089605,0.176245211,0.7433473337500001,0.346820809,-0.3642179952003062,48.64422596384582,10.92671296884116,0.3805608359741161,128.96986598848207,Sung-bum Na,sa3012352,,82,261,70,44,16,0,10,30,36,42,1,79,6,1,0,6,0,0,KBO_only
2025,Sung-gyu Lee 이성규,Lions (KBO),31.0,154,0.097402597,0.337662337,0.288461538,0.198412698,0.326797385,0.396825396,0.723622781,0.198412698,4.886236134653338,0.271428571,-0.6132415877655149,18.831886554248957,0.0947994535047102,0.3370290877772312,100.50594552394936,Sung-gyu Lee,sa3012587,,68,126,25,13,5,1,6,17,21,15,0,52,10,2,1,3,2,2,KBO_only
2025,Sung-hyun Kim 김성현,Landers (KBO),38.0,137,0.116788321,0.145985401,0.8,0.217391304,0.315789473,0.269565217,0.58535469,0.052173913,2.7342020184172986,0.252631578,-0.38266630936414,11.24117358493705,-5.427533770919847,0.2864573001861572,67.43878421374546,Sung-hyun Kim,sa3013146,,59,115,25,21,3,0,1,15,11,16,0,20,1,1,4,4,1,1,KBO_only
2025,Sung-ju Moon 문성주,Twins (KBO),28.0,542,0.099630996,0.108856088,0.915254237,0.305263157,0.374538745,0.374736842,0.749275587,0.069473685,3.0814126978452543,0.33649289,-1.2041522404178977,72.26664274641806,6.321829703538951,0.3509166478230944,109.58654579766316,Sung-ju Moon,sa3012668,,135,475,145,120,20,2,3,57,70,54,0,59,4,9,0,10,4,3,KBO_only
2025,Sung-won Choo 주성원,Heroes (KBO),24.0,174,0.074712643,0.258620689,0.288888888,0.25,0.32183908,0.307692307,0.629531387,0.057692307,4.928917282732073,0.342342342,0.6038826298899949,16.27268178107076,-4.897793254835079,0.3008734049468204,76.86498178936345,Sung-won Choo,sa3020897,,58,156,39,32,6,0,1,21,12,13,0,45,4,1,0,2,4,0,KBO_only
2025,Sung-woo Jang 장성우,Wiz (KBO),35.0,480,0.114583333,0.2,0.572916666,0.246973365,0.332635983,0.380145278,0.712781261,0.133171913,0.9994238131453675,0.282958199,-0.954889098647982,56.0022254555711,-2.3990849883070733,0.3299727839743816,95.89206993803244,Sung-woo Jang,sa3013216,,129,413,102,75,13,0,14,44,58,55,1,96,2,8,2,13,0,1,KBO_only
2025,Tae Hyun Jeon 전태현,Heroes (KBO),19.0,207,0.096618357,0.285024154,0.33898305,0.23076923,0.303921568,0.258241758,0.562163326,0.027472528,4.261619519009966,0.336,0.5718634654767811,14.760977755277176,-10.424587373645286,0.2729531468129625,58.60888044289324,Tae Hyun Jeon,sa3066879,,77,182,42,37,5,0,0,20,10,20,0,59,0,2,3,2,4,0,KBO_only
2025,Tae Yang Han 한태양,Giants (KBO),21.0,267,0.119850187,0.258426966,0.463768115,0.273913043,0.367424242,0.378260869,0.745685111,0.104347826,5.14423597520714,0.383647798,-0.577339802403003,35.682396572525946,3.196667638118712,0.3513046105702718,109.8402213617345,Tae Yang Han,sa3018255,,108,230,63,45,14,2,2,42,22,32,0,69,2,0,3,3,3,2,KBO_only
2025,Tae-gon Oh 오태곤,Landers (KBO),33.0,229,0.131004366,0.257641921,0.508474576,0.201030927,0.309734513,0.30927835,0.619012863,0.108247423,6.078735676856566,0.259541984,1.3192564859054985,20.78935734406134,-7.072934513538875,0.2974318561300767,74.61467078987067,Tae-gon Oh,sa3012193,,122,194,39,28,6,0,5,31,26,30,0,59,1,1,3,4,25,8,KBO_only
2025,Tae-hoon Kim 김태훈,Lions (KBO),29.0,98,0.030612244,0.244897959,0.125,0.236559139,0.260416666,0.311827956,0.572244622,0.075268817,2.2373253770158454,0.298507462,0.1119473008438944,6.325295393957582,-5.598305488334212,0.2644493418435256,53.04853337846561,Tae-hoon Kim,sa3012501,,51,93,22,19,1,0,2,4,8,3,0,24,0,0,2,0,1,0,KBO_only
2025,Tae-hun Do 도태훈,Dinos (KBO),32.0,98,0.071428571,0.163265306,0.4375,0.181818181,0.315217391,0.298701298,0.613918689,0.116883117,7.683776288966551,0.216666666,0.5079449112527072,9.185948869181903,-2.737652013109889,0.3011411583941916,77.04005660592277,Tae-hun Do,sa3012620,,62,77,14,8,4,1,1,9,8,7,0,16,8,0,6,2,3,0,KBO_only
2025,Tae-jin Kim 김태진,Heroes (KBO),29.0,304,0.065789473,0.174342105,0.37735849,0.23297491,0.281456953,0.340501792,0.621958745,0.107526882,3.2324334909082193,0.267857142,-0.4947333848103881,24.66153439143632,-12.325962223019856,0.2852896950965704,66.67532720178099,Tae-jin Kim,sa3012499,,94,279,65,47,11,2,5,27,25,20,1,53,0,3,2,6,1,1,KBO_only
2025,Tae-yean Kim 김태연,Eagles (KBO),28.0,340,0.067647058,0.182352941,0.370967741,0.260726072,0.329341317,0.339933993,0.66927531,0.079207921,3.612468263885496,0.319327731,-0.6599462199956179,36.034647983847336,-5.332946913899704,0.3165393314675657,87.10839504428104,Tae-yean Kim,sa3012603,,120,303,79,61,15,0,3,40,20,23,0,62,8,0,6,10,5,3,KBO_only
2025,Taegun Kim 김태군,Tigers (KBO),35.0,274,0.062043795,0.0729927,0.85,0.258474576,0.330827067,0.372881355,0.703708422,0.114406779,1.552103715,0.261682242,-0.2841700841672718,31.209424027174823,-2.127990684538968,0.3264930783577685,93.61680951285268,Taegun Kim,sa3012057,,100,236,61,45,10,1,5,20,31,17,1,20,10,3,8,9,0,0,KBO_only
2025,Victor Reyes 레이예스,Giants (KBO),30.0,643,0.090202177,0.102643856,0.878787878,0.32635253,0.385692068,0.474694589,0.860386657,0.148342059,3.3287623290885957,0.345924453,0.2770103090442717,101.47435843469005,23.2409363192449,0.3816884447591373,129.70717078558752,Victor Reyes,15487,,144,573,187,129,44,1,13,75,107,58,17,66,3,9,0,25,7,1,KBO_only
2025,Whee Jip Kim 김휘집,Dinos (KBO),23.0,500,0.08,0.178,0.449438202,0.249417249,0.34939759,0.419580419,0.768978009,0.17016317,5.3188923126884005,0.276923076,0.5905212764628232,69.05217001402266,8.217471634982903,0.3569137863366,113.5078694461222,Whee Jip Kim,sa3015123,,142,429,107,70,18,2,17,64,56,40,0,89,27,2,2,9,10,2,KBO_only
2025,Won Yeong Choi 최원영,Twins (KBO),21.0,115,0.034782608,0.173913043,0.2,0.281553398,0.330357142,0.330097087,0.660454229,0.048543689,6.051665314025534,0.345238095,-0.2503777593374252,11.722717604863517,-2.26926302231563,0.3114515798432486,83.78168836292105,Won Yeong Choi,sa3023554,,119,103,29,24,5,0,0,37,2,4,0,20,4,1,3,4,8,4,KBO_only
2025,Won-jun Choi 최원준,Tigers (KBO),28.0,449,0.061224489,0.175510204,0.348837209,0.229074889,0.281632653,0.31277533,0.594407983,0.083700441,5.241177140454056,0.26519337,1.1372858034446836,18.57353778226035,-11.235464423469134,0.2786111963038541,62.30848538328597,Won-jun Choi,sa3012595,,76,227,52,41,7,0,4,28,19,15,0,43,2,1,0,2,9,1,KBO_only
2025,Won-seok Lee 이원석,Eagles (KBO),26.0,248,0.092741935,0.205645161,0.450980392,0.202830188,0.290456431,0.29245283,0.582909261,0.089622642,6.994061811483691,0.245283018,2.6721328808926046,18.931553192190616,-11.24245720381311,0.279273061336818,62.74125627893974,Won-seok Lee,sa3012693,,129,212,43,32,7,0,4,60,24,23,0,51,4,2,7,4,21,3,KBO_only
2025,Woo-hyuk Byun 변우혁,Tigers (KBO),25.0,153,0.065359477,0.307189542,0.212765957,0.218309859,0.274509803,0.267605633,0.542115436,0.049295774,1.1946864025,0.326315789,-0.14008384430781,9.198951089107096,-9.416466614879072,0.2588935100954342,49.41576512214013,Woo-hyuk Byun,sa3012733,,47,142,31,24,7,0,0,11,17,10,0,47,1,0,0,3,0,0,KBO_only
2025,Woo-jun Shim 심우준,Eagles (KBO),30.0,275,0.061818181,0.178181818,0.346938775,0.23076923,0.287313432,0.299595141,0.586908573,0.068825911,6.8897122404948705,0.279187817,1.509269040543586,20.540005349853708,-12.919078758618165,0.2772040900899403,61.38842678199,Woo-jun Shim,sa3012420,,94,247,57,45,9,1,2,39,22,17,0,49,3,1,7,4,11,1,KBO_only
2025,Woo-sung Lee 이우성,Tigers (KBO),30.0,337,0.102272727,0.210227272,0.486486486,0.219354838,0.306818181,0.33548387,0.642302051,0.116129032,1.89285714,0.273504273,-0.1640982176177203,16.682619701152582,-4.731194128269414,0.3024653162468563,77.90587811233848,Woo-sung Lee,sa3012368,,56,155,34,21,10,1,2,11,15,18,0,37,2,1,0,4,0,0,KBO_only
2025,Yasiel Puig 푸이그,Heroes (KBO),34.0,172,0.069767441,0.220930232,0.315789473,0.211538461,0.28488372,0.339743589,0.624627309,0.128205128,1.2806776525,0.241071428,-0.1640982176177203,14.97334372425225,-5.953792518137431,0.2927446905956712,71.5498936444179,Yasiel Puig,14225,,40,156,33,25,2,0,6,17,20,12,0,38,4,0,0,1,0,0,MLB_to_KBO
2025,Yoo-seom Han 한유섬,Landers (KBO),35.0,511,0.090019569,0.234833659,0.383333333,0.272527472,0.347058823,0.424175824,0.771234647,0.151648352,1.6515953777372068,0.338509316,-0.3403233964927494,68.94365284495579,6.770591101577157,0.3529099700954068,110.88991101889592,Yoo-seom Han,sa3012336,,128,455,124,85,24,0,15,50,71,46,3,120,7,2,1,6,1,0,KBO_only
2025,Yoon-suk Oh 오윤석,Wiz (KBO),33.0,184,0.065217391,0.222826086,0.292682926,0.256410256,0.335227272,0.32051282,0.655740092,0.064102564,3.89285714,0.344827586,-0.2001197775825858,19.037393436844035,-3.349775566642598,0.313371523537419,85.0370738429638,Yoon-suk Oh,sa3012464,,77,156,40,31,8,1,0,30,19,12,0,41,7,1,8,4,0,0,KBO_only
2025,Young Mook Hwang 황영묵,Eagles (KBO),25.0,286,0.069930069,0.129370629,0.54054054,0.273076923,0.328621908,0.357692307,0.686314215,0.084615384,3.6751271183768424,0.313901345,-1.387903111986816,31.138739655544324,-3.658707817266419,0.3201751013947881,89.48570058155795,Young Mook Hwang,sa3023498,,117,260,71,52,17,1,1,40,22,20,0,37,2,1,2,4,1,3,KBO_only
2025,Young Woong Kim 김영웅,Lions (KBO),21.0,499,0.096192384,0.286573146,0.335664335,0.248878923,0.32264529,0.45515695,0.77780224,0.206278027,4.405644524569848,0.313380281,-0.1094188466668129,65.93032420124406,5.217295218962381,0.3493977186660613,108.59337000050677,Young Woong Kim,sa3020665,,125,446,111,65,22,2,22,66,72,48,3,143,2,3,0,6,6,2,KBO_only
2025,Young-soo Oh 오영수,Dinos (KBO),25.0,179,0.122905027,0.262569832,0.468085106,0.232258064,0.33519553,0.322580645,0.657776175,0.090322581,2.501857251273572,0.314285714,-0.4692751225084066,18.92409437543015,-2.8547276442660836,0.3162086675952932,86.8921852537096,Young-soo Oh,sa3012702,,67,155,36,28,5,0,3,14,23,22,0,47,2,0,0,0,3,2,KBO_only
2025,Yu-chan Lee 이유찬,Bears (KBO),26.0,311,0.106109324,0.212218649,0.5,0.241635687,0.327868852,0.289962825,0.617831677,0.048327138,5.6493247913765625,0.315270935,1.1786338733509183,28.622918440874116,-9.216263950888615,0.2990054599574355,75.64359648295435,Yu-chan Lee,sa3012635,,89,269,65,55,8,1,1,36,16,33,0,66,2,1,6,4,12,2,KBO_only
2026,Aderlin Rodríguez 아데를린,Tigers (KBO),34.0,130,0.053846153,0.192307692,0.28,0.264462809,0.307692307,0.553719008,0.861411315,0.289256199,1.0264778275,0.252873563,-0.0809805002063512,19.786202607105302,2.991475758503006,0.3733710678724142,117.81199411857042,Aderlin Rodriguez,sa511026,,32,121,32,17,5,0,10,17,31,7,0,25,1,1,0,4,0,0,KBO_only
2026,Ah-seop Son 손아섭,Bears (KBO),38.0,160,0.08125,0.18125,0.448275862,0.243055555,0.3,0.291666666,0.591666666,0.048611111,1.379559265,0.29059829,-0.1392864603549242,11.907002450232058,-8.763430594201536,0.2799173090606928,57.604029991227165,Ah-seop Son,sa3012050,,44,144,35,30,4,0,1,15,14,13,0,29,0,3,0,2,0,0,KBO_only
2026,Austin Dean 오스틴,Twins (KBO),32.0,529,0.117202268,0.143667296,0.815789473,0.341409691,0.427221172,0.662995594,1.090216766,0.321585903,4.131974517562759,0.343930635,-0.8030831404030323,123.17643800724584,54.83481875408729,0.4702650668744147,180.23634697761855,Austin Dean,18288,,119,454,155,85,30,4,36,96,112,62,6,76,9,4,0,8,3,2,KBO_only
2026,Baek-ho Kang 강백호,Eagles (KBO),26.0,455,0.098901098,0.206593406,0.478723404,0.284653465,0.356043956,0.542079207,0.898123163,0.257425742,1.414752217700758,0.304195804,-1.273514349013567,76.49544324924342,17.713899279135383,0.3924988380028245,130.13513780472212,Baek-ho Kang,sa3012665,,104,404,115,67,20,0,28,61,97,45,4,94,2,4,0,7,0,2,KBO_only
2026,Blaine Crim 블레인,Dinos (KBO),29.0,142,0.091549295,0.211267605,0.433333333,0.25,0.316901408,0.40625,0.723151408,0.15625,1.54910714,0.287234042,-0.1133727002888917,16.390233160084193,-1.9547761668506225,0.3291841161922669,89.34437082034869,Blaine Crim,25714,,36,128,32,22,5,0,5,18,25,13,0,30,0,1,0,4,0,0,KBO_only
2026,Bo-gyeong Moon 문보경,Twins (KBO),25.0,363,0.151515151,0.192837465,0.785714285,0.253333333,0.363636363,0.38,0.743636363,0.126666667,1.05474238375,0.293859649,-0.3498357608914375,46.21240075455732,-0.6836442150013972,0.3434608482384748,98.54221349487966,Bo-gyeong Moon,sa3015048,,92,300,76,56,11,0,9,39,53,55,4,70,1,7,0,7,0,0,KBO_only
2026,Bon-hyeok Gu 구본혁,Twins (KBO),29.0,296,0.070945945,0.121621621,0.583333333,0.288461538,0.345070422,0.315384615,0.660455037,0.026923077,3.5851113490692166,0.333333333,0.305230988189578,30.704652140478963,-7.535648991723186,0.3151362255005769,80.293960119008,Bon-hyeok Gu,sa3012711,,110,260,75,68,7,0,0,32,19,21,0,36,2,1,12,6,3,0,KBO_only
2026,Byeong-woo Jeon 전병우,Lions (KBO),33.0,352,0.105113636,0.255681818,0.411111111,0.238907849,0.354285714,0.389078498,0.743364212,0.150170649,3.5785332349697896,0.313131313,-0.8281652629375458,45.80823277553941,0.333280077785507,0.346861173908485,100.73288713459613,Byeong-woo Jeon,sa3011926,,97,293,70,43,18,1,8,45,47,37,1,90,17,3,2,7,2,2,KBO_only
2026,Byeong-wuk Lim 임병욱,Heroes (KBO),30.0,257,0.050583657,0.315175097,0.160493827,0.259574468,0.3125,0.44680851,0.75930851,0.187234042,4.067737022920872,0.349315068,0.4186036884784698,32.034292036922,-1.167591040699463,0.3402651299256831,96.4833589770502,Byeong-wuk Lim,sa3012450,,73,235,61,37,14,0,10,33,31,13,0,81,6,2,1,2,3,0,KBO_only
2026,Chan Hyeok Park 박찬혁,Heroes (KBO),23.0,284,0.095070422,0.25,0.38028169,0.233606557,0.328571428,0.356557377,0.685128805,0.12295082,1.08035714,0.295180722,-0.252659160643816,31.181584640423747,-5.508434013445883,0.3224199974111148,84.9865597905197,Chan Hyeok Park,sa3018071,,82,244,57,43,6,0,8,27,28,27,0,71,8,1,4,9,0,0,KBO_only
2026,Chan-ho Park 박찬호,Bears (KBO),31.0,506,0.09486166,0.13833992,0.685714285,0.292792792,0.360721442,0.387387387,0.748108829,0.094594595,6.122315234912386,0.334224598,2.307155789807439,65.78262976669325,0.4123852636720113,0.3467027866936113,100.6308455273606,Chan-ho Park,sa3012474,,119,444,130,100,23,2,5,72,47,48,1,70,2,5,7,11,30,7,KBO_only
2026,Chan-ui Song 송찬의,Twins (KBO),27.0,334,0.080838323,0.230538922,0.35064935,0.294520547,0.381381381,0.534246575,0.915627956,0.239726028,3.92375649612767,0.358208955,-0.0785729177296161,60.89951848965942,17.749989509404294,0.4095741830788575,141.13599830377416,Chan-ui Song,sa3018197,,95,292,86,45,26,1,14,56,58,27,0,77,14,0,1,9,1,0,KBO_only
2026,Chang-ki Hong 홍창기,Twins (KBO),32.0,460,0.14347826,0.217391304,0.66,0.247311827,0.380743982,0.293010752,0.673754734,0.045698925,4.130734943976594,0.334545454,-0.8322361204773188,55.401111883664704,-4.02638311908188,0.3352071166821068,93.2247133773756,Chang-ki Hong,sa3012570,,110,372,92,77,13,2,0,64,30,66,0,100,16,3,3,11,3,2,KBO_only
2026,Chi-hong An 안치홍,Heroes (KBO),35.0,432,0.104166666,0.143518518,0.725806451,0.264550264,0.344988344,0.373015873,0.718004217,0.108465609,1.08035714,0.293548387,-0.3984240610152483,51.33717345332537,-4.472995766645335,0.3332833815235165,91.98533917893094,Chi-hong An,sa3013286,,105,378,100,77,14,0,9,43,51,45,2,62,3,3,3,14,0,0,KBO_only
2026,Dae-han Kim 김대한,Bears (KBO),25.0,110,0.054545454,0.218181818,0.25,0.242424242,0.296296296,0.353535353,0.649831649,0.111111111,4.261224074506025,0.287671232,0.1125410627573728,9.992401609534186,-4.218521108513912,0.2996469614682374,70.31493878186866,Dae-han Kim,sa3012718,,31,99,24,19,2,0,3,15,9,6,0,24,2,1,2,1,1,0,KBO_only
2026,Daz Cameron 카메론,Bears (KBO),29.0,314,0.095541401,0.168789808,0.566037735,0.286738351,0.359872611,0.473118279,0.83299089,0.186379928,6.36035366205852,0.324200913,1.534383986145258,48.3251215775225,7.7593967278215805,0.3754136915419512,119.12796272363116,Daz Cameron,18353,,75,279,80,49,19,3,9,39,43,30,0,53,3,2,0,9,9,0,MLB_to_KBO
2026,Do Yeong Kim 김도영,Tigers (KBO),22.0,513,0.140350877,0.167641325,0.837209302,0.301624129,0.405458089,0.633410672,1.038868761,0.331786543,4.754463610421855,0.293548387,0.9008660316467284,109.22534570080374,42.950769752088526,0.446316382672527,164.8073097975381,Do Yeong Kim,sa3018059,,117,431,130,66,24,1,39,99,98,72,8,86,6,4,0,8,9,1,KBO_only
2026,Do-hwan Kim 김도환,Lions (KBO),26.0,110,0.1,0.272727272,0.366666666,0.241758241,0.336448598,0.351648351,0.688096949,0.10989011,1.130760365,0.327868852,-0.0971766002476215,12.181505918704612,-2.029416799343483,0.323557370733992,85.71931717870724,Do-hwan Kim,sa3012722,,53,91,22,16,4,0,2,10,9,11,0,30,3,2,3,2,0,0,KBO_only
2026,Do-yun Lee 이도윤,Eagles (KBO),29.0,350,0.048571428,0.142857142,0.34,0.272727272,0.313953488,0.357366771,0.671320259,0.084639499,4.737101775612161,0.313653136,-0.1404122058302164,34.211404549462536,-11.005167735235949,0.3079453470408048,75.66120743088668,Do-yun Lee,sa3012554,,101,319,87,67,15,3,2,37,34,17,1,50,4,4,6,2,3,1,KBO_only
2026,Dong Hee Yoon 윤동희,Giants (KBO),22.0,284,0.109154929,0.257042253,0.424657534,0.240963855,0.334507042,0.353413654,0.687920696,0.112449799,1.2464924658790375,0.321637426,-0.7015415746718645,30.98846588310737,-5.701552770762262,0.3216030024890358,84.4602074898075,Dong Hee Yoon,sa3018265,,75,249,60,42,13,0,5,25,24,31,2,73,4,0,0,4,0,1,KBO_only
2026,Dong Heon Kim 김동헌,Heroes (KBO),21.0,80,0.0375,0.2375,0.157894736,0.232876712,0.29113924,0.356164383,0.647303623,0.123287671,0.8336466087500001,0.301886792,-0.0518275201320648,7.237074178281483,-3.098142343935314,0.2991945026796075,70.0234403674516,Dong Heon Kim,sa3020913,,28,73,17,10,6,0,1,5,11,3,0,19,3,0,1,0,0,0,KBO_only
2026,Dong Jin Kwon 권동진,Wiz (KBO),27.0,217,0.105990783,0.276497695,0.383333333,0.267379679,0.352112676,0.379679144,0.73179182,0.112299465,5.419661665963693,0.38095238,-0.4529532715678215,27.261900691137026,-0.772374125376032,0.3414471706314266,97.24489350828122,Dong Jin Kwon,sa3014744,,99,187,50,35,11,2,2,37,27,23,0,60,2,1,4,2,1,1,KBO_only
2026,Dong Uk Yeo 여동욱,Heroes (KBO),20.0,153,0.124183006,0.333333333,0.372549019,0.192,0.324503311,0.328,0.652503311,0.136,3.19093405875,0.28169014,-0.1328080203384161,15.612275809662432,-4.153825789077191,0.3131046409638512,78.98510352014958,Dong Uk Yeo,sa3066878,,62,125,24,16,3,1,4,16,10,19,0,51,6,1,2,2,0,0,KBO_only
2026,Dong-hui Han 한동희,Giants (KBO),27.0,338,0.076923076,0.162721893,0.472727272,0.294701986,0.357988165,0.509933774,0.867921939,0.215231788,2.1436742097191317,0.307692307,-0.0785729177296161,53.834819970456735,10.168530164090766,0.3818691394286241,123.2869112745373,Dong-hui Han,sa3012686,,81,302,89,58,14,0,17,43,55,26,4,55,6,4,0,17,1,0,KBO_only
2026,Dong-won Park 박동원,Twins (KBO),36.0,361,0.127423822,0.227146814,0.560975609,0.227424749,0.33427762,0.394648829,0.728926449,0.16722408,1.9952030141749968,0.267942583,-1.0054907258599997,42.85653705008508,-3.781127506418216,0.3331393485409873,91.89254534425233,Dong-won Park,sa3013271,,107,299,68,42,14,0,12,44,52,46,3,82,4,4,8,11,1,2,KBO_only
2026,Doo-sung Chang 장두성,Giants (KBO),26.0,188,0.042553191,0.202127659,0.210526315,0.275862068,0.313513513,0.310344827,0.62385834,0.034482759,7.665578688790013,0.350364963,3.028321387246251,16.11749781009244,-8.17026101711703,0.2935090754483197,66.36058075492778,Doo-sung Chang,sa3014778,,76,174,48,43,4,1,0,25,17,8,0,38,2,1,3,0,16,0,KBO_only
2026,Euiji Yang 양의지,Bears (KBO),39.0,461,0.112798264,0.112798264,1.0,0.261096605,0.36659436,0.454308093,0.820902453,0.193211488,2.0300740362701952,0.252336448,-0.0243378151208162,69.36255008673947,9.80586487746518,0.3712799133558419,116.4647593179652,Euiji Yang,sa3012037,,115,383,100,64,17,0,19,46,69,52,2,52,17,9,0,14,2,0,KBO_only
2026,Eun-seong Chae 채은성,Eagles (KBO),36.0,192,0.078125,0.177083333,0.44117647,0.29239766,0.359375,0.432748538,0.792123538,0.140350878,2.2673834444485808,0.330827067,0.0153644625097513,27.434637194646207,2.6301175413258946,0.3621819823359449,110.6033802632974,Eun-seong Chae,sa3013253,,47,171,50,38,6,0,6,19,20,15,0,34,4,2,0,9,1,0,KBO_only
2026,Gang Min Lee 이강민,Wiz (KBO),19.0,163,0.049079754,0.257668711,0.19047619,0.185430463,0.229813664,0.19205298,0.421866644,0.006622517,1.77480158375,0.254545454,-0.1166119202971458,2.085780764359769,-18.972222899656956,0.2058795942282824,9.904931149403716,Gang Min Lee,sa3075927,,56,151,28,27,1,0,0,13,15,8,0,42,1,1,2,4,0,0,KBO_only
2026,Geonchang Seo 서건창,Heroes (KBO),36.0,402,0.109452736,0.0920398,1.189189189,0.31871345,0.409090909,0.406432748,0.815523657,0.087719298,4.343280638758803,0.349834983,-0.96745172329247,63.65919689270402,11.724733868564613,0.3807657036465846,122.5760182850353,Geonchang Seo,sa3012058,,88,342,109,89,13,4,3,58,31,44,3,37,9,1,6,8,2,2,KBO_only
2026,Guillermo Heredia 에레디아,Landers (KBO),35.0,409,0.058679706,0.161369193,0.363636363,0.283422459,0.334963325,0.467914438,0.802877763,0.184491979,1.9026665710003008,0.304054054,-1.9518438540399077,56.89977942536309,4.060984955529723,0.3576530736552995,107.68561242979948,Guillermo Heredia,18721,,93,374,106,69,21,0,16,47,82,24,2,66,7,4,0,9,1,4,KBO_only
2026,Gun Hee Kim 김건희,Heroes (KBO),21.0,392,0.071428571,0.25510204,0.28,0.273239436,0.325581395,0.402816901,0.728398296,0.129577465,0.7999084212500001,0.356,-0.3077259007841348,45.90787046453017,-4.734690494332138,0.3312118833237979,90.65076804038762,Gun Hee Kim,sa3020912,,115,355,97,67,22,0,8,32,50,28,1,100,1,3,5,8,0,0,KBO_only
2026,Hae-min Park 박해민,Twins (KBO),36.0,478,0.098326359,0.110878661,0.886792452,0.282828282,0.368763557,0.356060606,0.724824163,0.073232324,6.42619604582857,0.312138728,0.4076769854873419,60.71445945306181,-1.0384592671835555,0.3431133930440063,98.31836407297926,Hae-min Park,sa3012304,,119,396,112,93,13,2,4,68,51,47,0,53,11,7,17,6,32,12,KBO_only
2026,Han Byul Kim 김한별,Dinos (KBO),25.0,128,0.1171875,0.1953125,0.6,0.235294117,0.376,0.303921568,0.679921568,0.068627451,5.643967311447787,0.311688311,0.4704312086105346,15.686507633832209,-0.8498388017146689,0.3377465949058533,94.86078254935542,Han Byul Kim,sa3018055,,74,102,24,17,7,0,0,23,7,15,0,25,8,0,3,5,3,0,KBO_only
2026,Harold Castro 카스트로,Tigers (KBO),32.0,311,0.048231511,0.151125401,0.319148936,0.323024054,0.356913183,0.553264604,0.910177787,0.23024055,1.71200607125,0.340517241,-0.2332238405942917,53.7999006348056,13.621746404687803,0.3983478154565138,133.90336531307568,Harold Castro,14691,,72,291,94,57,22,0,15,48,59,15,2,47,2,3,0,5,0,0,KBO_only
2026,Ho-cheol Seo 서호철,Dinos (KBO),29.0,155,0.109677419,0.206451612,0.53125,0.212121212,0.306666666,0.287878787,0.594545453,0.075757575,4.443374419159916,0.265306122,0.2704312056303024,12.510259454475632,-7.514222557319413,0.2874776677290598,62.474821806160584,Ho-cheol Seo,sa3014321,,55,132,28,22,4,0,2,20,14,17,0,32,1,0,5,4,2,0,KBO_only
2026,Ho-ryung Kim 김호령,Tigers (KBO),34.0,483,0.057971014,0.262939958,0.22047244,0.273972602,0.316561844,0.426940639,0.743502483,0.152968037,5.606509311609489,0.349673202,-0.3111538235098123,57.173146107276814,-5.225723645607099,0.3327245212653104,91.625291185077,Ho-ryung Kim,sa3012550,,115,438,120,81,24,2,13,67,60,28,1,127,3,8,6,8,14,6,KBO_only
2026,Ho-young Son 손호영,Giants (KBO),31.0,176,0.068181818,0.204545454,0.333333333,0.207547169,0.272727272,0.339622641,0.612349913,0.132075472,3.3031306688318924,0.239669421,-0.6305728424340487,13.374640803544969,-9.362835545331984,0.2818078378384763,58.82201084380927,Ho-young Son,sa830429,,66,159,33,20,9,0,4,19,17,12,0,36,3,2,0,3,2,2,KBO_only
2026,Hui-dong Kwon 권희동,Dinos (KBO),35.0,221,0.153846153,0.14479638,1.0625,0.247252747,0.365296803,0.357142857,0.72243966,0.10989011,2.6242537029224176,0.277027027,-0.4788670316338539,28.146891653765497,-0.4041439888584027,0.34352646244171,98.58448571212226,Hui-dong Kwon,sa3012415,,72,182,45,33,8,0,4,32,28,34,0,32,1,2,2,3,1,1,KBO_only
2026,Hun Gon Kim 김헌곤,Lions (KBO),37.0,86,0.046511627,0.15116279,0.307692307,0.271604938,0.302325581,0.320987654,0.623313235,0.049382716,4.818694575918955,0.318840579,-0.7917022053152323,7.052141387949583,-4.058216373433474,0.2890279168306395,63.473576093662246,Hun Gon Kim,sa3011906,,66,81,22,19,2,1,0,10,5,4,0,13,0,1,0,2,1,2,KBO_only
2026,Hyeong Woo Cho 조형우,Landers (KBO),24.0,334,0.074850299,0.16766467,0.446428571,0.263513513,0.323170731,0.402027027,0.725197758,0.138513514,1.7313988025,0.299578059,-0.25589838065207,38.92121090829048,-4.228318071964646,0.3305134168121872,90.20077815009408,Hyeong Woo Cho,sa3019473,,94,296,78,51,20,0,7,41,36,25,0,56,3,4,6,5,0,0,KBO_only
2026,Hyoung-woo Choi 최형우,Lions (KBO),42.0,486,0.131687242,0.166666666,0.790123456,0.321951219,0.411522633,0.495121951,0.906644584,0.173170732,1.620134310470606,0.361370716,-0.3085575383156538,87.79973791913604,25.013297546669,0.4075605290559317,139.83869351134257,Hyoung-woo Choi,sa3012871,,113,410,132,93,23,0,16,56,94,64,4,81,4,8,0,17,1,0,KBO_only
2026,Hyuk Bin Gwon 권혁빈,Heroes (KBO),20.0,262,0.045801526,0.244274809,0.1875,0.227848101,0.28125,0.270042194,0.551292194,0.042194093,2.44588744,0.310344827,-0.2040708605200052,15.869669472550692,-17.978164637709316,0.2632799320854246,46.88533222201137,Hyuk Bin Gwon,sa3066877,,90,237,54,45,8,1,0,23,21,12,0,64,6,1,6,3,0,0,KBO_only
2026,Hyun Bin Moon 문현빈,Eagles (KBO),22.0,515,0.106796116,0.126213592,0.846153846,0.298440979,0.380116959,0.465478841,0.8455958,0.167037862,5.614053466622405,0.323529411,0.7969168834388256,83.26595570376534,16.732999341994724,0.384760902058079,125.14994110739588,Hyun Bin Moon,sa3020698,,115,449,134,89,28,4,13,72,67,55,0,65,6,3,2,19,11,2,KBO_only
2026,Hyun Chang Jeong 정현창,Tigers (KBO),19.0,82,0.060975609,0.390243902,0.15625,0.14084507,0.234567901,0.183098591,0.417666492,0.042253521,5.14285714,0.25,-0.0550667401403188,1.4659669152372847,-9.127630020034932,0.2119848014395914,13.838235721015891,Hyun Chang Jeong,sa3067502,,102,71,10,8,1,1,0,12,6,5,0,32,4,1,1,3,0,0,KBO_only
2026,Hyun In Ryu 류현인,Wiz (KBO),25.0,168,0.071428571,0.208333333,0.342857142,0.293333333,0.34939759,0.393333333,0.742730923,0.1,2.8548300487925977,0.370689655,-0.4043649714440107,21.2491108071436,-0.454843889511675,0.342470732079931,97.90432713360865,Hyun In Ryu,sa3020689,,64,150,44,31,12,0,1,22,14,12,0,35,2,2,2,1,1,1,KBO_only
2026,Hyun Min Ahn 안현민,Wiz (KBO),22.0,287,0.177700348,0.209059233,0.85,0.294930875,0.459930313,0.520737327,0.98066764,0.225806452,4.397568820846926,0.353741496,0.2534034680575132,61.19954992067098,24.121960647218227,0.4467055943462398,165.05806100098675,Hyun Min Ahn,sa3023680,,65,217,64,40,11,1,12,43,47,51,1,60,17,2,0,6,3,0,KBO_only
2026,Hyun Soo Kim 김현수,Wiz (KBO),38.0,508,0.088582677,0.116141732,0.762711864,0.275330396,0.344488188,0.392070484,0.736558672,0.116740088,1.4789550987144175,0.297435897,-1.3706909492611885,63.39158570613345,-2.2370392099432177,0.3404327775315037,96.59136662880891,Hyun Soo Kim,18718,,114,454,125,90,26,0,9,52,75,45,0,59,5,4,0,14,0,2,KBO_to_MLB
2026,Hyung-jong Lee 이형종,Heroes (KBO),37.0,179,0.117318435,0.284916201,0.411764705,0.214285714,0.320224719,0.35064935,0.670874069,0.136363636,3.7266129965450023,0.285714285,0.2509958855807781,18.751430708137683,-4.373616260322401,0.3163673285018192,81.08710323361717,Hyung-jong Lee,sa3013195,,59,154,33,22,6,0,5,21,19,21,0,51,3,0,1,4,2,0,KBO_only
2026,Hyung-jun Kim 김형준,Dinos (KBO),26.0,317,0.091482649,0.309148264,0.295918367,0.246376811,0.328025477,0.427536231,0.755561708,0.18115942,2.15476189625,0.327380952,-0.25589838065207,39.89989680793388,-1.0533986613501805,0.3417310825171181,97.4278048951146,Hyung-jun Kim,sa3012705,,101,276,68,45,9,1,13,35,55,29,1,98,6,3,3,10,0,0,KBO_only
2026,In Ho Choi 최인호,Eagles (KBO),26.0,103,0.077669902,0.13592233,0.571428571,0.263736263,0.323529411,0.373626373,0.697155784,0.10989011,1.1845238025,0.285714285,-0.0874589402228593,11.151701365664232,-2.1548899066898946,0.3205873136426888,83.80584582043254,In Ho Choi,sa3014330,,52,91,24,18,4,0,2,10,8,8,0,14,1,2,1,4,0,0,KBO_only
2026,In Seo Heo 허인서,Eagles (KBO),22.0,364,0.079670329,0.296703296,0.268518518,0.282608695,0.354570637,0.484472049,0.839042686,0.201863354,1.8166774651808428,0.371859296,-0.7663259748369455,55.93805228080456,8.912817104718144,0.3751425276559707,118.9532642874491,In Seo Heo,sa3018204,,104,322,91,60,14,0,17,51,61,29,2,108,8,2,3,3,0,1,KBO_only
2026,Ja-wook Koo 구자욱,Lions (KBO),33.0,434,0.12672811,0.14516129,0.873015873,0.357723577,0.441108545,0.563685636,1.004794181,0.205962059,5.512078726503417,0.397306397,0.068473819643259,92.79183677806158,36.72328714503546,0.447387099404346,165.49712340588937,Ja-wook Koo,sa3012300,,99,369,132,89,24,5,14,74,90,55,2,63,4,5,1,4,5,1,KBO_only
2026,Jae Hyeon Lee 이재현,Lions (KBO),23.0,247,0.101214574,0.153846153,0.657894736,0.225490196,0.331950207,0.475490196,0.807440403,0.25,3.5491728324649077,0.201298701,0.0088860224932432,35.055599944568996,3.145618932224636,0.3610246901195573,109.8577900469692,Jae Hyeon Lee,sa3018058,,67,204,46,25,6,0,15,40,35,25,0,38,9,3,6,1,1,0,KBO_only
2026,Jae Hyun Park 박재현,Tigers (KBO),19.0,462,0.054112554,0.192640692,0.280898876,0.291375291,0.329670329,0.466200466,0.795870795,0.174825175,6.973408396807535,0.337423312,2.071124853566289,63.34663323644289,3.660757820640894,0.355243715683269,106.13337375909828,Jae Hyun Park,sa3066881,,111,429,125,85,20,5,15,66,62,25,1,89,0,1,7,4,19,3,KBO_only
2026,Jae In Shin 신재인,Dinos (KBO),19.0,110,0.127272727,0.209090909,0.608695652,0.177083333,0.281818181,0.322916666,0.604734847,0.145833333,1.5442282546778363,0.2,-0.9917022082954644,8.639050968725668,-5.571871749322428,0.2848650401288813,60.791625850965595,Jae In Shin,sa3075970,,50,96,17,9,5,0,3,8,9,14,0,23,0,0,0,1,0,2,KBO_only
2026,Jae Seok An 안재석,Bears (KBO),24.0,354,0.06779661,0.163841807,0.413793103,0.263157894,0.320113314,0.439628482,0.759741796,0.176470588,4.7109964688464245,0.291828793,0.550580071285367,44.27362088601884,-1.4597122247904804,0.3407693571326407,96.80820940548185,Jae Seok An,sa3014749,,88,323,85,50,23,2,10,41,53,24,1,58,4,2,1,4,4,0,KBO_only
2026,Jae Won Oh 오재원,Eagles (KBO),19.0,167,0.101796407,0.13772455,0.739130434,0.265306122,0.341463414,0.319727891,0.661191305,0.054421769,6.919020073067375,0.314516129,0.5826781634241343,17.41887892502041,-4.155885565107151,0.3158243454811049,80.73728421457925,Jae Won Oh,sa3075934,,76,147,39,32,6,1,0,38,16,17,0,23,0,0,3,3,6,1,KBO_only
2026,Jae-hoon Choi 최재훈,Eagles (KBO),36.0,119,0.092436974,0.168067226,0.55,0.175257731,0.299145299,0.175257731,0.47440303,0.0,2.1964285649999997,0.215189873,-0.1133727002888917,6.044316896076894,-9.32931768072059,0.2515311348132598,39.31612180504943,Jae-hoon Choi,sa3013205,,49,97,17,17,0,0,0,12,13,11,0,20,7,2,2,3,0,0,KBO_only
2026,Jae-hwan Chun 천재환,Dinos (KBO),32.0,231,0.056277056,0.181818181,0.309523809,0.308823529,0.361607142,0.436274509,0.797881651,0.12745098,5.654366427922799,0.36875,-1.3003104329109192,33.39075946154196,3.547821753640962,0.3641764322029693,111.8883127001993,Jae-hwan Chun,sa3019748,,81,204,63,46,12,1,4,43,25,13,0,42,5,2,7,1,6,5,KBO_only
2026,Jae-hwan Kim 김재환,Landers (KBO),37.0,441,0.140589569,0.297052154,0.473282442,0.230563002,0.344671201,0.426273458,0.770944659,0.195710456,2.6045362614138843,0.29147982,-0.4537849090993404,59.823854863152725,2.8509737844326355,0.3534908597431486,105.00408919200244,Jae-hwan Kim,sa3013200,,109,373,86,56,8,1,21,48,66,62,0,131,4,2,0,6,2,1,KBO_only
2026,Jae-hyun Choo 추재현,Heroes (KBO),27.0,229,0.091703056,0.165938864,0.552631578,0.306532663,0.383928571,0.417085427,0.801013998,0.110552764,1.12042124,0.363057324,-0.2332238405942917,34.729966414711775,5.14540911986619,0.3727194903684513,117.3922126621197,Jae-hyun Choo,sa3012679,,59,199,61,47,10,0,4,24,17,21,0,38,4,0,5,10,0,0,KBO_only
2026,Jae-won Lee 이재원,Twins (KBO),26.0,97,0.06185567,0.340206185,0.181818181,0.232558139,0.30927835,0.453488372,0.762766722,0.220930233,1.717593435704147,0.32,-0.5201452542096376,12.158981692133276,-0.372468341054591,0.341110095535357,97.02773150698316,Jae-won Lee,sa3014346,,45,86,20,9,7,0,4,9,16,6,0,33,4,1,0,0,0,1,KBO_only
2026,Jarryd Dale 데일,Tigers (KBO),25.0,135,0.096296296,0.103703703,0.928571428,0.256410256,0.328244274,0.316239316,0.64448359,0.05982906,4.034170352790172,0.281553398,0.0801488626748323,12.639637809049988,-4.801040072190859,0.3029953791544987,72.47217049198044,Jarryd Dale,sa3007022,,34,117,30,25,4,0,1,20,6,13,1,14,0,1,4,4,1,0,KBO_only
2026,Jeong Bin Moon 문정빈,Twins (KBO),22.0,234,0.094017094,0.303418803,0.309859154,0.269230769,0.346153846,0.567307692,0.913461538,0.298076923,2.9291474587499997,0.327868852,-0.1684394404292106,40.29794109438915,10.06743276690502,0.3974147403189041,133.30222786148852,Jeong Bin Moon,sa3066841,,66,208,56,28,10,2,16,30,48,22,1,71,3,1,0,1,0,0,KBO_only
2026,Jeong Choi 최정,Landers (KBO),39.0,305,0.121311475,0.216393442,0.56060606,0.305882352,0.396721311,0.615686274,1.012407585,0.309803922,3.827125740336921,0.329545454,-0.1112592257559299,61.48171131696049,22.07869832600895,0.4326970827579498,156.03302044713962,Jeong Choi,sa3012034,,71,255,78,40,17,1,20,45,57,37,5,66,6,7,0,7,3,1,KBO_only
2026,Jeong-hun Lee 이정훈,Wiz (KBO),31.0,80,0.1625,0.1125,1.444444444,0.303030303,0.425,0.348484848,0.773484848,0.045454545,0.29910714,0.339285714,-0.1068942602723836,12.418105005099653,2.0828884828828556,0.3770052216947078,120.1533124962156,Jeong-hun Lee,sa3012655,,69,66,20,19,0,0,1,5,15,13,0,9,1,0,0,0,0,0,KBO_only
2026,Jeong-won Choi 최정원,Dinos (KBO),26.0,199,0.055276381,0.175879396,0.314285714,0.294797687,0.361256544,0.323699421,0.684955965,0.028901734,6.750562697169088,0.369565217,1.3824894726276398,22.96730581403286,-2.7415452849814246,0.3291714044765652,89.33618124581795,Jeong-won Choi,sa3014290,,93,173,51,46,5,0,0,35,9,11,0,35,7,0,8,1,24,7,KBO_only
2026,Jeong-woo Park 박정우,Tigers (KBO),28.0,83,0.120481927,0.144578313,0.833333333,0.308823529,0.4125,0.352941176,0.765441176,0.044117647,5.821395512033089,0.375,-0.359015891328454,12.382930352192412,1.6601432103924842,0.3697550892829895,115.48238520860738,Jeong-woo Park,sa3017450,,85,68,21,19,1,1,0,18,10,10,0,12,2,0,3,0,1,1,KBO_only
2026,Ji Hoon Park 박지훈,Bears (KBO),25.0,268,0.089552238,0.164179104,0.545454545,0.263157894,0.34375,0.324561403,0.668311403,0.061403509,6.289855227223638,0.326086956,-0.1666200738400221,28.725253300800897,-5.897722048625374,0.3192835203371942,82.96587168172678,Ji Hoon Park,sa3014342,,101,228,60,49,8,3,0,36,22,24,0,44,4,0,12,3,5,2,KBO_only
2026,Ji-chan Kim 김지찬,Lions (KBO),25.0,456,0.127192982,0.076754385,1.657142857,0.332453825,0.424719101,0.379947229,0.80466633,0.047493404,7.145368955205971,0.363112391,2.060575556010008,72.9289703889735,14.01823621233775,0.3826589110466811,123.79572485093462,Ji-chan Kim,sa3014279,,115,379,126,112,10,4,0,89,37,58,1,35,5,3,11,2,20,3,KBO_only
2026,Ji-hoon Choi 최지훈,Landers (KBO),28.0,490,0.069387755,0.15510204,0.447368421,0.246049661,0.301229508,0.404063205,0.705292713,0.158013544,7.817029240467949,0.267955801,2.791564218699932,51.8516170575835,-11.451584140994385,0.3176445286782061,81.90994464075912,Ji-hoon Choi,sa3014282,,119,443,109,70,20,7,12,65,51,34,0,76,4,7,2,8,18,1,KBO_only
2026,Ji-hwan Oh 오지환,Twins (KBO),36.0,383,0.096605744,0.21148825,0.456790123,0.23192771,0.315649867,0.358433734,0.674083601,0.126506024,2.9736736447930188,0.27755102,-0.8835261110216379,39.34450085404784,-10.135348246065076,0.3139290156667997,79.51621027469554,Ji-hwan Oh,sa3013245,,108,332,77,53,15,0,9,43,50,37,0,81,5,3,6,6,4,3,KBO_only
2026,Ji-hyuk Ryu 류지혁,Lions (KBO),32.0,448,0.107142857,0.145089285,0.738461538,0.287206266,0.374149659,0.39686684,0.771016499,0.109660574,7.162537649311224,0.332278481,3.321826646104455,62.70046963086359,4.823257106449529,0.3586588733575561,108.33360297788175,Ji-hyuk Ryu,sa3012288,,114,383,110,83,17,5,5,53,57,48,1,65,7,3,7,9,28,4,KBO_only
2026,Ji-yeol Im 임지열,Heroes (KBO),30.0,84,0.107142857,0.273809523,0.391304347,0.208333333,0.304878048,0.291666666,0.596544714,0.083333333,2.9321213754312203,0.291666666,-0.7852237652987242,6.812227264046756,-4.039750084280881,0.2879421471095666,62.7740645357739,Ji-yeol Im,sa3012449,,31,72,15,11,3,0,1,9,4,9,0,23,1,0,2,4,1,2,KBO_only
2026,Ji-young Lee 이지영,Landers (KBO),40.0,103,0.067961165,0.097087378,0.7,0.260869565,0.31,0.336956521,0.646956521,0.076086956,3.5993234240772742,0.280487804,0.1157802827656269,9.458749404262033,-3.847841868092092,0.3008394259214401,71.0831888547866,Ji-young Lee,sa3013276,,50,92,24,19,4,0,1,11,8,7,0,10,0,1,3,2,1,0,KBO_only
2026,Jin-hyuk No 노진혁,Giants (KBO),36.0,214,0.093457943,0.200934579,0.465116279,0.225806451,0.300469483,0.365591397,0.66606088,0.139784946,0.614348365,0.258741258,-0.1554825603961944,20.399246774557714,-7.247457422372215,0.3050338382452306,73.78545605021151,Jin-hyuk No,sa3012348,,81,186,42,26,11,0,5,15,27,20,0,43,2,5,1,4,0,0,KBO_only
2026,Jin-young Lee 이진영,Eagles (KBO),28.0,102,0.107843137,0.303921568,0.354838709,0.24137931,0.343137254,0.333333333,0.676470587,0.091954023,4.138673714398381,0.345454545,0.2995841857045889,11.267533214241269,-1.909867851585148,0.3232270251302158,85.50649068018352,Jin-young Lee,sa3012598,,51,87,21,17,2,0,2,11,12,11,0,31,3,1,0,1,2,0,KBO_only
2026,Joo-hwan Choi 최주환,Heroes (KBO),38.0,296,0.125,0.138513513,0.902439024,0.229249011,0.327645051,0.312252964,0.639898015,0.083003953,1.62655279,0.260663507,-0.2623768206685781,28.264287007243663,-9.976014124958484,0.3052307269344591,73.91230238885937,Joo-hwan Choi,sa3013103,,93,253,58,44,10,1,3,23,30,37,1,41,1,2,3,8,0,0,KBO_only
2026,Joon Seo Eo 어준서,Heroes (KBO),19.0,83,0.060240963,0.240963855,0.25,0.216216216,0.280487804,0.229729729,0.510217533,0.013513513,1.30357142125,0.29090909,-0.0712628401815891,4.12745907473547,-6.5953280670644565,0.2502525819510948,38.492408924594535,Joon Seo Eo,sa3066885,,29,74,16,15,1,0,0,6,2,5,0,20,2,1,1,0,0,0,KBO_only
2026,Joong-yeol Ahn 안중열,Dinos (KBO),30.0,131,0.099236641,0.175572519,0.565217391,0.309090909,0.387596899,0.463636363,0.851233262,0.154545454,3.657917874675847,0.356321839,0.0736704226583242,21.333569329170967,4.409652274040962,0.3861668715181277,126.055742649154,Joong-yeol Ahn,sa3012428,,62,110,34,23,8,0,3,20,17,13,0,23,3,3,2,6,1,0,KBO_only
2026,Ju Heon Lee 이주헌,Twins (KBO),23.0,116,0.025862068,0.318965517,0.081081081,0.212962962,0.252173913,0.379629629,0.631803542,0.166666667,1.79058440875,0.279411764,-0.0615451801568269,8.902091840367511,-6.0839721168468435,0.2827088133148525,59.40246795811923,Ju Heon Lee,sa3025677,,59,108,23,13,6,0,4,12,17,3,0,37,3,1,1,2,0,0,KBO_only
2026,Ju Hong Park 박주홍,Heroes (KBO),25.0,176,0.113636363,0.284090909,0.4,0.218543046,0.325714285,0.317880794,0.643595079,0.099337748,5.368174701986778,0.313131313,0.4477566685527563,17.376484269935002,-5.360992078941949,0.3091265780585153,76.42222031731,Ju Hong Park,sa3014359,,53,151,33,23,7,1,2,18,7,20,0,50,4,0,1,3,3,0,KBO_only
2026,Ju Hyoung Lee 이주형,Heroes (KBO),25.0,103,0.048543689,0.203883495,0.238095238,0.244680851,0.303921568,0.425531914,0.729453482,0.180851063,7.654515580267914,0.295774647,0.738454831764102,11.884717070365545,-1.421874201988583,0.329137769984264,89.31451208738426,Ju Hyoung Lee,sa3014742,,24,94,23,11,9,1,2,12,12,5,0,21,3,0,1,0,4,0,KBO_only
2026,Ju Won Kim 김주원,Dinos (KBO),23.0,504,0.08531746,0.13095238,0.651515151,0.297052154,0.377733598,0.46031746,0.838051058,0.163265306,5.4703143401443315,0.315789473,2.5625166408717632,80.04270613101882,14.930842041052998,0.3813167966292528,122.9310621800397,Ju Won Kim,sa3015141,,112,441,131,93,21,0,17,78,55,43,2,66,16,3,1,4,29,6,KBO_only
2026,Ju-suk Ha 하주석,Eagles (KBO),32.0,168,0.058823529,0.247058823,0.238095238,0.256410256,0.309523809,0.282051282,0.591575091,0.025641026,0.76785714,0.350877192,-0.0777412801980972,6.591812273671839,-4.389355281183508,0.2836802765017464,60.02833706655588,Ju-suk Ha,sa3012320,,27,78,20,18,2,0,0,5,6,5,0,21,1,0,1,1,0,0,KBO_only
2026,Jun Ho Yun 윤준호,Bears (KBO),25.0,180,0.061111111,0.244444444,0.25,0.224358974,0.283236994,0.333333333,0.616570327,0.108974359,3.109988700658534,0.279279279,0.0704312026500701,14.12934618247658,-9.124890992511212,0.2848164294496437,60.76030822320017,Jun Ho Yun,sa3023644,,90,156,35,26,5,0,4,18,14,11,0,44,3,3,7,6,1,0,KBO_only
2026,Jun Jae Jeong 정준재,Landers (KBO),23.0,506,0.092885375,0.144268774,0.643835616,0.275862068,0.348884381,0.342528735,0.691413116,0.066666667,6.791468419595909,0.324250681,-0.1025619059801101,57.08740901093771,-8.28283549208353,0.3260564343440847,87.32934907150192,Jun Jae Jeong,sa3023563,,118,435,120,100,12,7,1,64,38,47,0,73,5,6,13,4,18,7,KBO_only
2026,Jun Soon Park 박준순,Bears (KBO),19.0,371,0.059299191,0.196765498,0.301369863,0.305882352,0.358490566,0.520588235,0.879078801,0.214705883,4.510493698149008,0.347826086,-0.8281652629375458,61.53547746050245,13.605910838722057,0.3897858775950767,128.38730203026535,Jun Soon Park,sa3067161,,87,340,104,68,15,5,16,48,57,22,1,73,7,2,0,17,2,2,KBO_only
2026,Jun-su Han 한준수,Tigers (KBO),27.0,330,0.139393939,0.154545454,0.901960784,0.275092936,0.392638036,0.423791821,0.816429857,0.148698885,1.236727562056712,0.313084112,-0.7825220748782158,51.38657662882088,8.753808474676593,0.3775946468482782,120.53305204819463,Jun-su Han,sa3014211,,96,269,74,48,19,0,7,34,32,46,2,51,8,3,4,12,0,1,KBO_only
2026,Jun-won Jang 장준원,Wiz (KBO),30.0,110,0.109090909,0.227272727,0.48,0.2,0.300970873,0.322222222,0.623193095,0.122222222,0.67526454625,0.241935483,-0.0842197202146053,9.642591162419237,-4.568331555628861,0.2958261700509821,67.85337837474123,Jun-won Jang,sa3012436,,73,90,18,13,2,0,3,8,14,12,0,25,1,0,7,4,0,0,KBO_only
2026,Jung Hyun Park 박정현,Eagles (KBO),24.0,82,0.097560975,0.231707317,0.421052631,0.242857142,0.329113924,0.571428571,0.900542495,0.328571429,4.995923585862752,0.227272727,0.1449332628399133,13.73703680792507,3.143439872652854,0.3917815428745897,129.67301750160536,Jung Hyun Park,sa3014331,,54,70,17,8,2,0,7,20,15,8,0,19,1,0,3,1,1,0,KBO_only
2026,Jung-dae Bae 배정대,Wiz (KBO),30.0,111,0.054054054,0.288288288,0.1875,0.207920792,0.272727272,0.297029702,0.569756974,0.08910891,7.24562432327617,0.304347826,0.0701370947062969,7.209853992361928,-7.130258932213877,0.2685452363707802,50.27752591826401,Jung-dae Bae,sa3012441,,84,101,21,13,7,1,0,21,11,6,0,32,3,0,1,2,3,1,KBO_only
2026,Junwoo Jeon 전준우,Giants (KBO),40.0,199,0.065326633,0.150753768,0.433333333,0.217391304,0.266331658,0.282608695,0.548940353,0.065217391,1.13288733124995,0.246753246,-0.604364974424243,11.109110562864071,-14.599740536150213,0.2575770529670332,43.21122916025607,Junwoo Jeon,sa3012061,,54,184,40,32,6,0,2,12,13,13,0,30,0,2,0,5,0,1,KBO_only
2026,Kang-nam Yoo 유강남,Giants (KBO),33.0,122,0.032786885,0.245901639,0.133333333,0.23275862,0.262295081,0.353448275,0.615743356,0.120689655,0.6339285649999999,0.285714285,-0.0777412801980972,8.930880147475346,-6.83032504890527,0.2784577266114657,56.66368806318328,Kang-nam Yoo,sa3012221,,52,116,27,19,5,0,3,8,9,4,0,30,1,1,0,1,0,0,KBO_only
2026,Keston Hiura 히우라,Heroes (KBO),29.0,227,0.101321585,0.299559471,0.338235294,0.252525252,0.343612334,0.409090909,0.752703243,0.156565657,3.6505693824965135,0.341463414,-0.007310077548027,29.582387350276665,0.2562104684865058,0.3470796758908007,100.87365792520195,Keston Hiura,20003,,52,198,50,36,5,1,8,25,29,23,0,68,5,1,0,3,1,0,KBO_only
2026,Kun-woo Park 박건우,Dinos (KBO),35.0,433,0.106235565,0.159353348,0.666666666,0.29144385,0.363425925,0.470588235,0.83401416,0.179144385,3.3745112851042576,0.308724832,0.4973326977342367,64.6314819957456,8.692122569247188,0.3698421486367665,115.53847355128944,Kun-woo Park,sa3013255,,110,374,109,76,16,0,17,49,67,46,5,69,2,10,1,8,9,2,KBO_only
2026,Kyoung-min Hur 허경민,Wiz (KBO),35.0,305,0.072131147,0.08852459,0.814814814,0.333333333,0.404605263,0.418518518,0.823123781,0.085185185,2.589934736884742,0.36099585,-1.0573182459920645,49.02752764168788,9.624514650736346,0.3836369559709782,124.4258342704567,Kyoung-min Hur,sa3012064,,83,270,90,73,14,0,3,48,33,22,1,27,11,1,1,8,1,2,KBO_only
2026,Kyu-sung Kim 김규성,Tigers (KBO),29.0,197,0.086294416,0.208121827,0.414634146,0.226744186,0.295336787,0.290697674,0.586034461,0.063953488,6.691253214879821,0.291044776,0.6445174515247345,14.3128895772888,-11.13758110867006,0.277797309537008,56.23821167749672,Kyu-sung Kim,sa3014306,,88,172,39,30,7,2,0,23,26,17,0,41,1,3,4,2,4,0,KBO_only
2026,Lewin Díaz 디아즈,Lions (KBO),29.0,525,0.112380952,0.167619047,0.670454545,0.299126637,0.377142857,0.497816593,0.87495945,0.198689956,2.566305159382278,0.326760563,-0.0664476752281189,86.81094252279865,18.98608409575092,0.3891735546863996,127.99281050644925,Lewin Diaz,18365,,118,458,137,88,28,0,21,75,102,59,5,88,2,6,0,11,2,0,KBO_only
2026,Matt Davidson 데이비슨,Dinos (KBO),35.0,432,0.047619047,0.23015873,0.206896551,0.28959276,0.369047619,0.457013574,0.826061193,0.167420814,3.0989489910192862,0.356687898,-0.0364630576223135,39.18164002544223,6.625707980459321,0.3773132619403657,120.3517686770709,Matt Davidson,7226,,63,221,64,44,11,1,8,23,40,12,0,58,17,2,0,4,1,0,KBO_only
2026,Min Park 박민,Tigers (KBO),25.0,183,0.076502732,0.169398907,0.451612903,0.2,0.272727272,0.2875,0.560227272,0.0875,4.995785425539952,0.23015873,0.8704312145709991,11.522180076787544,-12.11962771778338,0.266153219748627,48.73645948273669,Min Park,sa3014371,,75,160,32,24,5,0,3,18,20,14,0,31,2,0,7,6,5,0,KBO_only
2026,Min Suk Kim 김민석,Bears (KBO),22.0,419,0.102625298,0.174224343,0.589041095,0.308108108,0.383693045,0.408108108,0.791801153,0.1,3.713540918705614,0.374149659,-0.0340554751455783,62.11278002299418,7.982083487883708,0.3686120016969365,114.74594638313278,Min Suk Kim,sa3020694,,111,370,114,88,19,3,4,45,42,43,0,73,3,1,2,1,2,0,KBO_only
2026,Min-hyuck Kim 김민혁,Wiz (KBO),30.0,329,0.069908814,0.155015197,0.450980392,0.304054054,0.36,0.354729729,0.714729729,0.050675675,3.510836998625128,0.361788617,-0.6019573919475079,39.94420591422119,-2.5593720333953835,0.336377061513754,93.9784550925344,Min-hyuck Kim,sa3012419,,90,296,90,79,8,2,1,39,35,23,0,51,4,2,4,7,1,1,KBO_only
2026,Min-jae Jeon 전민재,Giants (KBO),27.0,409,0.061124694,0.200488997,0.304878048,0.271505376,0.320987654,0.384408602,0.705396256,0.112903226,3.9338390736994766,0.325174825,0.4873209297657013,45.227633163903505,-7.611161305929872,0.3233651922072893,85.59550538141967,Min-jae Jeon,sa3012673,,113,372,101,75,18,0,8,41,56,25,0,82,4,4,4,7,11,3,KBO_only
2026,Min-jae Shin 신민재,Twins (KBO),30.0,380,0.102631578,0.128947368,0.795918367,0.259146341,0.341397849,0.280487804,0.621885653,0.021341463,5.028375018913432,0.302491103,0.8908542636781931,35.77162835747696,-13.320650123052822,0.3036068285344749,72.86609924137896,Min-jae Shin,sa3012520,,115,328,85,79,5,1,0,45,24,39,0,49,3,2,8,6,11,2,KBO_only
2026,Min-woo Park 박민우,Dinos (KBO),33.0,443,0.119638826,0.130925507,0.913793103,0.324538258,0.414027149,0.437994722,0.852021871,0.113456464,5.332294269710952,0.367924528,2.0695162974298,75.09995179830393,17.86869030652843,0.3941856997934255,131.22190537263668,Min-woo Park,sa3012337,,108,379,123,92,25,0,6,65,58,53,2,58,7,3,1,9,38,11,KBO_only
2026,Minho Kang 강민호,Lions (KBO),40.0,275,0.112727272,0.21090909,0.534482758,0.274261603,0.37090909,0.459915611,0.830824701,0.185654008,1.3510520452380952,0.323529411,-1.169859308749437,43.1471113417131,7.61980454659286,0.3790144103223627,121.4477404395862,Minho Kang,sa3012023,,87,237,65,41,14,0,10,29,50,31,0,58,6,1,0,5,0,2,KBO_only
2026,Myeong Jin Oh 오명진,Bears (KBO),24.0,139,0.107913669,0.201438848,0.535714285,0.256198347,0.333333333,0.41322314,0.746556473,0.157024793,4.124095589766286,0.304347826,-1.4859337024390695,16.88457712387121,-1.072861583480475,0.3364501321402779,94.025531140801,Myeong Jin Oh,sa3014344,,62,121,31,20,6,2,3,13,15,15,1,28,0,2,1,3,0,3,KBO_only
2026,Myeong Jun Ko 고명준,Landers (KBO),23.0,166,0.072289156,0.216867469,0.333333333,0.281045751,0.331325301,0.509803921,0.841129222,0.22875817,2.292965826659383,0.311926605,0.0769096426665782,25.038094594815583,3.5925203112157313,0.3717254572604076,116.75180279020574,Myeong Jun Ko,sa3014774,,41,153,43,26,8,0,9,18,20,12,0,36,0,1,0,4,1,0,KBO_only
2026,Sam Hilliard 힐리어드,Wiz (KBO),32.0,501,0.097804391,0.285429141,0.342657342,0.297297297,0.365269461,0.558558558,0.923828019,0.261261261,5.114904950771847,0.365942028,-0.400138022378087,89.2855349951556,24.561241524772907,0.4046250278949737,137.9474849517082,Sam Hilliard,17954,,113,444,132,81,17,3,31,85,102,49,1,143,2,6,0,3,7,3,KBO_only
2026,Sang Jun Park 박상준,Tigers (KBO),24.0,137,0.145985401,0.284671532,0.512820512,0.278260869,0.394160583,0.417391304,0.811551887,0.139130435,1.08035714,0.388888888,-0.1490041203796863,21.59578693443006,3.896728640133794,0.3798973647347332,122.01658741013112,Sang Jun Park,sa3076112,,42,115,32,24,4,0,4,16,13,20,0,39,2,0,0,0,0,0,KBO_only
2026,Sang-hyeon Ahn 안상현,Landers (KBO),29.0,209,0.095693779,0.263157894,0.363636363,0.235955056,0.323383084,0.331460674,0.654843758,0.095505618,4.271967801644742,0.325,-1.0093181617558002,20.925781573315707,-6.074971590975675,0.3108006265032944,77.50073283507568,Sang-hyeon Ahn,sa3012616,,72,178,42,31,8,0,3,29,18,20,0,55,3,0,8,5,5,4,KBO_only
2026,Sang-soo Kim 김상수,Wiz (KBO),36.0,409,0.112469437,0.127139364,0.884615384,0.285714285,0.381909547,0.332361516,0.714271063,0.046647231,2.1162071886864555,0.333333333,-2.284651877358556,52.65406182996669,-0.1847326398666892,0.3451809320018519,99.6503844538464,Sang-soo Kim,sa3012065,,106,343,98,85,11,1,1,38,33,46,0,52,8,1,11,9,0,4,KBO_only
2026,Seong Bin Hwang 황성빈,Giants (KBO),28.0,397,0.052896725,0.143576826,0.368421052,0.290410958,0.335877862,0.375342465,0.711220327,0.084931507,9.222505083521588,0.341935483,4.430246179923415,45.47976558499619,-5.808746406504674,0.3281441546275112,88.67437135343827,Seong Bin Hwang,sa3018222,,96,365,106,85,11,10,0,59,27,21,0,57,5,2,4,2,40,7,KBO_only
2026,Seong Ho Cheon 천성호,Twins (KBO),28.0,236,0.059322033,0.152542372,0.388888888,0.279069767,0.337606837,0.390697674,0.728304511,0.111627907,6.612302633706847,0.327683615,0.3470467403531074,28.331978451585243,-2.1569102889543053,0.334742815965235,92.92558575253558,Seong Ho Cheon,sa3014323,,85,215,60,42,14,2,2,37,28,14,1,36,5,0,2,7,5,1,KBO_only
2026,Seong-han Park 박성한,Landers (KBO),28.0,530,0.141509433,0.137735849,1.02739726,0.334811529,0.430188679,0.43015521,0.860343889,0.095343681,3.930651690876409,0.390957446,-0.542369594797492,92.99738605304016,24.526576593353894,0.4013235366931467,135.82048582001133,Seong-han Park,sa3012661,,121,451,151,118,27,2,4,83,61,75,2,73,2,2,0,2,5,2,KBO_only
2026,Seong-uk Kim 김성욱,Landers (KBO),33.0,142,0.126760563,0.190140845,0.666666666,0.260504201,0.368794326,0.394957983,0.763752309,0.134453782,4.546832978057361,0.303370786,0.4574743285775184,19.731399314957184,1.3863899880223691,0.3574539313079617,107.55731416275064,Seong-uk Kim,sa3012349,,63,119,31,23,4,0,4,20,13,18,0,27,3,1,1,1,3,0,KBO_only
2026,Seong-yoon Kim 김성윤,Lions (KBO),27.0,396,0.106060606,0.101010101,1.05,0.307692307,0.384415584,0.396449704,0.780865288,0.088757397,6.022987803803401,0.338926174,0.6988579593598843,57.39162954911136,6.232307764138219,0.3646325287880835,112.18215477979383,Seong-yoon Kim,sa3012644,,100,338,104,82,17,2,3,62,44,42,0,40,2,3,11,9,17,5,KBO_only
2026,Seoung Bin Son 손성빈,Giants (KBO),24.0,306,0.071895424,0.176470588,0.407407407,0.258302583,0.322147651,0.3800738,0.702221451,0.121771217,1.40739202125,0.301886792,-0.2429415006190538,34.04519728931597,-5.487005908163272,0.3241795545456393,86.12016162935954,Seoung Bin Son,sa3017864,,109,271,70,49,15,0,6,32,32,22,0,54,4,1,8,4,0,0,KBO_only
2026,Seung Min Ryu 류승민,Bears (KBO),21.0,90,0.111111111,0.177777777,0.625,0.25,0.352272727,0.315789473,0.6680622,0.065789473,7.026610820022743,0.316666666,0.5125410687178373,9.93863146435782,-1.6884871231360783,0.32318284294822,85.4780261297738,Seung Min Ryu,sa3023332,,33,76,19,15,3,1,0,10,3,10,0,16,2,0,2,1,3,0,KBO_only
2026,Seung Yeup Na 나승엽,Giants (KBO),24.0,317,0.116719242,0.148264984,0.787234042,0.277978339,0.359621451,0.397111913,0.756733364,0.119133574,2.3481672645123517,0.31277533,-0.1012474577873945,42.27939171037464,1.3260962410905843,0.3507496748436888,103.23806967399042,Seung Yeup Na,sa3015054,,77,277,77,56,15,0,6,38,43,37,0,47,0,3,0,7,1,0,KBO_only
2026,Seung-ho Kang 강승호,Bears (KBO),32.0,215,0.046511627,0.25116279,0.185185185,0.252631578,0.313084112,0.405263157,0.718347269,0.152631579,5.702077517310591,0.305970149,0.8315605744719505,24.14772926256744,-3.628165140890201,0.3254485542529097,86.93771985092745,Seung-ho Kang,sa3012361,,86,190,48,33,8,0,7,32,31,10,0,54,9,5,1,6,5,0,KBO_only
2026,Seung-kyu Park 박승규,Lions (KBO),25.0,305,0.157377049,0.144262295,1.09090909,0.284,0.403278688,0.476,0.879278688,0.192,7.275162769458838,0.31,0.627195606008172,53.03054688837284,13.6275338974213,0.3994058443135337,134.5850047064947,Seung-kyu Park,sa3012721,,82,250,71,46,11,5,9,56,37,48,1,44,4,3,0,5,7,1,KBO_only
2026,Seung-min Go 고승민,Giants (KBO),25.0,375,0.08,0.197333333,0.405405405,0.280235988,0.336898395,0.466076696,0.802975091,0.185840708,3.224824642959062,0.317647058,-0.7566083148121834,52.3549068566451,3.9085794087538592,0.3582463838140063,108.06785491213532,Seung-min Go,sa3012726,,85,339,95,62,17,2,14,58,61,30,1,74,1,4,1,0,0,1,KBO_only
2026,Seung-taek Han 한승택,Wiz (KBO),32.0,285,0.09122807,0.231578947,0.393939393,0.222689075,0.3,0.277310924,0.577310924,0.054621849,2.0819597025,0.297142857,-0.2267454005777835,20.636695850962184,-16.18251300943515,0.2775031862435517,56.048721549688075,Seung-taek Han,sa3012396,,100,238,53,42,10,0,1,33,27,26,0,66,2,4,15,4,0,0,KBO_only
2026,Seung-wook Park 박승욱,Giants (KBO),33.0,144,0.0625,0.284722222,0.219512195,0.236641221,0.290780141,0.305343511,0.596123652,0.06870229,3.769763700508089,0.337078651,0.0898665226995945,10.813063723505229,-7.790326016485007,0.2807246433927657,58.124158417544955,Seung-wook Park,sa3012327,,86,131,31,24,6,0,1,17,18,9,0,41,1,0,3,4,1,0,KBO_only
2026,Si Won Park 박시원,Dinos (KBO),25.0,115,0.078260869,0.226086956,0.346153846,0.217821782,0.276785714,0.326732673,0.603518387,0.108910891,4.368326020889629,0.266666666,-0.5949414223432541,8.402937795044632,-6.453935955642014,0.27829563458051,56.55925961312198,Si Won Park,sa3014404,,51,101,22,15,5,0,2,18,11,9,0,26,0,2,3,0,2,2,KBO_only
2026,Si-hwan Roh 노시환,Eagles (KBO),25.0,496,0.092741935,0.264112903,0.351145038,0.275862068,0.357575757,0.498850574,0.856426331,0.222988506,3.613504564806069,0.336879432,-1.200138034299016,79.60866979585708,15.530327358112942,0.3833430258914678,124.23646862151836,Si-hwan Roh,sa3012734,,110,435,120,74,20,1,25,84,83,46,0,131,11,3,1,15,3,3,KBO_only
2026,Soo-bin Jung 정수빈,Bears (KBO),35.0,449,0.097995545,0.151447661,0.647058823,0.258974358,0.338636363,0.361538461,0.700174824,0.102564103,5.910820003895674,0.296529968,0.498857956379652,50.947664795328635,-7.058737935613135,0.3268352520221458,87.8311055275147,Soo-bin Jung,sa3013258,,118,390,101,79,11,4,7,53,41,44,1,68,4,2,9,4,16,5,KBO_only
2026,Soo-haeng Jo 조수행,Bears (KBO),32.0,166,0.108433734,0.114457831,0.947368421,0.345323741,0.424050632,0.402877697,0.826928329,0.057553956,7.451038702001789,0.4,1.168007330968976,27.59212036966016,6.146546086060307,0.3902109242692778,128.66114007849524,Soo-haeng Jo,sa3012578,,97,139,48,42,4,2,0,23,17,18,0,19,1,0,8,1,16,4,KBO_only
2026,Suk-hwan Yang 양석환,Bears (KBO),34.0,113,0.07079646,0.292035398,0.242424242,0.2,0.24778761,0.27,0.51778761,0.07,0.67526454625,0.267605633,-0.0712628401815891,4.219671472674892,-10.378821864956333,0.2353709270911557,28.90484226750747,Suk-hwan Yang,sa3012438,,31,100,20,15,4,0,1,6,7,8,1,33,0,5,0,2,0,0,KBO_only
2026,Suk-hyun Han 한석현,Dinos (KBO),32.0,141,0.04964539,0.19858156,0.25,0.269841269,0.31617647,0.341269841,0.657446311,0.071428572,3.401049001089232,0.329896907,-0.1816904284060001,13.605352200032195,-4.610466920374911,0.3064374884261804,74.68976338697927,Suk-hyun Han,sa3014319,,59,126,34,29,3,0,2,15,17,7,0,28,2,1,5,2,2,1,KBO_only
2026,Sun-bin Kim 김선빈,Tigers (KBO),36.0,431,0.125290023,0.097447795,1.285714285,0.275956284,0.37704918,0.333333333,0.710382513,0.057377049,1.9620180217963945,0.308641975,-0.256730018183589,54.32993564530815,-1.3510433681348466,0.3419573828927787,97.5735998323437,Sun-bin Kim,sa3013220,,111,366,101,82,18,0,1,42,39,54,1,42,6,1,4,9,1,0,KBO_only
2026,Sun-woo Oh 오선우,Tigers (KBO),29.0,82,0.121951219,0.25609756,0.476190476,0.214285714,0.329268292,0.414285714,0.743554006,0.2,1.5064935025,0.260869565,-0.0615451801568269,10.340532095751756,-0.2530648395204611,0.3420156720207958,97.61115284009097,Sun-woo Oh,sa3012730,,30,70,15,7,5,0,3,10,6,10,0,21,2,0,0,0,0,0,KBO_only
2026,Sung-bum Na 나성범,Tigers (KBO),36.0,463,0.103671706,0.267818574,0.387096774,0.301980198,0.380129589,0.551980198,0.932109787,0.25,1.25396824625,0.37065637,-0.4113809410482645,85.33074108162651,25.5156754592968,0.4119359973182431,142.6576067313909,Sung-bum Na,sa3012352,,113,404,122,73,23,0,26,66,79,48,0,124,6,5,0,10,0,0,KBO_only
2026,Sung-ju Moon 문성주,Twins (KBO),29.0,234,0.089743589,0.119658119,0.75,0.292682926,0.363636363,0.351219512,0.714855875,0.058536586,1.8278274845727691,0.331460674,-0.7504239827394485,28.081091520971313,-2.149416806512818,0.3346874383339194,92.8899084883774,Sung-ju Moon,sa3012668,,69,205,60,50,9,0,1,17,21,21,2,28,3,2,3,4,2,2,KBO_only
2026,Sung-woo Jang 장성우,Wiz (KBO),36.0,233,0.184549356,0.248927038,0.74137931,0.192513368,0.347639484,0.406417112,0.754056596,0.213903744,2.743964575879135,0.216666666,0.0121252425014972,30.004430171037367,-0.0968879499190565,0.3452239938404249,99.67812721845029,Sung-woo Jang,sa3013216,,63,187,36,16,10,0,10,32,38,43,3,58,2,1,0,8,1,0,KBO_only
2026,Tae Yang Han 한태양,Giants (KBO),22.0,188,0.117021276,0.218085106,0.536585365,0.25,0.342245989,0.329268292,0.671514281,0.079268292,7.6618632707280705,0.327868852,1.6250821463763714,20.372047616355538,-3.9157112108539383,0.3206990625769059,83.87784052570885,Tae Yang Han,sa3018255,,63,164,41,31,8,1,1,33,7,22,0,41,1,0,1,2,9,0,KBO_only
2026,Tae-gon Oh 오태곤,Landers (KBO),34.0,256,0.07421875,0.28125,0.263888888,0.244635193,0.3046875,0.403433476,0.708120976,0.158798283,4.486785377731878,0.311688311,0.2949251122772693,27.48371243493792,-5.588980436155828,0.3194931418287988,83.10092118008112,Tae-gon Oh,sa3012193,,96,233,57,38,10,0,9,33,31,19,1,72,2,2,0,8,7,2,KBO_only
2026,Tae-hun Do 도태훈,Dinos (KBO),33.0,85,0.117647058,0.211764705,0.555555555,0.159420289,0.317647058,0.20289855,0.520545608,0.043478261,2.3001271183768424,0.215686274,-0.5363413542509079,6.0052517145875655,-4.975915840267781,0.275389271623948,54.686823460155026,Tae-hun Do,sa3012620,,67,69,11,8,3,0,0,7,8,10,0,18,6,0,0,2,0,1,KBO_only
2026,Tae-yean Kim 김태연,Eagles (KBO),29.0,357,0.086834733,0.176470588,0.492063492,0.273927392,0.350877192,0.448844884,0.799722076,0.174917492,4.833239402401417,0.308695652,-0.1598475258797407,51.28679932346717,5.165895593074714,0.3631092377921991,111.2007683615066,Tae-yean Kim,sa3012603,,103,303,83,56,13,2,12,53,37,31,0,63,6,2,15,6,3,1,KBO_only
2026,Taegun Kim 김태군,Tigers (KBO),36.0,171,0.070175438,0.122807017,0.571428571,0.28275862,0.361445783,0.44137931,0.802825093,0.15862069,1.60119047125,0.297520661,-0.1522433403879404,25.081421052353104,2.989895736114702,0.3667310411671558,113.53412991323408,Taegun Kim,sa3012057,,64,145,41,28,8,0,5,21,21,12,0,21,7,2,5,7,0,0,KBO_only
2026,Trenton Brooks 브룩스,Heroes (KBO),30.0,161,0.086956521,0.149068322,0.583333333,0.216783216,0.285714285,0.258741258,0.544455543,0.041958042,2.6101591175645207,0.25409836,0.0704312026500701,9.601141492260654,-11.19848175870065,0.2621543481483223,46.16017019354865,Trenton Brooks,19384,,41,143,31,25,6,0,0,11,16,14,0,24,1,3,0,1,1,0,KBO_only
2026,Ui San Jeon 전의산,Landers (KBO),25.0,248,0.084677419,0.31048387,0.272727272,0.263392857,0.326612903,0.419642857,0.74625576,0.15625,2.000919300567019,0.366197183,0.0056468024849891,30.623076105906744,-1.4160951129653274,0.3388631274142573,95.5801131580732,Ui San Jeon,sa3019044,,64,224,59,38,14,0,7,22,39,21,0,77,1,2,0,4,1,0,KBO_only
2026,Victor Reyes 레이예스,Giants (KBO),31.0,508,0.080708661,0.112204724,0.719298245,0.354978354,0.407480314,0.521645021,0.929125335,0.166666667,2.395911638939584,0.380710659,-0.7542007323354483,94.46798985882728,28.83936494275061,0.4139315841678612,143.94327167395213,Victor Reyes,15487,,116,462,164,117,31,2,14,64,87,41,7,57,2,3,0,10,1,1,KBO_only
2026,Whee Jip Kim 김휘집,Dinos (KBO),24.0,224,0.102678571,0.178571428,0.575,0.256684491,0.364864864,0.470588235,0.835453099,0.213903744,4.902863752648351,0.278571428,-0.3115533366799354,35.0752101635727,6.136603901365669,0.3786385577541213,121.20559589415988,Whee Jip Kim,sa3015123,,59,187,48,27,11,1,9,32,41,23,0,40,10,2,2,4,4,2,KBO_only
2026,Won-jun Choi 최원준,Wiz (KBO),29.0,529,0.105860113,0.1342155,0.788732394,0.336956521,0.412547528,0.463043478,0.875591006,0.126086957,6.019314692891388,0.381818181,0.354618314653635,93.15872978681467,24.81711053365612,0.4020885045537477,136.31331947480766,Won-jun Choi,sa3012595,,111,460,155,116,28,3,8,95,61,56,0,71,6,4,3,3,23,8,KBO_only
2026,Won-seok Lee 이원석,Eagles (KBO),27.0,211,0.071090047,0.180094786,0.394736842,0.271276595,0.334951456,0.34574468,0.680696136,0.074468085,6.020577839347638,0.335570469,-1.284114332869649,22.758086865021383,-4.501046712325419,0.3200938530917306,83.48793185390922,Won-seok Lee,sa3012693,,90,188,51,41,7,2,1,29,16,15,0,38,3,0,5,1,6,5,KBO_only
2026,Woo-hyun Yang 양우현,Lions (KBO),26.0,111,0.108108108,0.243243243,0.444444444,0.163043478,0.263636363,0.239130434,0.502766797,0.076086956,4.793226227564196,0.205882352,-0.1363413482904434,5.059127887213184,-9.28098503736262,0.2452656442468816,35.2795540301705,Woo-hyun Yang,sa3014212,,73,92,15,10,4,0,1,19,10,12,0,27,2,4,1,0,2,1,KBO_only
2026,Woo-jun Shim 심우준,Eagles (KBO),31.0,363,0.088154269,0.168044077,0.524590163,0.254716981,0.329577464,0.330188679,0.659766143,0.075471698,6.1845643200941645,0.300395256,3.407760327681899,36.933521241993375,-9.96252372756534,0.3127492689750564,78.75615367131228,Woo-jun Shim,sa3012420,,107,318,81,67,9,0,5,53,35,32,0,61,4,1,8,1,21,1,KBO_only
2026,Woo-sung Lee 이우성,Dinos (KBO),31.0,392,0.058673469,0.150510204,0.389830508,0.305785123,0.350383631,0.404958677,0.755342308,0.099173554,2.315666005409389,0.35,-0.9385928511619568,50.83899529944819,0.1964343405858862,0.346325665865189,100.38788390015556,Woo-sung Lee,sa3012368,,104,363,111,87,18,0,6,36,44,23,1,59,3,2,1,10,4,3,KBO_only
2026,Woong-bin Kim 김웅빈,Heroes (KBO),30.0,262,0.103053435,0.232824427,0.44262295,0.244541484,0.339694656,0.397379912,0.737074568,0.152838428,1.9345238025,0.3,-0.2299846205860376,33.00283792624045,-0.8449961840195594,0.3418486439089738,97.50354429985988,Woong-bin Kim,sa3012561,,81,229,56,38,9,1,8,25,25,27,0,61,6,0,0,2,0,0,KBO_only
2026,Yonathan Perlaza 페라자,Eagles (KBO),27.0,489,0.165644171,0.192229038,0.861702127,0.288944723,0.408624229,0.505025125,0.913649354,0.216080402,4.172144889129055,0.328719723,-0.7788833416998386,89.25697368015058,26.082962688100405,0.4098093239416987,141.28748876081764,Yonathan Perlaza,sa917302,,114,398,115,70,24,1,20,81,65,81,4,94,3,5,2,7,10,5,KBO_only
2026,Yoo-seom Han 한유섬,Landers (KBO),36.0,182,0.137362637,0.225274725,0.609756097,0.217105263,0.337016574,0.269736842,0.606753416,0.052631579,2.034712031675975,0.281818181,0.0186036825180053,16.429145138002088,-7.083472450041127,0.2989621394210391,69.87373939325558,Yoo-seom Han,sa3012336,,61,152,33,29,2,0,2,12,13,25,1,41,3,1,1,9,1,0,KBO_only
2026,Yoon-suk Oh 오윤석,Wiz (KBO),34.0,180,0.088888888,0.216666666,0.41025641,0.29375,0.353932584,0.375,0.728932584,0.08125,2.696382505850657,0.37704918,-1.082400368526578,21.91035839548563,-1.3438787795021587,0.3367534259618339,94.22092941862812,Yoon-suk Oh,sa3012464,,88,160,47,36,10,0,1,27,24,16,1,39,0,2,2,7,0,2,KBO_only
2026,Young Bin Lee 이영빈,Twins (KBO),24.0,90,0.055555555,0.244444444,0.227272727,0.216867469,0.258426966,0.277108433,0.535535399,0.060240964,4.339717877205912,0.278688524,-0.1233844682574272,4.490909010321438,-7.136209577172458,0.2504575125287088,38.62443628253564,Young Bin Lee,sa3015000,,58,83,18,15,2,0,1,10,9,5,0,22,0,1,1,0,2,1,KBO_only
2026,Young Mook Hwang 황영묵,Eagles (KBO),26.0,131,0.106870229,0.152671755,0.7,0.216216216,0.3125,0.315315315,0.627815315,0.099099099,4.776313475653886,0.252747252,-0.6208551824092865,11.80998000790561,-5.113937047224395,0.2988209556788206,69.78278119323298,Young Mook Hwang,sa3023498,,62,111,24,16,6,1,1,14,21,14,0,20,2,1,3,3,2,2,KBO_only
2026,Young Woong Kim 김영웅,Lions (KBO),22.0,147,0.047619047,0.299319727,0.159090909,0.187050359,0.224489795,0.280575539,0.505065334,0.09352518,0.97619047125,0.247311827,-0.0842197202146053,5.106428221993279,-13.884532137580086,0.2322415539196559,26.8887308767359,Young Woong Kim,sa3020665,,38,139,26,19,4,0,3,10,14,7,0,44,0,1,0,2,0,0,KBO_only
2026,Yu-chan Lee 이유찬,Bears (KBO),27.0,124,0.064516129,0.274193548,0.235294117,0.211009174,0.276422764,0.275229357,0.551652121,0.064220183,7.035646661694545,0.285714285,-0.2143767364323139,7.344248650226742,-8.675336959209293,0.2616658210754394,45.84543464033646,Yu-chan Lee,sa3012635,,86,109,23,19,2,1,1,19,15,8,0,34,3,3,1,0,4,2,KBO_only
2026,Yunior Severino 세베리노,Bears (KBO),26.0,94,0.127659574,0.287234042,0.444444444,0.231707317,0.329787234,0.341463414,0.671250648,0.109756097,2.97619047125,0.333333333,-0.0809805002063512,9.929612458884131,-2.214266954720606,0.3174217140420954,81.76639540540916,Yunior Severino,sa3003185,,24,82,19,13,4,1,1,8,8,12,0,27,0,0,0,1,0,0,KBO_only
