Season,Name,Team,Age,PA,BB%,K%,BB/K,AVG,OBP,SLG,OPS,ISO,Spd,BABIP,wSB,wRC,wRAA,wOBA,wRC+,NameASCII,PlayerId,MLBAMID
2024,"Henry Ramos 라모스","Bears (KBO)",32,348,0.077586206,0.172413793,0.45,0.305466237,0.360230547,0.482315112,0.842545659,0.176848875,3.9945215593373478,0.344129554,-1.0712411543354392,53.750580181567,6.714521934477625,0.37251092329879715,114.27526494504482,"Henry Ramos","11481",
2023,"Niko Goodrum 구드럼","Giants (KBO)",31,201,0.11442786,0.228855721,0.5,0.294797687,0.373134328,0.387283236,0.760417564,0.092485549,1.86920849,0.389312977,-0.17647781665436924,26.940759990866855,3.2697295290786754,0.3574817308783531,113.81321161474975,"Niko Goodrum","12092",
2023,"Sócrates Brito 소크라테스","Tigers (KBO)",30,608,0.085526315,0.131578947,0.65,0.285191956,0.34375,0.462522851,0.806272851,0.177330895,5.264935891864174,0.298901098,0.034443591022863984,86.50940176739081,14.907478778499206,0.3682288293609556,120.8199419180571,"Socrates Brito","12944",
2024,"Sócrates Brito 소크라테스","Tigers (KBO)",31,602,0.068106312,0.15116279,0.45054945,0.309782608,0.358803986,0.516304347,0.875108333,0.206521739,5.016746078587073,0.329545454,-0.18454745807684958,98.33300423055323,16.96602990656528,0.3828306860947689,120.85124836891406,"Socrates Brito","12944",
2025,"Patrick Wisdom 위즈덤","Tigers (KBO)",33,486,0.106995884,0.292181069,0.366197183,0.235849056,0.320987654,0.535377358,0.856365012,0.299528302,3.917747754618488,0.256916996,0.20776524487882853,74.47809586071547,15.346769036288817,0.3759480195104583,125.95370315612331,"Patrick Wisdom","13602",
2023,"Addison Russell 러셀","Heroes (KBO)",29,235,0.072340425,0.165957446,0.435897435,0.287037037,0.340425531,0.402777777,0.743203308,0.11574074,2.8147498354931364,0.333333333,0.011557588586583734,29.545542070794983,1.8704567050227388,0.34666123731523496,106.75863029978605,"Addison Russell","14106",
2025,"Yasiel Puig 푸이그","Heroes (KBO)",34,172,0.069767441,0.220930232,0.315789473,0.211538461,0.28488372,0.339743589,0.624627309,0.128205128,1.2806776525,0.241071428,-0.16409821761772037,14.97334372425225,-5.953792518137431,0.2927446905956712,71.5498936444179,"Yasiel Puig","14225",
2023,"Anthony Alford 알포드","Wiz (KBO)",28,547,0.085923217,0.255941499,0.335714285,0.289205702,0.356489945,0.456211812,0.812701757,0.16700611,6.1576886647616025,0.374631268,1.709336938103661,81.2520621267423,16.83388470088094,0.37637689851579215,126.13219649105254,"Anthony Alford","14329",
2023,"Nick Williams 윌리엄스","Eagles (KBO)",29,273,0.029304029,0.23076923,0.126984126,0.244186046,0.274725274,0.403100775,0.677826049,0.158914729,2.400761000548502,0.285714285,-0.37452191580086946,26.886952117955765,-5.263253434622206,0.31118470146542504,83.62917641066163,"Nick Williams","14330",
2025,"Jake Cave 케이브","Bears (KBO)",32,593,0.072512647,0.195615514,0.370689655,0.299256505,0.350758853,0.462825278,0.813584131,0.163568773,6.213794850922424,0.350241545,2.3410486676730216,86.67575416147822,14.525801883937064,0.3670457210895178,120.13279486043216,"Jake Cave","14477",
2026,"Harold Castro 카스트로","Tigers (KBO)",32,184,0.054347826,0.179347826,0.303030303,0.315789473,0.347826086,0.497076023,0.844902109,0.18128655,1.9963054150000001,0.355555555,-0.15447213500738144,27.783732092302493,4.469188487451724,0.37454153116934935,119.1691013266152,"Harold Castro","14691",
2024,"Victor Reyes 레이예스","Giants (KBO)",29,632,0.07278481,0.129746835,0.560975609,0.351916376,0.393987341,0.510452961,0.904440302,0.158536585,4.209930517895324,0.383196721,0.5155314158182591,113.02191901300716,27.600112081511483,0.4008136298921373,132.3103819422194,"Victor Reyes","15487",
2025,"Victor Reyes 레이예스","Giants (KBO)",30,643,0.090202177,0.102643856,0.878787878,0.32635253,0.385692068,0.474694589,0.860386657,0.148342059,3.3287623290885957,0.345924453,0.2770103090442717,101.47435843469003,23.2409363192449,0.3816884447591373,129.70717078558752,"Victor Reyes","15487",
2026,"Victor Reyes 레이예스","Giants (KBO)",31,387,0.093023255,0.108527131,0.857142857,0.346820809,0.408268733,0.514450867,0.9227196,0.167630058,2.0151978444545717,0.366101694,-0.6650827489793301,70.30413060965508,21.267563353800465,0.4118926504724904,143.37082415013722,"Victor Reyes","15487",
2023,"Jason Martin 마틴","Dinos (KBO)",27,503,0.113320079,0.212723658,0.53271028,0.28275862,0.359840954,0.455172413,0.815013367,0.172413793,4.7771954258315565,0.330218068,1.3242926793172956,74.09094521285692,14.85448589803377,0.3747577876625899,125.07659314863308,"Jason Martin","16429",
2025,"Ryan McBroom 맥브룸","Landers (KBO)",33,80,0.0625,0.35,0.178571428,0.202702702,0.2625,0.405405405,0.667905405,0.202702703,1.08035714,0.261904761,-0.048028746619820595,6.875867267625226,-2.8576844730211364,0.29135448657549345,70.64088680920322,"Ryan McBroom","16524",
2025,"Luis Liberato 리베라토","Eagles (KBO)",29,546,0.084249084,0.172161172,0.489361702,0.31300813,0.366300366,0.524390243,0.890690609,0.211382113,4.280212638463427,0.347150259,-0.1603353712707758,92.9250010425465,26.49351041263508,0.39724787731310385,139.8809512799132,"Luis Liberato","17307",
2025,"Andrew Stevenson 스티븐슨","Wiz (KBO)",31,336,0.083333333,0.25595238,0.325581395,0.261744966,0.341317365,0.402684563,0.744001928,0.140939597,4.655200492539164,0.349514563,0.4637987855821848,43.324451398394054,2.4435340876793368,0.34539663720273683,105.9771997509432,"Andrew Stevenson","17932",
2026,"Sam Hilliard 힐리어드","Wiz (KBO)",32,385,0.093506493,0.275324675,0.339622641,0.292753623,0.355844155,0.550724637,0.906568792,0.257971014,5.768275186390475,0.354545454,0.1613367646932602,65.84362741926113,17.06047911563316,0.3989306522222857,134.97207480224148,"Sam Hilliard","17954",
2023,"Austin Dean 오스틴","Twins (KBO)",29,579,0.091537132,0.129533678,0.706666666,0.313953488,0.376511226,0.515503875,0.892015101,0.201550387,4.518711121052185,0.327058823,-0.34151263209059834,99.49698859060845,31.31028890217385,0.4067255797791109,145.9184695039354,"Austin Dean","18288",
2024,"Austin Dean 오스틴","Twins (KBO)",30,604,0.100993377,0.135761589,0.743902439,0.318785578,0.38410596,0.573055028,0.957160988,0.25426945,4.532188877522749,0.319248826,-1.835342595120892,113.3409853174937,31.703688819671903,0.4110524859715465,138.83480979862898,"Austin Dean","18288",
2025,"Austin Dean 오스틴","Twins (KBO)",31,499,0.122244488,0.124248496,0.983870967,0.312941176,0.392785571,0.595294117,0.988079688,0.282352941,3.4735090458616664,0.297376093,0.07168379612267017,97.7172131752543,37.00418419297262,0.4294691359609123,160.9493296797493,"Austin Dean","18288",
2026,"Austin Dean 오스틴","Twins (KBO)",32,395,0.111392405,0.151898734,0.733333333,0.337243401,0.420253164,0.656891495,1.077144659,0.319648094,4.083585398582567,0.33984375,-0.44050763361155987,89.57599828407794,39.52575521931678,0.4668370667176369,178.9721543772994,"Austin Dean","18288",
2026,"Daz Cameron 카메론","Bears (KBO)",29,314,0.095541401,0.168789808,0.566037735,0.286738351,0.359872611,0.473118279,0.83299089,0.186379928,6.36035366205852,0.324200913,1.5121201388537884,48.052900893972826,8.266125394390533,0.3770215944120079,120.77606262532463,"Daz Cameron","18353",
2024,"Lewin Díaz 디아즈","Lions (KBO)",27,118,0.050847457,0.211864406,0.24,0.281818181,0.330508474,0.518181818,0.848690292,0.236363637,0.97619047125,0.307692307,-0.06920979986898601,18.132868867628268,2.1838606114312924,0.3715968036045462,113.69276745206245,"Lewin Diaz","18365",
2025,"Lewin Díaz 디아즈","Lions (KBO)",28,628,0.095541401,0.159235668,0.6,0.313974591,0.380573248,0.644283121,1.024856369,0.33030853,1.620206757750548,0.298543689,-0.38835214311257005,128.88176052465738,52.47337936058344,0.44128435946591077,168.6749000059376,"Lewin Diaz","18365",
2026,"Lewin Díaz 디아즈","Lions (KBO)",29,395,0.116455696,0.151898734,0.766666666,0.299418604,0.379746835,0.5,0.879746835,0.200581396,2.6925251847935936,0.319852941,0.01381966844201088,65.94915702684197,15.898913962080812,0.3939824948201374,131.76590759311367,"Lewin Diaz","18365",
2024,"ByungHo Park 박병호","Lions (KBO)",37,285,0.108771929,0.29122807,0.373493975,0.244979919,0.333333333,0.506024096,0.839357429,0.261044177,3.5384733797278036,0.277027027,0.4205671944655478,42.788434731186086,4.267524959862876,0.3674941479114064,111.07846358042102,"ByungHo Park","18497",
2025,"ByungHo Park 박병호","Lions (KBO)",38,232,0.11637931,0.301724137,0.385714285,0.198979591,0.314655172,0.454081632,0.768736804,0.255102041,0.8658963525000001,0.21238938,-0.21212696423754096,30.51998192223886,2.2926818743644066,0.3486771496205494,108.12221455993291,"ByungHo Park","18497",
2023,"ByungHo Park 박병호","Wiz (KBO)",36,493,0.093306288,0.231237322,0.403508771,0.283062645,0.356997971,0.443155452,0.800153423,0.160092807,2.1480595750612403,0.338762214,-0.021752064349129796,70.95059855905424,12.891802451285232,0.3703528613519766,122.20473608745763,"ByungHo Park","18497",
2024,"ByungHo Park 박병호","Wiz (KBO)",37,121,0.132231404,0.314049586,0.421052631,0.198019801,0.330578512,0.306930693,0.637509205,0.108910892,2.669779376168826,0.283333333,0.11028359574265778,12.108950774933868,-4.245540742013877,0.3093700995129987,74.04052129890843,"ByungHo Park","18497",
2023,"Hyun Soo Kim 김현수","Twins (KBO)",35,552,0.105072463,0.096014492,1.094339622,0.293388429,0.364791288,0.38429752,0.749088808,0.090909091,2.634798242753017,0.314087759,-0.5185040978249162,71.5295031000829,6.522494070694474,0.35168435183478014,110.03352433542324,"Hyun Soo Kim","18718",
2024,"Hyun Soo Kim 김현수","Twins (KBO)",36,583,0.080617495,0.130360205,0.618421052,0.294003868,0.357388316,0.41779497,0.775183286,0.123791102,3.852891007564238,0.325791855,0.308832818409428,79.71641032423454,0.9174966516681371,0.35193582389522954,101.1643519039877,"Hyun Soo Kim","18718",
2025,"Hyun Soo Kim 김현수","Twins (KBO)",37,552,0.115942028,0.132246376,0.876712328,0.298136645,0.384057971,0.422360248,0.806418219,0.124223603,2.87912441890818,0.330827067,0.09958079038187861,84.03861374151545,16.877106731055544,0.3746869553238857,125.12913643886381,"Hyun Soo Kim","18718",
2026,"Hyun Soo Kim 김현수","Wiz (KBO)",38,389,0.08226221,0.113110539,0.727272727,0.282485875,0.341902313,0.395480225,0.737382538,0.11299435,1.6063791385939545,0.307189542,-1.2702598292380571,48.02614362252552,-1.263842585555726,0.3410001484471299,97.43590395781341,"Hyun Soo Kim","18718",
2023,"Guillermo Heredia 에레디아","Landers (KBO)",32,524,0.07442748,0.14312977,0.52,0.32278481,0.384321223,0.459915611,0.844236834,0.137130801,3.6963343834535536,0.363402061,-1.4184764614328742,84.07922095378574,22.36966890414889,0.3918957303714201,136.2499291619482,"Guillermo Heredia","18721",
2024,"Guillermo Heredia 에레디아","Landers (KBO)",33,591,0.047377326,0.123519458,0.383561643,0.360443622,0.399323181,0.537892791,0.937215972,0.177449169,2.739788844588051,0.381578947,-1.09681383240968,112.00947733194963,32.12927496404782,0.41322914363981106,140.22182469702693,"Guillermo Heredia","18721",
2025,"Guillermo Heredia 에레디아","Landers (KBO)",34,415,0.074698795,0.14939759,0.5,0.338666666,0.397590361,0.490666666,0.888257027,0.152,1.3463232727627428,0.377483443,-1.181461981497705,72.30323296382332,21.810433309220315,0.40231647775701074,143.19513565976735,"Guillermo Heredia","18721",
2026,"Guillermo Heredia 에레디아","Landers (KBO)",35,366,0.060109289,0.158469945,0.379310344,0.282282282,0.336065573,0.462462462,0.798528035,0.18018018,1.8160261693102744,0.299242424,-1.4754369035363197,50.57192752782398,4.196259270349078,0.3589220127014265,109.04840712386441,"Guillermo Heredia","18721",
2025,"Estevan Florial 플로리얼","Eagles (KBO)",27,285,0.084210526,0.228070175,0.369230769,0.271317829,0.333333333,0.449612403,0.782945736,0.178294574,6.400545750297296,0.331550802,1.0481184837408364,38.26109460944986,3.5853165333972017,0.3520682540462211,110.3395416983397,"Estevan Florial","19151",
2025,"Stone Garrett 스톤 개랫","Heroes (KBO)",29,93,0.05376344,0.258064516,0.208333333,0.24137931,0.279569892,0.310344827,0.589914719,0.068965517,0.14285714,0.306451612,-0.09605749323964119,6.764024913659936,-4.55122898484146,0.2747410561448784,59.77793317174943,"Stone Garrett","19273",
2023,"Jose Rojas 로하스","Bears (KBO)",30,464,0.118534482,0.146551724,0.808823529,0.253101736,0.344827586,0.473945409,0.818772995,0.220843673,2.710087565801997,0.260188087,-0.7509997354354709,68.59603706668804,13.952464259376022,0.37545873644032,125.53358710378653,"Jose Rojas","19331",
2023,"Jae-Gyun Hwang 황재균","Wiz (KBO)",35,457,0.098468271,0.140043763,0.703125,0.294840294,0.365638766,0.412776412,0.778415178,0.117936118,3.672550269130495,0.337278106,-1.048787011532113,64.18839983544386,10.369191273069744,0.3658464445709919,119.26671080837671,"Jae-Gyun Hwang","19369",
2024,"Jae-Gyun Hwang 황재균","Wiz (KBO)",36,536,0.063432835,0.177238805,0.357894736,0.259634888,0.308851224,0.383367139,0.692218363,0.123732251,2.4036066144227157,0.297157622,-2.4014993889722973,55.903837015378,-16.54250557209301,0.3142747141547122,77.16585133042464,"Jae-Gyun Hwang","19369",
2025,"Jae-Gyun Hwang 황재균","Wiz (KBO)",37,424,0.080188679,0.198113207,0.404761904,0.275324675,0.335697399,0.379220779,0.714918178,0.103896104,2.9260674474780743,0.334459459,-0.2908507608808577,49.88819940124315,-1.699624824182573,0.3312166265401795,96.70537602680113,"Jae-Gyun Hwang","19369",
2026,"Trenton Brooks 브룩스","Heroes (KBO)",30,161,0.086956521,0.149068322,0.583333333,0.216783216,0.285714285,0.258741258,0.544455543,0.041958042,2.6101591175645207,0.25409836,0.0595707893371582,9.54421202859385,-10.856013625650572,0.26282909790181225,46.784835571699205,"Trenton Brooks","19384",
2024,"David MacKinnon 맥키넌","Lions (KBO)",29,315,0.123809523,0.104761904,1.181818181,0.294117647,0.38095238,0.386029411,0.766981791,0.091911764,1.786982642678835,0.319327731,-0.056332589127123356,43.70730512859826,1.1315627497673495,0.35427945183637816,102.65776399081645,"David MacKinnon","19625",
2023,"Zach Reks 렉스","Giants (KBO)",29,234,0.119658119,0.23076923,0.518518518,0.246305418,0.337606837,0.344827586,0.682434423,0.098522168,2.909450680422023,0.31292517,-0.619389160303399,25.38728670895607,-2.1700323361107645,0.32421640152561254,92.12538660759442,"Zach Reks","19667",
2023,"Ronnie Dawson 도슨","Heroes (KBO)",28,261,0.068965517,0.157088122,0.43902439,0.336244541,0.398467432,0.454148471,0.852615903,0.11790393,6.212072771725629,0.389473684,0.7077880285214633,42.944864447425104,12.207854743312094,0.3972137931206217,139.7171190718612,"Ronnie Dawson","19710",
2024,"Ronnie Dawson 도슨","Heroes (KBO)",29,429,0.09090909,0.125874125,0.722222222,0.329842931,0.398601398,0.507853403,0.906454801,0.178010472,3.679745916480022,0.360501567,-0.882485838374123,78.67943725471589,20.695330967355698,0.4061194759704572,135.69138560969253,"Ronnie Dawson","19710",
2026,"Keston Hiura 히우라","Heroes (KBO)",29,165,0.103030303,0.321212121,0.320754716,0.270833333,0.357575757,0.444444444,0.802020201,0.173611111,1.30357142125,0.376470588,-0.16851505637168884,23.97244043686382,3.0653768781661204,0.3675854859930096,114.66191973616911,"Keston Hiura","20003",
2024,"Jared Young 제러드","Bears (KBO)",28,169,0.124260355,0.207100591,0.6,0.326388888,0.420118343,0.659722222,1.079840565,0.333333334,5.844597092785046,0.37,0.6872136713936925,39.31715886944801,16.474935180487932,0.46329501782648663,172.12491833030455,"Jared Young","20404",
2023,"Shin-Soo Choo 추신수","Landers (KBO)",40,462,0.14069264,0.17099567,0.82278481,0.2513089,0.376623376,0.395287958,0.771911334,0.143979058,3.921687666238509,0.286689419,-0.48468079580925405,66.11579603636665,11.70775587046546,0.3693001874098292,121.51842969304928,"Shin-Soo Choo","3174",
2024,"Shin-Soo Choo 추신수","Landers (KBO)",41,302,0.122516556,0.225165562,0.544117647,0.280632411,0.373333333,0.403162055,0.776495388,0.122529644,4.599266173798447,0.354838709,0.2857023039832711,42.80797606820075,1.9893278192898491,0.3577567497889201,104.87357593803446,"Shin-Soo Choo","3174",
2023,"Jung Hoo Lee 이정후","Heroes (KBO)",24,387,0.126614987,0.059431524,2.130434782,0.318181818,0.405684754,0.454545454,0.860230208,0.136363636,4.134809795843337,0.323529411,-0.41289320937357843,63.29556094855919,17.719994835564044,0.3959305215823023,138.88047115340487,"Jung Hoo Lee","33824",
2023,"Hyeseong Kim 김혜성","Heroes (KBO)",24,617,0.092382495,0.123176661,0.75,0.335144927,0.397082658,0.447463768,0.844546426,0.112318841,6.780628930304302,0.375527426,3.144823743030429,99.64351378722296,26.981693911982628,0.3932505872234071,137.13324818771392,"Hyeseong Kim","35322",
2024,"Hyeseong Kim 김혜성","Heroes (KBO)",25,567,0.082892416,0.109347442,0.758064516,0.326129666,0.382716049,0.457760314,0.840476363,0.131630648,6.555736898028599,0.349887133,2.683151022065431,90.46511168296608,13.828775401070445,0.378426294833158,118.0446718514874,"Hyeseong Kim","35322",
2023,"Sung-Mun Song 송성문","Heroes (KBO)",26,438,0.089041095,0.08675799,1.026315789,0.262886597,0.324884792,0.358247422,0.683132214,0.095360825,3.3119768449805305,0.275568181,-0.13500873371958733,45.21242964315909,-6.369218825812163,0.31735525625846883,87.65216115641682,"Sung-Mun Song","37122",
2024,"Sung-Mun Song 송성문","Heroes (KBO)",27,602,0.106312292,0.136212624,0.780487804,0.339658444,0.408637873,0.518026565,0.926664438,0.178368121,6.018380199427436,0.368663594,3.7078414857387543,113.47084038919417,32.103866065206205,0.4120267723997434,139.4556468787627,"Sung-Mun Song","37122",
2025,"Sung-Mun Song 송성문","Heroes (KBO)",28,646,0.105263157,0.148606811,0.708333333,0.31533101,0.386996904,0.529616724,0.916613628,0.214285714,6.245619759446603,0.34065934,3.4264231035485864,116.38263419226834,37.784203886548966,0.40977570065842034,148.07246625610986,"Sung-Mun Song","37122",
2023,"José Pirela 피렐라","Lions (KBO)",33,605,0.069421487,0.114049586,0.608695652,0.285457809,0.338842975,0.425493716,0.764336691,0.140035907,2.8637554013747657,0.301687763,-0.939556737197563,79.07249130728265,7.823867280507297,0.3531377340356509,110.98107842414903,"Jose Pirela","5485",
2024,"Matt Davidson 데이비슨","Dinos (KBO)",33,567,0.068783068,0.250440917,0.274647887,0.305555555,0.37037037,0.632936507,1.003306877,0.327380952,2.0704236184253246,0.334365325,-0.8193940736819059,113.28057928950304,36.6442430076074,0.42514638205015787,147.81575527412593,"Matt Davidson","7226",
2025,"Matt Davidson 데이비슨","Dinos (KBO)",34,439,0.070615034,0.26879271,0.262711864,0.292746113,0.346241457,0.619170984,0.965412441,0.326424871,1.9235450733400703,0.31300813,-0.18823236552998424,81.18148894473539,27.76862376793848,0.4157649676005046,151.98864295338615,"Matt Davidson","7226",
2026,"Matt Davidson 데이비슨","Dinos (KBO)",35,252,0.047619047,0.23015873,0.206896551,0.28959276,0.369047619,0.457013574,0.826061193,0.167420814,3.0989489910192862,0.356687898,-0.056283311918377876,38.94671119428311,7.01592321372662,0.3788677515491607,121.97228335861554,"Matt Davidson","7226",
2026,"Jarryd Dale 데일","Tigers (KBO)",25,135,0.096296296,0.103703703,0.928571428,0.256410256,0.328244274,0.316239316,0.64448359,0.05982906,4.034170352790172,0.281553398,0.07010298036038876,12.553440622898728,-4.55233865239939,0.30388508026416483,73.38713086884461,"Jarryd Dale","sa3007022",
2025,"Ruben Cardenas 카데나스","Heroes (KBO)",27,361,0.088642659,0.185595567,0.47761194,0.253125,0.329639889,0.371875,0.701514889,0.11875,2.310069526196626,0.297188755,-1.0373757416382432,40.61367661231817,-3.3089756173485414,0.324733616249807,92.46635745025992,"Ruben Cardenas","sa3007505",
2024,"Hun Gon Kim 김헌곤","Lions (KBO)",35,311,0.070739549,0.160771704,0.44,0.302491103,0.358306188,0.434163701,0.792469889,0.131672598,4.105387570647998,0.340807174,-0.39276942517608404,44.605026355656335,2.5699283244931213,0.35970299659412147,106.11376788651206,"Hun Gon Kim","sa3011906",
2025,"Hun Gon Kim 김헌곤","Lions (KBO)",36,191,0.057591623,0.15183246,0.379310344,0.225433526,0.285714285,0.294797687,0.580511972,0.069364161,3.629411125260482,0.258741258,-0.21468547079712152,13.988172255555552,-9.250682525237638,0.275375900445161,60.19303613496786,"Hun Gon Kim","sa3011906",
2024,"Bon Ki Shin 신본기","Wiz (KBO)",35,152,0.105263157,0.184210526,0.571428571,0.278688524,0.37062937,0.37704918,0.74767855,0.098360656,3.7883557970323407,0.333333333,0.27952368767000735,20.468126372628266,-0.07635883874410873,0.34952531911276435,99.62832439966985,"Bon Ki Shin","sa3011910",
2024,"Byeong-woo Jeon 전병우","Lions (KBO)",31,128,0.109375,0.328125,0.333333333,0.225225225,0.3125,0.405405405,0.717905405,0.18018018,2.244079986346614,0.303030303,-0.5553715038113296,14.350824228440349,-2.9497948969258614,0.32335148518905044,82.94977263212006,"Byeong-woo Jeon","sa3011926",
2025,"Byeong-woo Jeon 전병우","Lions (KBO)",32,97,0.195876288,0.278350515,0.703703703,0.272727272,0.422680412,0.337662337,0.760342749,0.064935065,3.047893335491938,0.408163265,0.04790897201746702,14.657908613765288,2.855977128231574,0.37326479572610755,124.1992349449944,"Byeong-woo Jeon","sa3011926",
2026,"Byeong-woo Jeon 전병우","Lions (KBO)",33,290,0.110344827,0.272413793,0.405063291,0.221757322,0.348275862,0.343096234,0.691372096,0.121338912,3.090568050751963,0.303797468,-0.7860022950917482,33.39774144324737,-3.3480066296152535,0.33089572273736184,90.88872371579825,"Byeong-woo Jeon","sa3011926",
2023,"Joo-Hyung Kim 김주형","Heroes (KBO)",27,81,0.111111111,0.333333333,0.333333333,0.147058823,0.256410256,0.176470588,0.432880844,0.029411765,1.1625939775,0.243902439,-0.053840689826756716,2.7256320638211675,-6.813439913317351,0.22673868980163184,28.573346236965797,"Joo-Hyung Kim","sa3011932",
2023,"Yongkyu Lee 이용규","Heroes (KBO)",37,174,0.109195402,0.126436781,0.863636363,0.233333333,0.319767441,0.273333333,0.593100774,0.04,6.167488615150603,0.269230769,0.025478090159595013,14.532325400170683,-5.959014402571321,0.2916900543279426,70.91935198022567,"Yongkyu Lee","sa3012015",
2024,"Yongkyu Lee 이용규","Heroes (KBO)",38,227,0.136563876,0.145374449,0.939393939,0.306010928,0.428571428,0.371584699,0.800156127,0.065573771,4.175902864134194,0.366666666,-0.7825161274522543,37.42847672870328,6.746909998561635,0.3846179127160992,121.99010910330554,"Yongkyu Lee","sa3012015",
2023,"Jaeho Kim 김재호","Bears (KBO)",38,302,0.099337748,0.079470198,1.25,0.283400809,0.37630662,0.372469635,0.748776255,0.089068826,3.684846937610569,0.301801801,0.5307965627871454,40.44121202048378,4.875783167448814,0.3573223996580693,113.70933326179403,"Jaeho Kim","sa3012016",
2024,"Jaeho Kim 김재호","Bears (KBO)",39,154,0.123376623,0.149350649,0.826086956,0.301587301,0.394557823,0.365079365,0.759637188,0.063492064,1.6383928525,0.3592233,-0.1332929478958249,22.178654290586387,1.3638469053801652,0.3603911768822443,106.5522917418371,"Jaeho Kim","sa3012016",
2023,"Sok Min Park 박석민","Dinos (KBO)",38,107,0.130841121,0.205607476,0.636363636,0.193181818,0.320754716,0.238636363,0.559391079,0.045454545,1.1845238025,0.242424242,-0.09571678191423416,8.522800724037772,-4.078195591441507,0.2866538554992316,67.63592743510462,"Sok Min Park","sa3012020",
2023,"Minho Kang 강민호","Lions (KBO)",37,495,0.098989898,0.131313131,0.753846153,0.29032258,0.366396761,0.44470046,0.811097221,0.15437788,3.2201808903130367,0.307262569,0.35627464996650815,73.15673403133238,14.86240528215254,0.375400250906847,125.4954565925277,"Minho Kang","sa3012023",
2024,"Minho Kang 강민호","Lions (KBO)",38,452,0.077433628,0.115044247,0.673076923,0.302729528,0.365044247,0.496277915,0.861322162,0.193548387,2.9367516484379927,0.304733727,0.2821475947275758,72.84771059978134,11.754899313331906,0.38030378659566244,119.24105155059246,"Minho Kang","sa3012023",
2025,"Minho Kang 강민호","Lions (KBO)",39,465,0.08172043,0.148387096,0.550724637,0.269417475,0.336206896,0.417475728,0.753682624,0.148058253,1.9818841293896665,0.292899408,-0.9254284407943487,58.484147431285336,1.9078779387783562,0.3414126746032549,103.3722229406289,"Minho Kang","sa3012023",
2026,"Minho Kang 강민호","Lions (KBO)",40,206,0.121359223,0.218446601,0.555555555,0.265536723,0.368932038,0.418079096,0.787011134,0.152542373,0.8962625904154957,0.325396825,-1.1157876942306757,29.79270384390655,3.690551764562755,0.3667782646359749,114.13887925158214,"Minho Kang","sa3012023",
2023,"Jeong Choi 최정","Landers (KBO)",36,552,0.106884057,0.157608695,0.678160919,0.297239915,0.388384754,0.5477707,0.936155454,0.250530785,3.691007462336948,0.307479224,-0.2996365400031209,101.78458133968793,36.7775723102995,0.42307049571920974,156.57477994976367,"Jeong Choi","sa3012034",
2024,"Jeong Choi 최정","Landers (KBO)",37,550,0.1,0.207272727,0.48245614,0.29059829,0.383636363,0.594017094,0.977653457,0.303418804,4.550993434681019,0.305555555,0.1524093560874462,108.18326397302127,33.84466616871333,0.4215557379800765,145.52771664836544,"Jeong Choi","sa3012034",
2025,"Jeong Choi 최정","Landers (KBO)",38,406,0.125615763,0.231527093,0.542553191,0.244117647,0.359605911,0.482352941,0.841958852,0.238235294,2.1203440207719675,0.265486725,-0.22025152994319797,62.62190510911233,13.224130025332046,0.3771975061297417,126.77069969832343,"Jeong Choi","sa3012034",
2026,"Jeong Choi 최정","Landers (KBO)",39,305,0.121311475,0.216393442,0.56060606,0.305882352,0.396721311,0.615686274,1.012407585,0.309803922,3.827125740336921,0.329545454,-0.12465352937579155,61.19354008135269,22.547149866790274,0.4349983286857605,158.34218860185868,"Jeong Choi","sa3012034",
2023,"Euiji Yang 양의지","Bears (KBO)",36,510,0.111764705,0.109803921,1.017857142,0.305239179,0.396078431,0.4738041,0.869882531,0.168564921,3.2320785709097684,0.31707317,0.9393630078993738,85.26128910728264,25.200465547521592,0.4006512832356639,141.95824175212468,"Euiji Yang","sa3012037",
2024,"Euiji Yang 양의지","Bears (KBO)",37,485,0.082474226,0.115463917,0.714285714,0.313953488,0.379381443,0.479069767,0.85845121,0.165116279,2.537300978592351,0.32506887,-0.44502732693217695,78.56988772021396,13.01676056550604,0.38127010464668276,119.85681100275505,"Euiji Yang","sa3012037",
2025,"Euiji Yang 양의지","Bears (KBO)",38,517,0.096711798,0.121856866,0.793650793,0.337004405,0.406189555,0.533039647,0.939229202,0.196035242,2.5437073373901686,0.352785145,-0.6855242568999529,97.10756471540459,34.204486591477476,0.41941686082492835,154.37649096295456,"Euiji Yang","sa3012037",
2026,"Euiji Yang 양의지","Bears (KBO)",39,351,0.091168091,0.111111111,0.82051282,0.25170068,0.347578347,0.411564625,0.759142972,0.159863945,1.600965368793791,0.246031746,-0.147562300786376,45.79856423677658,1.3235381210014696,0.34955018198388255,102.97591308334728,"Euiji Yang","sa3012037",
2026,"Ah-seop Son 손아섭","Bears (KBO)",38,153,0.08496732,0.183006535,0.464285714,0.248175182,0.307189542,0.291970802,0.599160344,0.04379562,1.28416148375,0.297297297,-0.1509614046663046,11.864476771965691,-7.522073073372177,0.28507564854777717,61.199526819460836,"Ah-seop Son","sa3012050",
2025,"Ah-seop Son 손아섭","Eagles (KBO)",37,149,0.087248322,0.174496644,0.5,0.265151515,0.333333333,0.356060606,0.689393939,0.090909091,2.215000512074152,0.320754716,-0.586668707896024,16.540300820596453,-1.5884392963573943,0.32285501600122773,91.23800503449272,"Ah-seop Son","sa3012050",
2023,"Ah-seop Son 손아섭","Dinos (KBO)",35,609,0.082101806,0.11001642,0.746268656,0.338181818,0.392092257,0.44,0.832092257,0.101818182,5.459706866862195,0.3747412,0.965761756291613,95.98623008094512,24.266540771348115,0.38819204480194847,133.83525640580393,"Ah-seop Son","sa3012050",
2024,"Ah-seop Son 손아섭","Dinos (KBO)",36,355,0.045070422,0.183098591,0.246153846,0.285285285,0.314447592,0.396396396,0.710843988,0.111111111,3.93726456346723,0.332075471,0.01748388446867466,38.737871400889,-9.244314454618856,0.31987403134786374,80.73386134917465,"Ah-seop Son","sa3012050",
2025,"Ah-seop Son 손아섭","Dinos (KBO)",37,267,0.08988764,0.123595505,0.727272727,0.3,0.36226415,0.379166666,0.741430816,0.079166666,3.1837916689656103,0.346153846,-1.603912697173655,33.940466531778014,1.4547375973707801,0.3431039377763697,104.4780820535321,"Ah-seop Son","sa3012050",
2023,"Taegun Kim 김태군","Lions (KBO)",33,143,0.069930069,0.076923076,0.909090909,0.256,0.328571428,0.328,0.656571428,0.072,1.6824912837500001,0.271929824,-0.11665482795797288,14.30084425310281,-2.5397396077713665,0.31316296359617934,84.91893375697052,"Taegun Kim","sa3012057",
2023,"Taegun Kim 김태군","Tigers (KBO)",33,199,0.025125628,0.085427135,0.294117647,0.262295081,0.288659793,0.295081967,0.58374176,0.032786886,2.978066135423213,0.284023668,-0.1685396139509976,14.361670809823925,-9.073827010553424,0.27690757795707466,61.28169719243744,"Taegun Kim","sa3012057",
2024,"Taegun Kim 김태군","Tigers (KBO)",34,270,0.044444444,0.088888888,0.5,0.263829787,0.328185328,0.382978723,0.711164051,0.119148936,1.10367803375,0.268292682,-0.18199614039622247,31.163732590232858,-5.329760877336494,0.3271892968291942,85.3953119558891,"Taegun Kim","sa3012057",
2025,"Taegun Kim 김태군","Tigers (KBO)",35,274,0.062043795,0.0729927,0.85,0.258474576,0.330827067,0.372881355,0.703708422,0.114406779,1.5521037149999999,0.261682242,-0.28417008416727185,31.209424027174823,-2.127990684538968,0.32649307835776853,93.61680951285267,"Taegun Kim","sa3012057",
2026,"Taegun Kim 김태군","Tigers (KBO)",36,113,0.053097345,0.14159292,0.375,0.257425742,0.315315315,0.366336633,0.681651948,0.108910891,1.39285714,0.285714285,-0.09830044955015182,11.662759666315997,-2.6554111344890945,0.31633527644045717,81.45425717131559,"Taegun Kim","sa3012057",
2026,"Geonchang Seo 서건창","Heroes (KBO)",36,254,0.106299212,0.098425196,1.08,0.288372093,0.384,0.36744186,0.75144186,0.079069767,4.847457654262449,0.321052631,-0.09139061532914639,34.57953553462234,2.3953286018392106,0.35644366750755463,107.44255903785938,"Geonchang Seo","sa3012058",
2023,"Geonchang Seo 서건창","Twins (KBO)",33,123,0.081300813,0.113821138,0.714285714,0.205607476,0.266666666,0.289719626,0.556386292,0.08411215,6.54007979753991,0.229166666,-0.7317251714412123,7.629689789644076,-6.855567657121823,0.2637019673983256,52.67210346577268,"Geonchang Seo","sa3012058",
2024,"Geonchang Seo 서건창","Tigers (KBO)",34,248,0.14516129,0.125,1.161290322,0.310344827,0.41632653,0.403940886,0.820267416,0.093596059,4.721710525658235,0.356321839,-0.09891774645075202,40.85877968049409,7.3388301250970525,0.3844669582892437,121.89391756979965,"Geonchang Seo","sa3012058",
2023,"Junwoo Jeon 전준우","Giants (KBO)",37,559,0.093023255,0.116279069,0.8,0.312373225,0.381037567,0.470588235,0.851625802,0.15821501,4.604480490477247,0.327751196,0.2595226224511862,89.78600973509339,23.954636460767073,0.3921073119919579,136.387872938554,"Junwoo Jeon","sa3012061",
2024,"Junwoo Jeon 전준우","Giants (KBO)",38,483,0.101449275,0.173913043,0.583333333,0.293144208,0.369294605,0.484633569,0.853928174,0.191489361,3.4189769027218833,0.327217125,-0.21939406474120915,78.11057431222511,12.827769331351037,0.3809448282748337,119.64953763109474,"Junwoo Jeon","sa3012061",
2025,"Junwoo Jeon 전준우","Giants (KBO)",39,472,0.093220338,0.150423728,0.619718309,0.292682926,0.368869936,0.419512195,0.788382131,0.126829269,2.6650259824330833,0.332344213,-0.574901070445776,67.30416870403253,9.876213434218997,0.36255669006698904,117.19757109201889,"Junwoo Jeon","sa3012061",
2026,"Junwoo Jeon 전준우","Giants (KBO)",40,193,0.067357512,0.150259067,0.448275862,0.224719101,0.274611398,0.292134831,0.566746229,0.06741573,1.13288733124995,0.255033557,-0.6087994370609522,12.018066292368571,-12.436862597502072,0.2664696512444649,49.14373845244143,"Junwoo Jeon","sa3012061",
2023,"Kyoung-min Hur 허경민","Bears (KBO)",32,475,0.07368421,0.054736842,1.346153846,0.265734265,0.326315789,0.37062937,0.696945159,0.104895105,3.879921676095891,0.266832917,0.17813335126265883,52.233585387240446,-3.705416947831123,0.32613457587815947,93.37596883541849,"Kyoung-min Hur","sa3012064",
2024,"Kyoung-min Hur 허경민","Bears (KBO)",33,477,0.075471698,0.052410901,1.44,0.309352517,0.383647798,0.426858513,0.810506311,0.117505996,3.787620753588741,0.31202046,0.142156052403152,73.52449052277012,9.052652063397604,0.3721436811942974,114.04125007091616,"Kyoung-min Hur","sa3012064",
2025,"Kyoung-min Hur 허경민","Wiz (KBO)",34,481,0.081081081,0.072765072,1.114285714,0.283333333,0.361924686,0.354761904,0.71668659,0.071428571,2.822824859485623,0.298701298,-0.23093460220843554,59.529294274584444,1.0063144339481964,0.3388850873871169,101.71952015548162,"Kyoung-min Hur","sa3012064",
2026,"Kyoung-min Hur 허경민","Wiz (KBO)",35,205,0.07804878,0.082926829,0.94117647,0.333333333,0.406862745,0.427777777,0.834640522,0.094444444,2.796375523970821,0.354037267,-0.9544057250022888,33.586143186709705,7.610700583479233,0.3901761799466376,129.29959923967846,"Kyoung-min Hur","sa3012064",
2023,"Sang-soo Kim 김상수","Wiz (KBO)",33,512,0.107421875,0.1328125,0.808823529,0.270880361,0.353174603,0.338600451,0.691775054,0.06772009,3.061332835038839,0.312,-1.9775210365187377,59.38561127327308,-0.9107449278987989,0.33397791830320206,98.48955229589629,"Sang-soo Kim","sa3012065",
2024,"Sang-soo Kim 김상수","Wiz (KBO)",34,420,0.088095238,0.14047619,0.627118644,0.276422764,0.351089588,0.379403794,0.730493382,0.10298103,5.0446058095284165,0.319218241,-0.6619792280253023,52.69166840413101,-4.07598810097687,0.338840746562071,92.81987604929557,"Sang-soo Kim","sa3012065",
2025,"Sang-soo Kim 김상수","Wiz (KBO)",35,423,0.122931442,0.134751773,0.912280701,0.253521126,0.349282296,0.335211267,0.684493563,0.081690141,2.5693450548847636,0.283333333,-0.3348771119490266,47.61422017448651,-3.8519346541811266,0.3248089208877344,92.51559657603266,"Sang-soo Kim","sa3012065",
2026,"Sang-soo Kim 김상수","Wiz (KBO)",36,303,0.122112211,0.122112211,1,0.280632411,0.381756756,0.320158102,0.701914858,0.039525691,2.251335539127492,0.32718894,-1.7175656706094742,37.70219434461874,-0.6907769177170402,0.3421805889622585,98.2007724460891,"Sang-soo Kim","sa3012065",
2023,"Hoon Jung 정훈","Giants (KBO)",35,233,0.111587982,0.167381974,0.666666666,0.278606965,0.358078602,0.437810945,0.795889547,0.15920398,4.1664386767066075,0.316455696,0.2175398904364556,33.35973541781988,5.920182693458456,0.36938751083717014,121.57536149706402,"Hoon Jung","sa3012191",
2024,"Hoon Jung 정훈","Giants (KBO)",36,325,0.107692307,0.193846153,0.555555555,0.266666666,0.342592592,0.431578947,0.774171539,0.164912281,1.5469896982755362,0.30875576,-0.4886644487269223,43.54012723230084,-0.387226015699306,0.34872522324691585,99.11848543773365,"Hoon Jung","sa3012191",
2025,"Hoon Jung 정훈","Giants (KBO)",37,200,0.05,0.2,0.25,0.216216216,0.267676767,0.308108108,0.575784875,0.091891892,1.08035714,0.265734265,-0.15609342651441693,13.334400789813808,-10.999478561802098,0.26712442352081917,54.797677744417385,"Hoon Jung","sa3012191",
2023,"Tae-gon Oh 오태곤","Landers (KBO)",31,305,0.059016393,0.219672131,0.268656716,0.238970588,0.292929292,0.375,0.667929292,0.136029412,7.070023401414813,0.288557213,3.3865931981708854,30.16393960230848,-5.754788212842733,0.3117202070827035,83.9783072427881,"Tae-gon Oh","sa3012193",
2024,"Tae-gon Oh 오태곤","Landers (KBO)",32,288,0.107638888,0.253472222,0.424657534,0.275303643,0.354609929,0.449392712,0.804002641,0.174089069,6.186213785296141,0.351190476,3.298990383511409,41.090661433630544,2.1642684015565687,0.3588338051523481,105.5598996798221,"Tae-gon Oh","sa3012193",
2025,"Tae-gon Oh 오태곤","Landers (KBO)",33,229,0.131004366,0.257641921,0.508474576,0.201030927,0.309734513,0.30927835,0.619012863,0.108247423,6.078735676856566,0.259541984,1.3192564859054983,20.78935734406134,-7.072934513538875,0.2974318561300767,74.61467078987067,"Tae-gon Oh","sa3012193",
2026,"Tae-gon Oh 오태곤","Landers (KBO)",34,220,0.072727272,0.286363636,0.253968253,0.23,0.29090909,0.405,0.69590909,0.175,4.596273841488183,0.284615384,0.33687328174710274,22.160517346567566,-5.715567398362701,0.31331385243428894,79.49652022276129,"Tae-gon Oh","sa3012193",
2023,"Kang-nam Yoo 유강남","Giants (KBO)",30,403,0.091811414,0.158808933,0.578125,0.261363636,0.341645885,0.383522727,0.725168612,0.122159091,1.953249174200172,0.290780141,-0.5569820313248783,49.429143222889046,1.969315978607277,0.34265919238328935,104.14943773071687,"Kang-nam Yoo","sa3012221",
2024,"Kang-nam Yoo 유강남","Giants (KBO)",31,155,0.058064516,0.161290322,0.36,0.19117647,0.274509803,0.323529411,0.598039214,0.132352941,0.76785714,0.196261682,-0.0871530813165009,11.329076607956967,-9.62089186416618,0.2780408434618532,54.07681936625291,"Kang-nam Yoo","sa3012221",
2025,"Kang-nam Yoo 유강남","Giants (KBO)",32,350,0.074285714,0.188571428,0.393939393,0.273927392,0.351585014,0.382838283,0.734423297,0.108910891,1.3207417525,0.329113924,-0.3962371596135199,44.40643823448751,1.8221493691596764,0.34279935229408637,104.27892402975705,"Kang-nam Yoo","sa3012221",
2026,"Kang-nam Yoo 유강남","Giants (KBO)",33,109,0.036697247,0.256880733,0.142857142,0.233009708,0.266055045,0.368932038,0.634987083,0.13592233,0.76785714,0.287671232,-0.07372533716261387,8.659699478205203,-5.15163341814661,0.28739129622048193,62.69995476318303,"Kang-nam Yoo","sa3012221",
2023,"Jong-wook Ko 고종욱","Tigers (KBO)",34,286,0.048951048,0.202797202,0.24137931,0.296296296,0.328671328,0.392592592,0.72126392,0.096296296,2.7407163006926583,0.364928909,-0.6593093485571444,33.731923502927266,0.050755781178913974,0.3365258203519808,100.15069483813099,"Jong-wook Ko","sa3012243",
2025,"Jong-wook Ko 고종욱","Tigers (KBO)",36,123,0.040650406,0.138211382,0.294117647,0.295652173,0.31707317,0.391304347,0.708377517,0.095652174,3.1201232707937794,0.31632653,-0.1626543286256492,13.207821857407732,-1.7575139438360514,0.3182945935452571,88.25610085080763,"Jong-wook Ko","sa3012243",
2023,"Ji-hyuk Ryu 류지혁","Lions (KBO)",29,269,0.07063197,0.111524163,0.633333333,0.268085106,0.325670498,0.314893617,0.640564115,0.046808511,6.39655604386312,0.29468599,3.7477082614786923,25.784961840242083,-5.894178429514236,0.3077565372218574,81.39413387066779,"Ji-hyuk Ryu","sa3012288",
2024,"Ji-hyuk Ryu 류지혁","Lions (KBO)",30,348,0.094827586,0.201149425,0.471428571,0.258278145,0.341107871,0.324503311,0.665611182,0.066225166,5.179143884234863,0.324675324,0.01952723227441311,36.94585481494955,-10.090203432139841,0.3164436410536919,78.54794000990884,"Ji-hyuk Ryu","sa3012288",
2025,"Ji-hyuk Ryu 류지혁","Lions (KBO)",31,464,0.071120689,0.157327586,0.452054794,0.28,0.351111111,0.3225,0.673611111,0.0425,3.9382938060211545,0.336363636,-0.9557942193932831,51.20614614298174,-5.248453952767164,0.3220371503300137,90.70323065991857,"Ji-hyuk Ryu","sa3012288",
2026,"Ji-hyuk Ryu 류지혁","Lions (KBO)",32,335,0.119402985,0.137313432,0.869565217,0.294326241,0.389728096,0.421985815,0.811713911,0.127659574,6.985718614238543,0.333333333,2.3262294940650463,51.12028444378465,8.672609945822654,0.3764895072489074,120.4312958210209,"Ji-hyuk Ryu","sa3012288",
2023,"Ji-hyuk Ryu 류지혁","Tigers (KBO)",29,253,0.106719367,0.169960474,0.627906976,0.268181818,0.354581673,0.304545454,0.659127127,0.036363636,4.0849237507868175,0.331460674,-0.28024738864041865,26.977414179757655,-2.81746495871204,0.3217905161380768,90.5437946379374,"Ji-hyuk Ryu","sa3012288",
2023,"Sei-hyok Park 박세혁","Dinos (KBO)",33,283,0.106007067,0.151943462,0.697674418,0.210743801,0.306859205,0.347107438,0.653966643,0.136363637,4.455588617771525,0.231958762,-0.41938915732316673,28.17549363235693,-5.152375127275182,0.3125822673205434,84.54034020466403,"Sei-hyok Park","sa3012290",
2024,"Sei-hyok Park 박세혁","Dinos (KBO)",34,171,0.081871345,0.251461988,0.325581395,0.263513513,0.337349397,0.344594594,0.681943991,0.081081081,4.917329325436631,0.361904761,0.6820870195515454,18.673792532165717,-4.4387533306282085,0.31997005228536674,80.79504803590844,"Sei-hyok Park","sa3012290",
2025,"Sei-hyok Park 박세혁","Dinos (KBO)",35,93,0.05376344,0.301075268,0.178571428,0.162790697,0.215053763,0.26744186,0.482495623,0.104651163,4.048576233842763,0.210526315,0.1399640697054565,3.092242301677959,-8.223011596823437,0.22511336752163466,27.328085869001132,"Sei-hyok Park","sa3012290",
2024,"Jae-hyun Kim 김재현","Heroes (KBO)",31,326,0.042944785,0.193251533,0.222222222,0.243055555,0.297468354,0.28125,0.578718354,0.038194445,2.2410147475377835,0.305676855,-0.49122777464799583,22.99756453868085,-21.064949796236217,0.2750846036250078,52.193037292146926,"Jae-hyun Kim","sa3012294",
2025,"Jae-hyun Kim 김재현","Heroes (KBO)",32,128,0.0078125,0.2421875,0.032258064,0.208333333,0.233870967,0.25,0.483870967,0.041666667,4.327735043784001,0.280898876,0.10394250974059105,4.479432541447904,-11.094250243586275,0.22730762247116335,28.762834091834065,"Jae-hyun Kim","sa3012294",
2023,"Ja-wook Koo 구자욱","Lions (KBO)",30,515,0.102912621,0.157281553,0.654320987,0.335540838,0.407407407,0.494481236,0.901888643,0.158940398,4.069708986302972,0.387362637,0.25146983237937093,92.57846208283728,31.928806919549164,0.4170423847588541,152.64466357407423,"Ja-wook Koo","sa3012300",
2024,"Ja-wook Koo 구자욱","Lions (KBO)",31,568,0.096830985,0.128521126,0.753424657,0.342799188,0.41696113,0.626774847,1.043735977,0.283975659,4.356106942951277,0.346055979,0.278544312575832,125.6347850695115,48.86328770069893,0.4499916168082227,163.64769396897162,"Ja-wook Koo","sa3012300",
2025,"Ja-wook Koo 구자욱","Lions (KBO)",32,616,0.118506493,0.147727272,0.802197802,0.319470699,0.401626016,0.516068052,0.917694068,0.196597353,4.066727599448495,0.351288056,-0.33499688655138016,111.22203152486871,36.27368312189173,0.41027393113625676,148.39824211583417,"Ja-wook Koo","sa3012300",
2026,"Ja-wook Koo 구자욱","Lions (KBO)",33,300,0.12,0.136666666,0.87804878,0.342412451,0.423333333,0.540856031,0.964189364,0.19844358,5.642462709767842,0.371428571,0.008642597123980522,59.24252831448636,21.22968548049054,0.4311500939746831,155.8487182166347,"Ja-wook Koo","sa3012300",
2023,"Hae-min Park 박해민","Twins (KBO)",33,556,0.080935251,0.133093525,0.608108108,0.285714285,0.34962406,0.360248447,0.709872507,0.074534162,5.707756701234104,0.326732673,-0.31833420787006617,66.6217760031752,1.1437016909651063,0.3389738040759151,101.74669414606142,"Hae-min Park","sa3012304",
2024,"Hae-min Park 박해민","Twins (KBO)",34,553,0.08318264,0.182640144,0.455445544,0.263485477,0.335766423,0.358921161,0.694687584,0.095435684,7.7285772024609365,0.315104166,1.9799888441339135,61.3411963667617,-13.402884698297012,0.3219681798759168,82.06829957996156,"Hae-min Park","sa3012304",
2025,"Hae-min Park 박해민","Twins (KBO)",35,544,0.125,0.172794117,0.723404255,0.276018099,0.379310344,0.346153846,0.72546419,0.070135747,6.6212026430174955,0.340974212,3.0715269851498306,71.0659482661643,4.877796429769036,0.34752611364898095,107.36959152723593,"Hae-min Park","sa3012304",
2026,"Hae-min Park 박해민","Twins (KBO)",36,349,0.077363896,0.128939828,0.6,0.284745762,0.354166666,0.355932203,0.710098869,0.071186441,5.7947404117286805,0.320158102,1.279168114066124,41.24531771192249,-2.976289451625984,0.33457019375193686,93.26960361115208,"Hae-min Park","sa3012304",
2023,"Jun-tae Kim 김준태","Wiz (KBO)",28,136,0.139705882,0.235294117,0.59375,0.208695652,0.325925925,0.32173913,0.647665055,0.113043478,2.311410777643239,0.2625,0.08932747389189899,13.976163907204729,-2.0400557087315505,0.3167576825177228,87.26256409033203,"Jun-tae Kim","sa3012310",
2024,"Ju-suk Ha 하주석","Eagles (KBO)",30,151,0.066225165,0.218543046,0.303030303,0.291970802,0.348993288,0.394160583,0.743153871,0.102189781,3.528801364687909,0.378640776,-0.8620398121420294,19.339266998869007,-1.0700571255864435,0.3418807251341391,94.75701831642603,"Ju-suk Ha","sa3012320",
2025,"Ju-suk Ha 하주석","Eagles (KBO)",31,305,0.039344262,0.216393442,0.181818181,0.297101449,0.336734693,0.391304347,0.72803904,0.094202898,2.855324821512399,0.376811594,-0.3547693151049316,37.151166923833514,0.04200091261925894,0.3364284087200554,100.11318204404422,"Ju-suk Ha","sa3012320",
2026,"Ju-suk Ha 하주석","Eagles (KBO)",32,85,0.058823529,0.247058823,0.238095238,0.256410256,0.309523809,0.282051282,0.591575091,0.025641026,0.76785714,0.350877192,-0.08425752818584442,6.544702757261846,-4.225602712370302,0.28440684718745096,60.76617581288877,"Ju-suk Ha","sa3012320",
2023,"Seung-wook Park 박승욱","Giants (KBO)",30,338,0.103550295,0.257396449,0.40229885,0.286206896,0.363914373,0.368965517,0.73287989,0.082758621,6.302607663634685,0.406862745,1.0309388074092567,43.34028936423831,3.5352729658084403,0.34991731118718417,108.88147596881255,"Seung-wook Park","sa3012327",
2024,"Seung-wook Park 박승욱","Giants (KBO)",31,468,0.10042735,0.256410256,0.391666666,0.261728395,0.350537634,0.365432098,0.715969732,0.103703703,3.162169886810575,0.352313167,-1.9332809664774686,56.04839510818936,-7.206993568930851,0.33222867206577616,88.60651444935685,"Seung-wook Park","sa3012327",
2025,"Seung-wook Park 박승욱","Giants (KBO)",32,92,0.054347826,0.326086956,0.166666666,0.19047619,0.244444444,0.226190476,0.47063492,0.035714286,3.916937815327264,0.296296296,-0.3066207938827574,3.2260638350467024,-7.967520666696615,0.2273960444662306,28.82065020855712,"Seung-wook Park","sa3012327",
2026,"Seung-wook Park 박승욱","Giants (KBO)",33,119,0.058823529,0.294117647,0.2,0.256880733,0.307692307,0.330275229,0.637967536,0.073394496,3.399405095483779,0.369863013,0.09467809274792671,10.650331703797653,-4.4280959536873565,0.29963441740753305,70.6329064656206,"Seung-wook Park","sa3012327",
2023,"Min-sik Kim 김민식","Landers (KBO)",34,318,0.097484276,0.179245283,0.543859649,0.218045112,0.302325581,0.315789473,0.618115054,0.097744361,1.97916665875,0.257281553,-0.22433620761148632,27.730668981964104,-9.71902100235749,0.29648853580156964,74.04779316884496,"Min-sik Kim","sa3012328",
2024,"Min-sik Kim 김민식","Landers (KBO)",35,126,0.126984126,0.261904761,0.484848484,0.207547169,0.311475409,0.283018867,0.594494276,0.075471698,1.03812740875,0.291666666,-0.08202642947435379,10.286031379861432,-6.744265571670931,0.287961410694435,60.39842645806542,"Min-sik Kim","sa3012328",
2024,"Hang Choi 최항","Giants (KBO)",30,143,0.069930069,0.223776223,0.3125,0.25,0.307692307,0.287878787,0.595571094,0.037878787,3.667816494839597,0.33,-0.5810047630220652,11.121919108936057,-8.206116320184007,0.2834802586715538,57.54293626852276,"Hang Choi","sa3012332",
2023,"Yoo-seom Han 한유섬","Landers (KBO)",33,388,0.087628865,0.208762886,0.419753086,0.273273273,0.354922279,0.393393393,0.748315672,0.12012012,3.0231343592956144,0.333333333,-0.3539908789098263,50.44377277128302,4.750440337582459,0.35224086820305167,110.39635343838225,"Yoo-seom Han","sa3012336",
2024,"Yoo-seom Han 한유섬","Landers (KBO)",34,523,0.08795411,0.271510516,0.323943661,0.234913793,0.314176245,0.452586206,0.766762451,0.217672413,1.6370210662416693,0.282392026,-0.755310925655067,65.21374184625937,-5.475506611291632,0.337952894397324,92.25411681299784,"Yoo-seom Han","sa3012336",
2025,"Yoo-seom Han 한유섬","Landers (KBO)",35,511,0.090019569,0.234833659,0.383333333,0.272527472,0.347058823,0.424175824,0.771234647,0.151648352,1.6515953777372068,0.338509316,-0.34032339649274945,68.94365284495579,6.770591101577157,0.35290997009540687,110.88991101889593,"Yoo-seom Han","sa3012336",
2026,"Yoo-seom Han 한유섬","Landers (KBO)",36,116,0.155172413,0.258620689,0.6,0.168421052,0.310344827,0.178947368,0.489292195,0.010526316,2.824234656496272,0.242424242,0.08063517138361931,6.275228328254631,-8.42307090089042,0.2565149426460266,42.69356767354122,"Yoo-seom Han","sa3012336",
2023,"Min-woo Park 박민우","Dinos (KBO)",30,509,0.078585461,0.111984282,0.701754385,0.316371681,0.38095238,0.404867256,0.785819636,0.088495575,7.320282948965963,0.356060606,2.2075232788920403,72.7973431029109,12.854285863855276,0.3691862726401902,121.44416126890525,"Min-woo Park","sa3012337",
2024,"Min-woo Park 박민우","Dinos (KBO)",31,528,0.102272727,0.149621212,0.683544303,0.328227571,0.406488549,0.446389496,0.852878045,0.118161925,5.8174893655328646,0.379679144,2.607242627767846,88.91583778828269,17.55078389614707,0.3887026055501058,124.59296663977037,"Min-woo Park","sa3012337",
2025,"Min-woo Park 박민우","Dinos (KBO)",32,468,0.094017094,0.136752136,0.6875,0.301980198,0.383620689,0.425742574,0.809363263,0.123762376,7.752315475356769,0.348973607,1.6070696418173611,69.70799200937897,12.766714326597745,0.3705449834108872,122.42084274561043,"Min-woo Park","sa3012337",
2026,"Min-woo Park 박민우","Dinos (KBO)",33,346,0.13583815,0.124277456,1.093023255,0.336805555,0.437681159,0.461805555,0.899486714,0.125,4.896706130753897,0.376033057,0.4529930707067251,64.04370167032238,20.202222935113866,0.41607403355506695,146.08015860306676,"Min-woo Park","sa3012337",
2023,"Jin-sung Kang 강진성","Landers (KBO)",29,141,0.042553191,0.141843971,0.3,0.261538461,0.307142857,0.392307692,0.699450549,0.130769231,1.95028957125,0.287037037,-0.09870793134905398,15.480799384834215,-1.1242518346291337,0.3259098551103047,93.22945879678251,"Jin-sung Kang","sa3012344",
2023,"Jin-hyuk No 노진혁","Giants (KBO)",33,390,0.115384615,0.215384615,0.535714285,0.257485029,0.347150259,0.377245508,0.724395767,0.119760479,4.620180933845039,0.328,0.6759206303395331,47.88807706062627,1.9592119855148895,0.34283759981006773,104.26575309951774,"Jin-hyuk No","sa3012348",
2024,"Jin-hyuk No 노진혁","Giants (KBO)",34,157,0.095541401,0.248407643,0.384615384,0.218978102,0.296774193,0.306569343,0.603343536,0.087591241,1.11669434625,0.285714285,-0.09484305907972157,11.832653576584084,-9.387637069372909,0.2806839006287711,55.76103444576763,"Jin-hyuk No","sa3012348",
2026,"Jin-hyuk No 노진혁","Giants (KBO)",36,176,0.102272727,0.193181818,0.529411764,0.217105263,0.302857142,0.375,0.677857142,0.157894737,0.3330745275,0.24137931,-0.13691848330199718,17.551174631955554,-4.749693163988659,0.31208727359771726,78.70175632872693,"Jin-hyuk No","sa3012348",
2025,"Seong-uk Kim 김성욱","Landers (KBO)",32,119,0.058823529,0.243697478,0.24137931,0.209090909,0.262711864,0.318181818,0.580893682,0.109090909,2.5912050471997397,0.265822784,-0.3226303760893643,8.248827145038344,-6.2298310691731205,0.27045024350538094,56.97231762085345,"Seong-uk Kim","sa3012349",
2026,"Seong-uk Kim 김성욱","Landers (KBO)",33,139,0.129496402,0.187050359,0.692307692,0.267241379,0.376811594,0.405172413,0.781984007,0.137931034,4.560772487326912,0.310344827,0.4455278739333153,20.073376543994485,2.460759364243089,0.36652005409848865,113.97157128397781,"Seong-uk Kim","sa3012349",
2023,"Seong-uk Kim 김성욱","Dinos (KBO)",30,204,0.078431372,0.308823529,0.253968253,0.223463687,0.303482587,0.379888268,0.683370855,0.156424581,5.361040026060316,0.306306306,0.6464161451440305,21.797335995973533,-2.226993427930885,0.32207651784764,90.73025769570489,"Seong-uk Kim","sa3012349",
2024,"Seong-uk Kim 김성욱","Dinos (KBO)",31,412,0.075242718,0.191747572,0.392405063,0.203910614,0.290953545,0.379888268,0.670841813,0.175977654,5.834057135409861,0.209737827,-0.14971285965293646,39.37293918444379,-16.3134286253287,0.3041353273799775,70.70480753735596,"Seong-uk Kim","sa3012349",
2023,"Sung-bum Na 나성범","Tigers (KBO)",33,253,0.102766798,0.14229249,0.722222222,0.364864864,0.42687747,0.671171171,1.098048641,0.306306307,2.8352728650000003,0.366279069,-0.23031850648112595,59.594295631850414,29.79941649338072,0.489700544257409,200.01522864009598,"Sung-bum Na","sa3012352",
2024,"Sung-bum Na 나성범","Tigers (KBO)",34,424,0.089622641,0.231132075,0.387755102,0.29144385,0.356973995,0.510695187,0.867669182,0.219251337,1.7559523774999999,0.335877862,-0.2845291772391647,68.23479462542313,10.926493772647571,0.38002933131010047,119.0661625105892,"Sung-bum Na","sa3012352",
2025,"Sung-bum Na 나성범","Tigers (KBO)",35,310,0.13548387,0.254838709,0.531645569,0.268199233,0.380645161,0.444444444,0.825089605,0.176245211,0.7433473337500001,0.346820809,-0.3642179952003062,48.64422596384582,10.926712968841159,0.38056083597411616,128.96986598848207,"Sung-bum Na","sa3012352",
2026,"Sung-bum Na 나성범","Tigers (KBO)",36,345,0.107246376,0.266666666,0.402173913,0.296666666,0.379710144,0.54,0.919710144,0.243333334,1.31183862125,0.367875647,-0.330008652061224,62.1902664943364,18.47549723524121,0.4101840629093889,142.26374186201895,"Sung-bum Na","sa3012352",
2023,"Seung-ho Kang 강승호","Bears (KBO)",29,459,0.058823529,0.239651416,0.245454545,0.264916467,0.316483516,0.386634844,0.70311836,0.121718377,6.481669999909816,0.340983606,-0.05189273343421519,51.36218197467013,-2.692559229114814,0.3286544355717334,95.01882874813158,"Seung-ho Kang","sa3012361",
2024,"Seung-ho Kang 강승호","Bears (KBO)",30,566,0.056537102,0.279151943,0.202531645,0.280230326,0.328014184,0.476007677,0.804021861,0.195777351,6.99705753941868,0.366762177,0.49491565441712737,77.33416152220558,0.8329863272268663,0.35181734466126985,101.08885428897507,"Seung-ho Kang","sa3012361",
2025,"Seung-ho Kang 강승호","Bears (KBO)",31,400,0.06,0.2825,0.21238938,0.236111111,0.301507537,0.372222222,0.673729759,0.136111111,6.884933156435153,0.318181818,1.1560633890330791,39.98999794092874,-8.67776076230307,0.30898577787659387,82.16938483808413,"Seung-ho Kang","sa3012361",
2026,"Seung-ho Kang 강승호","Bears (KBO)",32,185,0.048648648,0.248648648,0.195652173,0.257668711,0.315217391,0.435582822,0.750800213,0.177914111,5.2629866424563945,0.304347826,0.6490386072546244,22.273094692492187,-1.1681583884719036,0.3372664623286413,95.01665553271755,"Seung-ho Kang","sa3012361",
2023,"Seung-hyun Jang 장승현","Bears (KBO)",29,158,0.037974683,0.227848101,0.166666666,0.158273381,0.235294117,0.230215827,0.465509944,0.071942446,3.2517287559863903,0.19,0.10428322106599808,5.93679707647355,-12.670281594981834,0.23185058356889712,31.906121220312944,"Seung-hyun Jang","sa3012365",
2023,"In-tae Kim 김인태","Bears (KBO)",28,115,0.130434782,0.226086956,0.576923076,0.25510204,0.359649122,0.336734693,0.696383815,0.081632653,2.523118292771366,0.338028169,-0.12367237242870033,13.821195375652048,0.27806849452945887,0.3394439419110616,102.0532074828085,"In-tae Kim","sa3012367",
2025,"In-tae Kim 김인태","Bears (KBO)",30,225,0.16,0.253333333,0.631578947,0.213114754,0.355555555,0.327868852,0.683424407,0.114754098,2.297552346188914,0.29032258,-0.6947333877906203,26.53139395662355,-0.8442203139443448,0.3315389913982815,96.91615937600353,"In-tae Kim","sa3012367",
2023,"Woo-sung Lee 이우성","Tigers (KBO)",28,400,0.0775,0.2025,0.382716049,0.30140845,0.362944162,0.416901408,0.77984557,0.115492958,3.5318364145086854,0.368029739,0.8400268401019275,55.13861182266084,8.03208354049532,0.36244776707429155,117.05089259047827,"Woo-sung Lee","sa3012368",
2024,"Woo-sung Lee 이우성","Tigers (KBO)",29,449,0.097995545,0.198218262,0.494382022,0.288220551,0.360801781,0.401002506,0.761804287,0.112781955,4.201000419045364,0.34868421,0.5729159694164991,60.905836877631735,0.21850885193307376,0.35067363478293134,100.36005680105168,"Woo-sung Lee","sa3012368",
2025,"Woo-sung Lee 이우성","Tigers (KBO)",30,176,0.102272727,0.210227272,0.486486486,0.219354838,0.306818181,0.33548387,0.642302051,0.116129032,1.89285714,0.273504273,-0.16409821761772037,16.682619701152582,-4.731194128269414,0.30246531624685635,77.90587811233848,"Woo-sung Lee","sa3012368",
2025,"Woo-sung Lee 이우성","Dinos (KBO)",30,161,0.080745341,0.180124223,0.448275862,0.28275862,0.3375,0.386206896,0.723706896,0.103448276,3.102824353080257,0.341880341,-0.19467349303886294,19.273559871975422,-0.3152130060753817,0.3337943308055401,98.39084863540086,"Woo-sung Lee","sa3012368",
2026,"Woo-sung Lee 이우성","Dinos (KBO)",31,320,0.05625,0.146875,0.382978723,0.32885906,0.366771159,0.44295302,0.809724179,0.11409396,2.938886355360301,0.372469635,0.015664057806134224,47.241219246932324,6.694186890670114,0.3704371863398059,116.5096839439502,"Woo-sung Lee","sa3012368",
2023,"Soo-kwang Ro 노수광","Eagles (KBO)",32,94,0.138297872,0.287234042,0.481481481,0.22077922,0.326086956,0.285714285,0.611801241,0.064935065,2.876825202958768,0.326923076,-0.09376087808050215,8.501380865329272,-2.5686532809796265,0.300704323079275,76.7963382313857,"Soo-kwang Ro","sa3012395",
2023,"Seung-taek Han 한승택","Tigers (KBO)",29,104,0.10576923,0.307692307,0.34375,0.129411764,0.244897959,0.152941176,0.397839135,0.023529412,1.22240259,0.207547169,-0.06580528756603599,2.4160764799001737,-9.831620873462864,0.21316960697271387,19.72678137116733,"Seung-taek Han","sa3012396",
2026,"Seung-taek Han 한승택","Wiz (KBO)",32,206,0.092233009,0.22330097,0.413043478,0.229411764,0.30927835,0.288235294,0.597513644,0.05882353,1.71083959,0.301587301,-0.18255797773599625,16.370985783152957,-9.731166296190839,0.2874205533376674,62.7189119632335,"Seung-taek Han","sa3012396",
2023,"Hyeong-jun Yoon 윤형준","Dinos (KBO)",29,236,0.042372881,0.245762711,0.172413793,0.252293577,0.29059829,0.3853211,0.67591939,0.133027523,2.6548570914207095,0.316455696,-0.36853961693122983,23.545200029349363,-4.247651657128295,0.3128528454874316,84.71674765495565,"Hyeong-jun Yoon","sa3012405",
2023,"Jun-wan Kim 김준완","Heroes (KBO)",32,225,0.115555555,0.253333333,0.45614035,0.222222222,0.315068493,0.259259259,0.574327752,0.037037037,1.8156512525000001,0.311111111,-0.1854512649588287,17.694248635019157,-8.803173523698952,0.28533678757001274,66.77724545818675,"Jun-wan Kim","sa3012408",
2023,"Hui-dong Kwon 권희동","Dinos (KBO)",32,373,0.131367292,0.134048257,0.98,0.284789644,0.387533875,0.404530744,0.792064619,0.1197411,2.513135739807844,0.315175097,0.2410620767623186,55.43158389405979,11.504746270940437,0.37646663269699426,126.19070002181381,"Hui-dong Kwon","sa3012415",
2024,"Hui-dong Kwon 권희동","Dinos (KBO)",33,511,0.150684931,0.123287671,1.222222222,0.300480769,0.416502946,0.451923076,0.868426022,0.151442307,3.4721508295542423,0.323699421,0.35141797573305666,90.27806130413259,21.21074588958468,0.39830252680722184,130.71025095195313,"Hui-dong Kwon","sa3012415",
2025,"Hui-dong Kwon 권희동","Dinos (KBO)",34,456,0.168859649,0.175438596,0.9625,0.245810055,0.392857142,0.363128491,0.755985633,0.117318436,2.6884076514712145,0.299270072,-1.7372261425480247,65.50340414723642,10.022159225552155,0.3638818516795124,118.06404892265692,"Hui-dong Kwon","sa3012415",
2026,"Hui-dong Kwon 권희동","Dinos (KBO)",35,154,0.142857142,0.168831168,0.846153846,0.248062015,0.361842105,0.356589147,0.718431252,0.108527132,3.02421584073124,0.29,-0.41582089476287365,19.309936335552795,-0.20332298589839418,0.34334927797317505,98.95802652673777,"Hui-dong Kwon","sa3012415",
2023,"Min-hyuck Kim 김민혁","Wiz (KBO)",27,448,0.080357142,0.107142857,0.75,0.297229219,0.35600907,0.385390428,0.741399498,0.088161209,5.810899398086756,0.327635327,0.13223086413927376,57.35745649130864,4.598144815283252,0.349662462735122,108.7153237394731,"Min-hyuck Kim","sa3012419",
2024,"Min-hyuck Kim 김민혁","Wiz (KBO)",28,393,0.089058524,0.114503816,0.777777777,0.353276353,0.41025641,0.418803418,0.829059828,0.065527065,3.999016220824571,0.399350649,-0.5183723953086883,64.27181664176936,11.153509483418423,0.3830601795167114,120.99748670485431,"Min-hyuck Kim","sa3012419",
2025,"Min-hyuck Kim 김민혁","Wiz (KBO)",29,417,0.059952038,0.098321342,0.609756097,0.286842105,0.341404358,0.328947368,0.670351726,0.042105263,5.488310772130869,0.320588235,0.4039723491296172,44.19541597044684,-6.540722477672324,0.3165392713639343,87.10835574457323,"Min-hyuck Kim","sa3012419",
2026,"Min-hyuck Kim 김민혁","Wiz (KBO)",30,258,0.069767441,0.143410852,0.486486486,0.316017316,0.374015748,0.35064935,0.724665098,0.034632034,2.2915946078575455,0.37113402,-0.5632715690881014,32.642388560129525,-0.048656277106876936,0.3447276780924459,99.85116328539168,"Min-hyuck Kim","sa3012419",
2025,"Woo-jun Shim 심우준","Eagles (KBO)",30,275,0.061818181,0.178181818,0.346938775,0.23076923,0.287313432,0.299595141,0.586908573,0.068825911,6.8897122404948705,0.279187817,1.509269040543586,20.540005349853708,-12.919078758618163,0.2772040900899403,61.38842678199,"Woo-jun Shim","sa3012420",
2026,"Woo-jun Shim 심우준","Eagles (KBO)",31,271,0.099630996,0.169741697,0.586956521,0.26068376,0.343396226,0.329059829,0.672456055,0.068376069,5.907232474700619,0.311827956,2.2648143153637648,29.165148178356795,-5.173119848352762,0.3217069245734305,84.93482593726357,"Woo-jun Shim","sa3012420",
2024,"Woo-jun Shim 심우준","Wiz (KBO)",29,192,0.088541666,0.151041666,0.586206896,0.266272189,0.336898395,0.343195266,0.680093661,0.076923077,4.636520025707989,0.306569343,0.7779820431023836,20.866675323751522,-5.084253364297794,0.3193629715531905,80.40820262960705,"Woo-jun Shim","sa3012420",
2023,"Sang-chul Moon 문상철","Wiz (KBO)",32,330,0.048484848,0.245454545,0.197530864,0.259868421,0.29787234,0.414473684,0.712346024,0.154605263,2.742171162557108,0.318181818,-0.022380300797522068,36.18140724626573,-2.681478586520832,0.3257115268852653,93.10015576800369,"Sang-chul Moon","sa3012421",
2024,"Sang-chul Moon 문상철","Wiz (KBO)",33,403,0.111662531,0.213399503,0.523255813,0.256484149,0.350746268,0.435158501,0.785904769,0.178674352,3.480325208311557,0.291497975,0.4369991144631058,55.905349898524484,1.4354318710043104,0.3542441588640213,102.63527452029406,"Sang-chul Moon","sa3012421",
2025,"Sang-chul Moon 문상철","Wiz (KBO)",34,209,0.119617224,0.210526315,0.568181818,0.213872832,0.325242718,0.346820809,0.672063527,0.132947977,3.5071135168534235,0.251968503,-0.4507070337422192,22.35885791624611,-3.070046006192511,0.31779119111959214,87.92694323138528,"Sang-chul Moon","sa3012421",
2023,"Joong-yeol Ahn 안중열","Dinos (KBO)",27,177,0.09039548,0.254237288,0.355555555,0.194805194,0.275862068,0.311688311,0.587550379,0.116883117,1.1547618962500001,0.242990654,-0.11366367852315307,13.392053621978144,-7.452585142880102,0.28145582305973976,64.24699306641698,"Joong-yeol Ahn","sa3012428",
2026,"Joong-yeol Ahn 안중열","Dinos (KBO)",30,95,0.084210526,0.210526315,0.4,0.243902439,0.322580645,0.341463414,0.664044059,0.097560975,4.412232621756274,0.306451612,0.11574247479438782,9.546722052529292,-2.49067817823605,0.31302419529166275,79.30883637257202,"Joong-yeol Ahn","sa3012428",
2023,"Jun-won Jang 장준원","Wiz (KBO)",27,104,0.115384615,0.240384615,0.48,0.172413793,0.277227722,0.252873563,0.530101285,0.08045977,7.005525154418995,0.225806451,0.5282124225050211,6.419338120317492,-5.828359233045545,0.26330395323215144,52.41261222506316,"Jun-won Jang","sa3012436",
2025,"Jun-won Jang 장준원","Wiz (KBO)",29,154,0.051948051,0.175324675,0.296296296,0.207142857,0.248322147,0.25,0.498322147,0.042857143,1.08035714,0.24778761,-0.13207905320450664,6.457703803600975,-12.279383297143273,0.23602804881614325,34.46482246082141,"Jun-won Jang","sa3012436",
2023,"Suk-hwan Yang 양석환","Bears (KBO)",31,582,0.070446735,0.228522336,0.308270676,0.278625954,0.33161512,0.452290076,0.783905196,0.173664122,3.142910629043883,0.328083989,0.3782479416113347,78.19938940262253,9.659390752071694,0.35791098639137386,114.09307111504306,"Suk-hwan Yang","sa3012438",
2024,"Suk-hwan Yang 양석환","Bears (KBO)",32,593,0.082630691,0.215851602,0.3828125,0.245778611,0.315878378,0.487804878,0.803683256,0.242026267,3.5642757598012977,0.259358288,-0.7583942296914756,80.85290632157444,0.7023817798387754,0.35148382539878237,100.87632836323242,"Suk-hwan Yang","sa3012438",
2025,"Suk-hwan Yang 양석환","Bears (KBO)",33,294,0.081632653,0.278911564,0.292682926,0.248091603,0.319727891,0.400763358,0.720491249,0.152671755,2.457643428708637,0.325714285,-0.07616529008373618,34.235642952680536,-1.5351596941948433,0.3296918002411774,95.70834429031483,"Suk-hwan Yang","sa3012438",
2026,"Suk-hwan Yang 양석환","Bears (KBO)",34,113,0.07079646,0.292035398,0.242424242,0.2,0.24778761,0.27,0.51778761,0.07,0.67526454625,0.267605633,-0.07723606750369072,4.226149459288693,-10.0920213415164,0.23617765573518618,29.51598718916708,"Suk-hwan Yang","sa3012438",
2023,"Jung-dae Bae 배정대","Wiz (KBO)",27,361,0.105263157,0.210526315,0.5,0.276527331,0.355742296,0.347266881,0.703009177,0.07073955,4.781597268953872,0.352941176,1.0200094552710652,42.508223583086455,-0.005418191567937802,0.3362751328543331,99.98725540475536,"Jung-dae Bae","sa3012441",
2024,"Jung-dae Bae 배정대","Wiz (KBO)",28,473,0.105708245,0.241014799,0.438596491,0.274752475,0.354838709,0.393564356,0.748403065,0.118811881,3.4830075659545403,0.358620689,-1.8850977520924062,61.15887195314307,-2.7723221585617566,0.3433034095013964,95.66358458170237,"Jung-dae Bae","sa3012441",
2025,"Jung-dae Bae 배정대","Wiz (KBO)",29,276,0.068840579,0.235507246,0.292307692,0.204166666,0.278810408,0.291666666,0.570477074,0.0875,5.54439056255522,0.267045454,-0.3318695593625307,19.21815137967432,-14.362602125555629,0.27084381562626497,57.22966096243564,"Jung-dae Bae","sa3012441",
2026,"Jung-dae Bae 배정대","Wiz (KBO)",30,97,0.041237113,0.268041237,0.153846153,0.233333333,0.28125,0.333333333,0.614583333,0.1,6.7575610833419635,0.328125,-0.11752044223248959,7.528368472531953,-4.76245071046003,0.28515658030907315,61.2519666951874,"Jung-dae Bae","sa3012441",
2023,"Ji-yeol Im 임지열","Heroes (KBO)",27,245,0.114285714,0.261224489,0.4375,0.25592417,0.349794238,0.364928909,0.714723147,0.109004739,2.0681889312077084,0.342657342,-0.015362756326794624,30.095731805514056,1.2429832326876713,0.3429024354420572,104.30802365171654,"Ji-yeol Im","sa3012449",
2025,"Ji-yeol Im 임지열","Heroes (KBO)",29,417,0.100719424,0.26618705,0.378378378,0.243902439,0.322115384,0.382113821,0.704229205,0.138211382,5.370833837811607,0.316,-0.41170797357335687,47.4133883672319,-3.3227500808872565,0.32623937324835706,93.45092042374296,"Ji-yeol Im","sa3012449",
2026,"Ji-yeol Im 임지열","Heroes (KBO)",30,80,0.1125,0.2625,0.428571428,0.205882352,0.307692307,0.279411764,0.587104071,0.073529412,3.0309356066812203,0.282608695,-0.7753584776073694,6.329832876734417,-3.8069252123311346,0.2869968177416386,62.44435174557793,"Ji-yeol Im","sa3012449",
2023,"Byeong-wuk Lim 임병욱","Heroes (KBO)",27,220,0.045454545,0.336363636,0.135135135,0.258536585,0.292237442,0.404878048,0.69711549,0.146341463,6.192984505629131,0.3671875,0.6594159884843975,23.25015578343941,-2.6584347717516295,0.32055637254018216,89.7391764091197,"Byeong-wuk Lim","sa3012450",
2024,"Byeong-wuk Lim 임병욱","Heroes (KBO)",28,92,0.04347826,0.347826086,0.125,0.24137931,0.27173913,0.379310344,0.651049474,0.137931034,4.840242229774839,0.339622641,0.15129681047983468,7.639805767533334,-4.79501422882363,0.2895941002213437,61.43881270313179,"Byeong-wuk Lim","sa3012450",
2025,"Byeong-wuk Lim 임병욱","Heroes (KBO)",29,140,0.035714285,0.235714285,0.151515151,0.233082706,0.258992805,0.353383458,0.612376263,0.120300752,5.628405145012476,0.292929292,0.0919353230856359,10.442946278652917,-6.590769267478216,0.27708033349016586,61.30750657641939,"Byeong-wuk Lim","sa3012450",
2026,"Byeong-wuk Lim 임병욱","Heroes (KBO)",30,189,0.052910052,0.333333333,0.158730158,0.25,0.303191489,0.441860465,0.745051954,0.191860465,4.1276716402055555,0.346153846,0.4665922559797764,22.313612488398018,-1.634478497019346,0.33442405246673745,93.17491111080784,"Byeong-wuk Lim","sa3012450",
2023,"Ho-jae Kim 김호재","Lions (KBO)",28,127,0.047244094,0.133858267,0.352941176,0.215517241,0.25409836,0.275862068,0.529960428,0.060344827,3.399767272841678,0.252525252,0.32821241952478886,6.784637057392727,-8.171685672194828,0.25249108525573233,45.36300252448366,"Ho-jae Kim","sa3012454",
2023,"Gye-beom Park 박계범","Bears (KBO)",27,194,0.077319587,0.226804123,0.34090909,0.218934911,0.285714285,0.289940828,0.575655113,0.071005917,2.8227682211402767,0.277777777,-0.5725660149473697,13.692362543983911,-9.15430367286637,0.2748366974769755,59.931555939156134,"Gye-beom Park","sa3012458",
2025,"Gye-beom Park 박계범","Bears (KBO)",29,198,0.07070707,0.227272727,0.311111111,0.262857142,0.319371727,0.354285714,0.673657441,0.091428572,5.648139269798941,0.346153846,-0.026692654471844435,20.494437323818655,-3.596103234281093,0.3134257805909162,85.0725506735381,"Gye-beom Park","sa3012458",
2023,"Yoon-suk Oh 오윤석","Wiz (KBO)",31,223,0.058295964,0.197309417,0.295454545,0.251256281,0.313364055,0.386934673,0.700298728,0.135678392,4.675075551013302,0.304635761,0.034451538464054465,24.721369213527645,-1.540520303779639,0.3272972755410053,94.13400813081483,"Yoon-suk Oh","sa3012464",
2024,"Yoon-suk Oh 오윤석","Wiz (KBO)",32,201,0.089552238,0.203980099,0.43902439,0.293103448,0.368686868,0.488505747,0.857192615,0.195402299,4.313775506632653,0.348837209,-0.6143279999960214,32.668241387946026,5.500862917644397,0.38188407186305884,120.24804463065048,"Yoon-suk Oh","sa3012464",
2025,"Yoon-suk Oh 오윤석","Wiz (KBO)",33,184,0.065217391,0.222826086,0.292682926,0.256410256,0.335227272,0.32051282,0.655740092,0.064102564,3.8928571400000003,0.344827586,-0.2001197775825858,19.037393436844035,-3.349775566642598,0.31337152353741904,85.0370738429638,"Yoon-suk Oh","sa3012464",
2026,"Yoon-suk Oh 오윤석","Wiz (KBO)",34,147,0.074829931,0.224489795,0.333333333,0.291044776,0.342465753,0.343283582,0.685749335,0.052238806,2.6696377511878735,0.382352941,-0.5982672460377216,15.609049980441059,-3.0172430082168935,0.31995731304431785,83.80116209889873,"Yoon-suk Oh","sa3012464",
2023,"Chang-jin Lee 이창진","Tigers (KBO)",32,284,0.119718309,0.154929577,0.772727272,0.270491803,0.361702127,0.389344262,0.751046389,0.118852459,6.091263105079992,0.313131313,0.7137703273911029,37.545105709562385,4.099470629224856,0.35509495400024904,112.25711701804373,"Chang-jin Lee","sa3012466",
2024,"Chang-jin Lee 이창진","Tigers (KBO)",33,247,0.182186234,0.145748987,1.25,0.261780104,0.400826446,0.329842931,0.730669377,0.068062827,3.381954941873533,0.310126582,-0.8558611958287656,34.53639418979536,1.151605721315247,0.3555219198061415,103.44949234110776,"Chang-jin Lee","sa3012466",
2025,"Chang-jin Lee 이창진","Tigers (KBO)",34,113,0.14159292,0.194690265,0.727272727,0.161290322,0.294642857,0.225806451,0.520449308,0.064516129,2.430353070449674,0.197183098,-0.9772200337611139,7.247064471082549,-6.501577362580438,0.26393332864556995,52.711130006590246,"Chang-jin Lee","sa3012466",
2023,"Han-wool Kang 강한울","Lions (KBO)",31,240,0.083333333,0.225,0.37037037,0.216981132,0.282051282,0.268867924,0.550919206,0.051886792,4.662003628260745,0.2875,-1.2244508098810911,15.152414891468911,-13.111502077830405,0.2651412366797484,53.61045642728036,"Han-wool Kang","sa3012471",
2026,"Chan-ho Park 박찬호","Bears (KBO)",31,387,0.098191214,0.144702842,0.678571428,0.281899109,0.355263157,0.391691394,0.746954551,0.109792285,6.570868255039443,0.322580645,1.5632475968450308,49.49846152673295,0.46189427087834345,0.34641109843367324,100.9419384282516,"Chan-ho Park","sa3012474",
2023,"Chan-ho Park 박찬호","Tigers (KBO)",28,507,0.078895463,0.110453648,0.714285714,0.300884955,0.356,0.378318584,0.734318584,0.077433629,6.649834375062261,0.333333333,2.1904970405157655,63.76484992005552,4.057325322410709,0.34671753334999084,106.7953333348721,"Chan-ho Park","sa3012474",
2024,"Chan-ho Park 박찬호","Tigers (KBO)",29,577,0.083188908,0.076256499,1.09090909,0.306796116,0.363157894,0.386407766,0.74956566,0.07961165,4.570075276465785,0.324152542,-2.671277742832899,75.69593267948937,-2.2920144715754893,0.3454964920380832,97.06106577323314,"Chan-ho Park","sa3012474",
2025,"Chan-ho Park 박찬호","Tigers (KBO)",30,595,0.10420168,0.115966386,0.898550724,0.286821705,0.36286201,0.358527131,0.721389141,0.071705426,5.519881530387423,0.319196428,2.0640980284661055,74.24954938906173,1.856258318004414,0.34017680532075273,102.56413030895695,"Chan-ho Park","sa3012474",
2023,"Yong-ho Cho 조용호","Wiz (KBO)",33,184,0.125,0.135869565,0.92,0.248447204,0.342391304,0.260869565,0.603260869,0.012422361,4.275845322436417,0.294117647,0.6175398963969201,16.881590155031326,-4.78741285476482,0.3024073175114134,77.9066307176176,"Yong-ho Cho","sa3012491",
2024,"Yong-ho Cho 조용호","Wiz (KBO)",34,165,0.078787878,0.151515151,0.52,0.248322147,0.308641975,0.281879194,0.590521169,0.033557047,4.479180191746565,0.298387096,0.40617862227372825,12.675840283671846,-9.625739057620535,0.2823744773128886,56.838307680756735,"Yong-ho Cho","sa3012491",
2023,"Tae-jin Kim 김태진","Heroes (KBO)",27,210,0.023809523,0.109523809,0.217391304,0.277777777,0.29468599,0.303030303,0.597716293,0.025252526,1.28869047125,0.308988764,-0.16750436834990978,15.989521024457247,-8.741406323679657,0.2820800214573957,64.65394847258653,"Tae-jin Kim","sa3012499",
2024,"Tae-jin Kim 김태진","Heroes (KBO)",28,202,0.034653465,0.133663366,0.259259259,0.222222222,0.248730964,0.285714285,0.534445249,0.063492063,4.64285714,0.257668711,-0.09996971092186868,8.540604213148695,-18.761935344069858,0.24226767098417087,31.281354597985132,"Tae-jin Kim","sa3012499",
2025,"Tae-jin Kim 김태진","Heroes (KBO)",29,304,0.065789473,0.174342105,0.37735849,0.23297491,0.281456953,0.340501792,0.621958745,0.107526882,3.2324334909082193,0.267857142,-0.4947333848103881,24.66153439143632,-12.325962223019856,0.2852896950965704,66.67532720178099,"Tae-jin Kim","sa3012499",
2025,"Tae-hoon Kim 김태훈","Lions (KBO)",29,98,0.030612244,0.244897959,0.125,0.236559139,0.260416666,0.311827956,0.572244622,0.075268817,2.2373253770158454,0.298507462,0.11194730084389448,6.325295393957582,-5.598305488334212,0.2644493418435256,53.04853337846561,"Tae-hoon Kim","sa3012501",
2023,"Jae-seong Kim 김재성","Lions (KBO)",27,125,0.152,0.248,0.612903225,0.191919191,0.349593495,0.252525252,0.602118747,0.060606061,1.0010084594375317,0.268656716,-0.5326458266936243,12.005835182435364,-2.714954905741364,0.30800634964567714,81.55700278667834,"Jae-seong Kim","sa3012516",
2023,"Min-jae Shin 신민재","Twins (KBO)",27,331,0.087613293,0.102719033,0.852941176,0.276595744,0.343949044,0.308510638,0.652459682,0.031914894,7.1511994932090115,0.312,-0.42480250750668347,33.983741867929055,-4.996910285562917,0.3166326542568814,87.1810500607151,"Min-jae Shin","sa3012520",
2024,"Min-jae Shin 신민재","Twins (KBO)",28,474,0.135021097,0.099156118,1.361702127,0.297157622,0.400871459,0.356589147,0.757460606,0.059431525,7.479575943614331,0.335276967,0.7112990044988692,68.50008638560928,4.43373118698752,0.3609690568592871,106.92052977454678,"Min-jae Shin","sa3012520",
2025,"Min-jae Shin 신민재","Twins (KBO)",29,538,0.115241635,0.105947955,1.087719298,0.313174946,0.394736842,0.382289416,0.777026258,0.06911447,6.195463336740264,0.352078239,-1.6236254558898509,78.16442011201134,12.706284656164557,0.3659423139310421,119.41131467873123,"Min-jae Shin","sa3012520",
2026,"Min-jae Shin 신민재","Twins (KBO)",30,291,0.106529209,0.130584192,0.815789473,0.250996015,0.335664335,0.262948207,0.598612542,0.011952192,4.320471383398884,0.293023255,0.7718689646571875,25.05259807148856,-11.819859477487384,0.2954844588583166,67.9439335938278,"Min-jae Shin","sa3012520",
2023,"Dae-in Hwang 황대인","Tigers (KBO)",27,199,0.090452261,0.251256281,0.36,0.212643678,0.296482412,0.327586206,0.624068618,0.114942528,1.26785714,0.262295081,-0.14058402343653142,17.00565954956702,-6.429838270810328,0.29421216521771426,72.56367959369938,"Dae-in Hwang","sa3012545",
2023,"Ho-ryung Kim 김호령","Tigers (KBO)",31,107,0.074766355,0.355140186,0.210526315,0.178947368,0.25,0.252631578,0.502631578,0.07368421,4.755433521581324,0.298245614,0.1431681637186557,5.123083952587522,-7.4779123628917565,0.24527164548635483,40.656181656796754,"Ho-ryung Kim","sa3012550",
2025,"Ho-ryung Kim 김호령","Tigers (KBO)",33,381,0.089238845,0.24671916,0.361702127,0.28313253,0.359249329,0.433734939,0.792984268,0.150602409,6.244842422387051,0.377682403,1.57318759476766,54.979166050339536,8.623125885511232,0.36470449418229006,118.60194670392458,"Ho-ryung Kim","sa3012550",
2026,"Ho-ryung Kim 김호령","Tigers (KBO)",34,378,0.058201058,0.259259259,0.224489795,0.28362573,0.327956989,0.450292397,0.778249386,0.166666667,5.349947131115776,0.361344537,-0.10869979672133923,49.160606849943065,1.2644248791083381,0.34903164838523554,102.63992833474343,"Ho-ryung Kim","sa3012550",
2023,"Do-yun Lee 이도윤","Eagles (KBO)",26,346,0.052023121,0.158959537,0.327272727,0.252427184,0.302114803,0.317152103,0.619266906,0.064724919,5.559895297564205,0.304347826,0.49478818220086396,29.638118420699342,-11.109028543373839,0.29447750449180604,72.7366714701064,"Do-yun Lee","sa3012554",
2024,"Do-yun Lee 이도윤","Eagles (KBO)",27,374,0.069518716,0.14973262,0.464285714,0.276785714,0.331521739,0.333333333,0.664855072,0.056547619,5.259154426595517,0.326241134,-0.9907260863110423,37.96444986244943,-12.585796644479975,0.31103652213578636,75.10240302635376,"Do-yun Lee","sa3012554",
2025,"Do-yun Lee 이도윤","Eagles (KBO)",28,277,0.039711191,0.187725631,0.211538461,0.26,0.295880149,0.34,0.635880149,0.08,5.40031316980668,0.32,-0.052150916773825884,23.895867253677995,-9.806555648310036,0.29175461996766855,70.90252034155216,"Do-yun Lee","sa3012554",
2026,"Do-yun Lee 이도윤","Eagles (KBO)",29,255,0.043137254,0.149019607,0.289473684,0.266949152,0.301587301,0.347457627,0.649044928,0.080508475,4.396948197811608,0.31,-0.2614603862166405,22.374314281431168,-9.936602127465282,0.2974953893646301,69.24691951872542,"Do-yun Lee","sa3012554",
2026,"Woong-bin Kim 김웅빈","Heroes (KBO)",30,158,0.088607594,0.234177215,0.378378378,0.234042553,0.316455696,0.34751773,0.663973426,0.113475177,2.0462662275000003,0.297029702,-0.1439399439841509,15.839501274724574,-4.180595951179891,0.31272967857650563,79.11800375389527,"Woong-bin Kim","sa3012561",
2023,"Chang-ki Hong 홍창기","Twins (KBO)",29,638,0.13322884,0.128526645,1.036585365,0.333333333,0.442519685,0.411877394,0.854397079,0.078544061,4.846206968757162,0.388764044,-5.338474204996601,110.5901726437575,35.45526003370348,0.4086740371547168,147.18879519793188,"Chang-ki Hong","sa3012570",
2024,"Chang-ki Hong 홍창기","Twins (KBO)",30,637,0.150706436,0.14599686,1.032258064,0.335877862,0.44654088,0.410305343,0.856846223,0.074427481,3.8673470440196653,0.397674418,-3.9168370680417866,115.37334691226876,29.275734546188488,0.4034698072579611,134.00295750561625,"Chang-ki Hong","sa3012570",
2025,"Chang-ki Hong 홍창기","Twins (KBO)",31,215,0.13488372,0.186046511,0.725,0.287356321,0.399061032,0.327586206,0.726647238,0.040229885,4.277011128839896,0.357664233,0.2798083648085594,28.983146204676363,2.8242259016892652,0.3527669822666007,110.79641617076514,"Chang-ki Hong","sa3012570",
2026,"Chang-ki Hong 홍창기","Twins (KBO)",32,342,0.15497076,0.225146198,0.688311688,0.259124087,0.397058823,0.313868613,0.710927436,0.054744526,4.421925645580863,0.356783919,-0.7299422360956669,45.27440577716279,1.9397649464075577,0.35186568235649784,104.4762455837199,"Chang-ki Hong","sa3012570",
2024,"Ki-yeon Kim 김기연","Bears (KBO)",26,283,0.077738515,0.166077738,0.468085106,0.277777777,0.336917562,0.376984126,0.713901688,0.099206349,1.8184039189467,0.320197044,-1.1594462001230568,32.92991190310179,-5.320675694387569,0.328279400598191,86.08995043324042,"Ki-yeon Kim","sa3012571",
2025,"Ki-yeon Kim 김기연","Bears (KBO)",27,245,0.07755102,0.179591836,0.431818181,0.246575342,0.307053941,0.315068493,0.622122434,0.068493151,2.208420081794927,0.297142857,-0.052150916773825884,21.464397925668496,-8.344604280060988,0.2934428997554225,72.00642872086104,"Ki-yeon Kim","sa3012571",
2023,"Soo-haeng Jo 조수행","Bears (KBO)",29,249,0.092369477,0.152610441,0.605263157,0.219178082,0.297959183,0.251141552,0.549100735,0.03196347,7.620931499369093,0.259668508,2.4797178774606436,17.084226686240058,-12.239587169407985,0.27227372660928845,58.26058905686812,"Soo-haeng Jo","sa3012578",
2024,"Soo-haeng Jo 조수행","Bears (KBO)",30,382,0.086387434,0.138743455,0.622641509,0.265243902,0.33423913,0.292682926,0.626922056,0.027439024,8.310284692986633,0.311827956,8.677443900378421,34.992563029944385,-16.6389721723204,0.29953539046669525,67.77362496168709,"Soo-haeng Jo","sa3012578",
2025,"Soo-haeng Jo 조수행","Bears (KBO)",31,140,0.1,0.207142857,0.48275862,0.243697478,0.32330827,0.277310924,0.600619194,0.033613446,6.973252804252051,0.322222222,2.829879693221301,12.069525259933194,-4.96419028619794,0.2916845128052217,70.85667966713547,"Soo-haeng Jo","sa3012578",
2026,"Soo-haeng Jo 조수행","Bears (KBO)",32,91,0.12087912,0.098901098,1.222222222,0.315068493,0.404761904,0.369863013,0.774624917,0.05479452,8.106561481412168,0.359375,0.9895342458039522,13.397255995258941,1.8666936689468758,0.3699424131995156,116.18909482573274,"Soo-haeng Jo","sa3012578",
2023,"Ju-hyeong An 안주형","Lions (KBO)",29,91,0.109890109,0.219780219,0.5,0.240506329,0.322222222,0.303797468,0.62601969,0.063291139,1.9732142775000001,0.305084745,-0.07776988530531526,8.46723753928183,-2.2494976449108273,0.30409890678193835,79.00948743952478,"Ju-hyeong An","sa3012586",
2024,"Ju-hyeong An 안주형","Lions (KBO)",30,166,0.06626506,0.234939759,0.282051282,0.218309859,0.279220779,0.232394366,0.511615145,0.014084507,4.926047481677535,0.300970873,-0.2620398032013327,8.05042964701563,-14.386310781193675,0.24948526512492786,35.88056684425502,"Ju-hyeong An","sa3012586",
2023,"Sung-gyu Lee 이성규","Lions (KBO)",29,162,0.049382716,0.259259259,0.19047619,0.206896551,0.25949367,0.310344827,0.569838497,0.103448276,6.30841013079786,0.278846153,-0.5436897662002593,10.68040660189079,-8.39773735238625,0.26877941323232046,55.982419607943044,"Sung-gyu Lee","sa3012587",
2024,"Sung-gyu Lee 이성규","Lions (KBO)",30,355,0.087323943,0.307042253,0.284403669,0.241721854,0.339031339,0.5,0.839031339,0.258278146,5.930279535255112,0.293103448,0.6226105452515185,53.8897701484283,5.907584292920439,0.36943000758815014,112.31203661857,"Sung-gyu Lee","sa3012587",
2025,"Sung-gyu Lee 이성규","Lions (KBO)",31,154,0.097402597,0.337662337,0.288461538,0.198412698,0.326797385,0.396825396,0.723622781,0.198412698,4.886236134653338,0.271428571,-0.6132415877655149,18.831886554248957,0.09479945350471024,0.33702908777723123,100.50594552394936,"Sung-gyu Lee","sa3012587",
2023,"Won-jun Choi 최원준","Tigers (KBO)",26,274,0.113138686,0.142335766,0.794871794,0.25210084,0.338289962,0.327731092,0.666021054,0.075630252,6.241447407179471,0.297979797,0.2747707914095372,29.317775889815668,-2.950195983467717,0.3222712258424014,90.857200461643,"Won-jun Choi","sa3012595",
2024,"Won-jun Choi 최원준","Tigers (KBO)",27,508,0.098425196,0.129921259,0.757575757,0.292237442,0.371257485,0.420091324,0.791348809,0.127853882,5.977762891240769,0.323369565,-0.49330768710933626,74.09372154196977,5.43188938817263,0.36252353112854646,107.91107550990719,"Won-jun Choi","sa3012595",
2025,"Won-jun Choi 최원준","Tigers (KBO)",28,245,0.061224489,0.175510204,0.348837209,0.229074889,0.281632653,0.31277533,0.594407983,0.083700441,5.241177140454056,0.26519337,1.1372858034446836,18.57353778226035,-11.235464423469134,0.27861119630385417,62.30848538328597,"Won-jun Choi","sa3012595",
2025,"Won-jun Choi 최원준","Dinos (KBO)",28,204,0.039215686,0.137254901,0.285714285,0.258064516,0.297029702,0.354838709,0.651868411,0.096774193,8.665466262319939,0.2875,0.18985569896176457,18.74634903075311,-6.074207907895116,0.2988279237605558,75.52751163920527,"Won-jun Choi","sa3012595",
2026,"Won-jun Choi 최원준","Wiz (KBO)",29,393,0.114503816,0.139949109,0.818181818,0.360119047,0.441025641,0.511904761,0.952930402,0.151785714,6.060482828250589,0.409420289,-0.8980347737669945,78.93017488729646,29.13335077476193,0.43524872813469323,158.50443536102674,"Won-jun Choi","sa3012595",
2023,"Jin-young Lee 이진영","Eagles (KBO)",25,422,0.125592417,0.300947867,0.417322834,0.248603351,0.344497607,0.393854748,0.738352355,0.145251397,3.9442754870451022,0.349557522,0.6649912782013416,53.68875079288136,3.991363455196725,0.3486133430277902,108.03133458118461,"Jin-young Lee","sa3012598",
2024,"Jin-young Lee 이진영","Eagles (KBO)",26,103,0.077669902,0.262135922,0.296296296,0.204301075,0.281553398,0.301075268,0.582628666,0.096774193,3.298595706249925,0.276923076,-0.5348648964427412,7.2162106623733795,-6.705381290069743,0.27452220731568566,51.83466579845414,"Jin-young Lee","sa3012598",
2025,"Jin-young Lee 이진영","Eagles (KBO)",27,366,0.103825136,0.25409836,0.40860215,0.274143302,0.349726775,0.417445482,0.767172257,0.14330218,2.2309449638750847,0.346846846,-1.9385502599179745,49.32990702695691,4.798907813499799,0.35273660792679085,110.77655542939083,"Jin-young Lee","sa3012598",
2026,"Jin-young Lee 이진영","Eagles (KBO)",28,92,0.108695652,0.304347826,0.357142857,0.227848101,0.326086956,0.329113924,0.65520088,0.101265823,4.331228741111492,0.32,0.30872101709246635,9.20933634520738,-2.447935457218005,0.31254877344421717,79.00078595826604,"Jin-young Lee","sa3012598",
2023,"Beom-soo Shin 신범수","Tigers (KBO)",25,100,0.07,0.19,0.368421052,0.170454545,0.244897959,0.272727272,0.517625231,0.102272727,1.08035714,0.19117647,-0.05683183926157653,5.166025794334391,-6.610606276206991,0.25019609624025774,43.8667503866146,"Beom-soo Shin","sa3012601",
2023,"Tae-yean Kim 김태연","Eagles (KBO)",26,280,0.096428571,0.210714285,0.457627118,0.261224489,0.336917562,0.363265306,0.700182868,0.102040817,3.353813093680952,0.322580645,0.35369050968438387,31.840681703012482,-1.13388809450339,0.33102035586782497,96.56132558675925,"Tae-yean Kim","sa3012603",
2024,"Tae-yean Kim 김태연","Eagles (KBO)",27,472,0.095338983,0.188559322,0.505617977,0.2905569,0.362660944,0.435835351,0.798496295,0.145278451,3.069313248472734,0.341772151,-0.2978657849598676,68.79462370462603,4.99859067983813,0.36240456684976174,107.83526881349492,"Tae-yean Kim","sa3012603",
2025,"Tae-yean Kim 김태연","Eagles (KBO)",28,340,0.067647058,0.182352941,0.370967741,0.260726072,0.329341317,0.339933993,0.66927531,0.079207921,3.6124682638854964,0.319327731,-0.6599462199956179,36.034647983847336,-5.332946913899704,0.3165393314675657,87.10839504428104,"Tae-yean Kim","sa3012603",
2026,"Tae-yean Kim 김태연","Eagles (KBO)",29,260,0.08076923,0.173076923,0.466666666,0.295454545,0.368421052,0.445454545,0.813875597,0.15,4.631159075625969,0.347058823,-0.3035891503095627,39.050327180419615,6.105863390956572,0.3735610659305866,118.5338071670466,"Tae-yean Kim","sa3012603",
2023,"Jin-hyuk Jang 장진혁","Eagles (KBO)",29,178,0.084269662,0.230337078,0.365853658,0.222222222,0.286516853,0.265432098,0.551948951,0.043209876,5.822109981978781,0.295081967,-0.8105303023476154,11.731867182002816,-9.230537903560846,0.26875457636426003,55.9662268433229,"Jin-hyuk Jang","sa3012604",
2024,"Jin-hyuk Jang 장진혁","Eagles (KBO)",30,327,0.088685015,0.220183486,0.402777777,0.262975778,0.335403726,0.411764705,0.747168431,0.148788927,5.503205120113561,0.320574162,-0.28358636680059135,41.31582773774552,-2.8818476840884686,0.3398761208753408,93.47963969465955,"Jin-hyuk Jang","sa3012604",
2025,"Jin-hyuk Jang 장진혁","Wiz (KBO)",31,157,0.082802547,0.29299363,0.282608695,0.208633093,0.274509803,0.330935251,0.605445054,0.122302158,5.106454242883789,0.277777777,0.06391855422407389,12.25503030912661,-6.847064981891876,0.2814358418283899,64.1554244307887,"Jin-hyuk Jang","sa3012604",
2023,"Sang-un Park 박상언","Eagles (KBO)",26,161,0.062111801,0.236024844,0.263157894,0.2,0.253164556,0.275862068,0.529026624,0.075862068,4.442206412849632,0.259259259,-0.7366722247097641,8.571208202150839,-10.389169431420786,0.2522501081605501,45.205893932062224,"Sang-un Park","sa3012605",
2023,"In-hwan Kim 김인환","Eagles (KBO)",29,365,0.09589041,0.249315068,0.384615384,0.224615384,0.301369863,0.338461538,0.639831401,0.113846154,2.1193802541056432,0.286956521,-0.05424769897945225,33.481361513985554,-9.50334554349049,0.3023838542052865,77.89133346707864,"In-hwan Kim","sa3012607",
2024,"In-hwan Kim 김인환","Eagles (KBO)",30,143,0.069930069,0.223776223,0.3125,0.236641221,0.3006993,0.27480916,0.57550846,0.038167939,1.08035714,0.306122448,-0.10253303684294224,10.22690700542649,-9.101128423693574,0.27621334165959927,52.91229438672487,"In-hwan Kim","sa3012607",
2025,"Sang-hyeon Ahn 안상현","Landers (KBO)",28,289,0.062283737,0.294117647,0.211764705,0.263565891,0.314285714,0.379844961,0.694130675,0.11627907,6.9193083829941004,0.366863905,0.5283758826553822,31.340198004005696,-3.8222576590792885,0.3196306756564549,89.12971922182314,"Sang-hyeon Ahn","sa3012616",
2026,"Sang-hyeon Ahn 안상현","Landers (KBO)",29,123,0.113821138,0.195121951,0.583333333,0.288461538,0.383333333,0.365384615,0.748717948,0.076923077,4.60558556361619,0.367088607,-0.49287891387939453,16.85925696352228,1.2739914015839926,0.35757303138573965,108.17433233024457,"Sang-hyeon Ahn","sa3012616",
2023,"Jun-young Park 박준영","Bears (KBO)",25,138,0.065217391,0.384057971,0.16981132,0.22047244,0.282608695,0.401574803,0.684183498,0.181102363,6.9044716651560885,0.342857142,0.32522127008996904,13.890002400040556,-2.3617498573065507,0.31400470838059474,85.46772175757941,"Jun-young Park","sa3012619",
2024,"Jun-young Park 박준영","Bears (KBO)",26,212,0.099056603,0.273584905,0.362068965,0.225806451,0.312796208,0.40860215,0.721398358,0.182795699,5.557120078171183,0.286885245,0.2769603617489338,24.212264514685955,-4.4418859117018314,0.3257815761588761,84.49828089263023,"Jun-young Park","sa3012619",
2025,"Jun-young Park 박준영","Bears (KBO)",27,126,0.079365079,0.253968253,0.3125,0.225225225,0.304,0.324324324,0.628324324,0.099099099,4.119144880968682,0.303797468,0.48393053794279695,11.378804247732887,-3.9515397437851334,0.2968344745635986,74.22406342629074,"Jun-young Park","sa3012619",
2023,"Tae-hun Do 도태훈","Dinos (KBO)",30,302,0.125827814,0.158940397,0.791666666,0.234309623,0.376271186,0.322175732,0.698446918,0.087866109,3.272422516871173,0.272727272,-0.31510593625716865,38.0094448083821,2.4440159553471297,0.3468349527339546,106.87188664432081,"Tae-hun Do","sa3012620",
2024,"Tae-hun Do 도태훈","Dinos (KBO)",31,181,0.132596685,0.160220994,0.827586206,0.213793103,0.344632768,0.24137931,0.586012078,0.027586207,3.2088878250433295,0.262711864,0.05389042547903955,16.3060756126438,-8.158081119319359,0.29777666101347927,66.65292325951877,"Tae-hun Do","sa3012620",
2025,"Tae-hun Do 도태훈","Dinos (KBO)",32,98,0.071428571,0.163265306,0.4375,0.181818181,0.315217391,0.298701298,0.613918689,0.116883117,7.683776288966551,0.216666666,0.5079449112527072,9.185948869181905,-2.737652013109889,0.3011411583941916,77.04005660592277,"Tae-hun Do","sa3012620",
2026,"Tae-hun Do 도태훈","Dinos (KBO)",33,81,0.12345679,0.209876543,0.588235294,0.153846153,0.320987654,0.2,0.520987654,0.046153847,2.4286986608440464,0.208333333,-0.5315633695572615,5.812224864896693,-4.451242700282178,0.27802373303307426,56.63022587625236,"Tae-hun Do","sa3012620",
2023,"Hyeon-bin Hong 홍현빈","Wiz (KBO)",25,86,0.15116279,0.244186046,0.619047619,0.232876712,0.348837209,0.260273972,0.609111181,0.02739726,5.500009431330321,0.326923076,0.3162478217855096,8.263134716615037,-1.864768864050551,0.3080536023128864,81.58780986412194,"Hyeon-bin Hong","sa3012624",
2023,"Chi-young An 안치영","Wiz (KBO)",25,136,0.044117647,0.257352941,0.171428571,0.29032258,0.330827067,0.330645161,0.661472228,0.040322581,7.495437571604476,0.4,0.8613718952983618,13.814992074071805,-2.2012275418644753,0.31521418847535787,86.25626024961448,"Chi-young An","sa3012625",
2023,"Yu-chan Lee 이유찬","Bears (KBO)",24,239,0.083682008,0.213389121,0.392156862,0.242857142,0.316239316,0.309523809,0.625763125,0.066666667,7.033479819679325,0.314465408,0.951620027422905,21.943884480882872,-6.202266167711029,0.30249541870549196,77.96406959819609,"Yu-chan Lee","sa3012635",
2024,"Yu-chan Lee 이유찬","Bears (KBO)",25,262,0.083969465,0.194656488,0.431372549,0.277056277,0.34117647,0.363636363,0.704812833,0.086580086,5.514195338585496,0.342696629,0.1420468983706087,30.30272679234882,-5.10947797988514,0.3274656665091421,85.57142089076763,"Yu-chan Lee","sa3012635",
2025,"Yu-chan Lee 이유찬","Bears (KBO)",26,311,0.106109324,0.212218649,0.5,0.241635687,0.327868852,0.289962825,0.617831677,0.048327138,5.6493247913765625,0.315270935,1.1786338733509183,28.622918440874116,-9.216263950888617,0.2990054599574355,75.64359648295435,"Yu-chan Lee","sa3012635",
2026,"Yu-chan Lee 이유찬","Bears (KBO)",27,111,0.063063063,0.297297297,0.212121212,0.206185567,0.272727272,0.278350515,0.551077787,0.072164948,7.205737889392095,0.287878787,-0.19291212037205696,6.4381352612108245,-7.626616587367629,0.2612705398689617,45.7749651790802,"Yu-chan Lee","sa3012635",
2023,"Seong-yoon Kim 김성윤","Lions (KBO)",24,272,0.051470588,0.12867647,0.4,0.314285714,0.354477611,0.404081632,0.758559243,0.089795918,8.4423569385249,0.352112676,2.075806063832715,35.57517823945017,3.54273900757761,0.3532585523911376,111.05984774351043,"Seong-yoon Kim","sa3012644",
2024,"Seong-yoon Kim 김성윤","Lions (KBO)",25,89,0.101123595,0.17977528,0.5625,0.243243243,0.325581395,0.297297297,0.622878692,0.054054054,5.408177954597183,0.3,0.06000846065580845,7.987354389303833,-4.041982346302361,0.2973781124103901,66.39895918502049,"Seong-yoon Kim","sa3012644",
2025,"Seong-yoon Kim 김성윤","Lions (KBO)",26,538,0.120817843,0.100371747,1.203703703,0.33114035,0.418560606,0.47368421,0.892244816,0.14254386,7.651172327330773,0.364321608,1.477549095172435,97.0747512894737,31.616615833626913,0.4101244689840259,148.30051392917102,"Seong-yoon Kim","sa3012644",
2026,"Seong-yoon Kim 김성윤","Lions (KBO)",27,275,0.09090909,0.109090909,0.833333333,0.297071129,0.365671641,0.40167364,0.767345281,0.104602511,7.042847331575755,0.326923076,1.1631811689585447,37.44594380160608,2.600837870443243,0.3564767541725244,107.46399760006828,"Seong-yoon Kim","sa3012644",
2025,"Seok-hwan Kim 김석환","Tigers (KBO)",26,134,0.104477611,0.410447761,0.254545454,0.264957264,0.350746268,0.358974358,0.709720626,0.094017094,3.76204318375,0.475409836,-0.16810061316937208,16.115821919818973,-0.18787724576368314,0.33449293250468237,98.84764037991884,"Seok-hwan Kim","sa3012653",
2023,"Jeong-hun Lee 이정훈","Giants (KBO)",28,171,0.076023391,0.16374269,0.464285714,0.296052631,0.356725146,0.361842105,0.718567251,0.065789474,2.1653237418670663,0.349206349,-0.3775130652356893,20.849914088030506,0.7118732474047416,0.3417167029185602,103.53496774109543,"Jeong-hun Lee","sa3012655",
2024,"Jeong-hun Lee 이정훈","Giants (KBO)",29,116,0.112068965,0.181034482,0.619047619,0.3,0.373913043,0.38,0.753913043,0.08,0.97134550875,0.37037037,-0.0871530813165009,15.365284296985118,-0.3134017853780103,0.3469716927461457,98.00109662422189,"Jeong-hun Lee","sa3012655",
2025,"Jeong-hun Lee 이정훈","Wiz (KBO)",30,148,0.087837837,0.324324324,0.270833333,0.257575757,0.337837837,0.378787878,0.716625715,0.121212121,2.2724676573395968,0.375,-0.5986758945509791,17.934377307902007,-0.07269341229376239,0.33563791658427267,99.59630628755052,"Jeong-hun Lee","sa3012655",
2023,"Seong-han Park 박성한","Landers (KBO)",25,529,0.109640831,0.105860113,1.035714285,0.265795206,0.346743295,0.366013071,0.712756366,0.100217865,2.833248246706,0.283919597,0.12636315263807774,63.45836616965534,1.1599825164914361,0.3391506301235558,101.86197851127157,"Seong-han Park","sa3012661",
2024,"Seong-han Park 박성한","Landers (KBO)",26,564,0.113475177,0.152482269,0.744186046,0.300613496,0.379679144,0.411042944,0.790722088,0.110429448,4.066307984828,0.343358395,0.7134394980967045,82.19038621010323,5.95953318895836,0.36237706548424176,107.81774432893374,"Seong-han Park","sa3012661",
2025,"Seong-han Park 박성한","Landers (KBO)",27,538,0.146840148,0.172862453,0.849462365,0.274336283,0.384328358,0.380530973,0.764859331,0.10619469,3.3609534422256466,0.330508474,-2.275866103824228,76.2119395895385,10.753804133691728,0.361380532523182,116.42852192290971,"Seong-han Park","sa3012661",
2026,"Seong-han Park 박성한","Landers (KBO)",28,388,0.152061855,0.126288659,1.204081632,0.334355828,0.43556701,0.432515337,0.868082347,0.098159509,3.7589184001420928,0.384057971,-0.4036675672978163,68.81958909641622,19.65631236444829,0.40666212653620915,139.98169705329462,"Seong-han Park","sa3012661",
2026,"Baek-ho Kang 강백호","Eagles (KBO)",26,354,0.104519774,0.197740112,0.528571428,0.314102564,0.38418079,0.592948717,0.977129507,0.278846153,1.5142499669567662,0.336322869,-1.224620334804058,68.6355933832407,23.780438839125647,0.4267783932536416,153.0160671183009,"Baek-ho Kang","sa3012665",
2023,"Baek-ho Kang 강백호","Wiz (KBO)",23,271,0.114391143,0.202952029,0.563636363,0.264705882,0.346863468,0.415966386,0.762829854,0.151260504,4.117418202151227,0.310734463,0.38762839906848967,35.13816844565462,3.223495534487481,0.35178685969627754,110.10035585656766,"Baek-ho Kang","sa3012665",
2024,"Baek-ho Kang 강백호","Wiz (KBO)",24,614,0.096091205,0.20684039,0.464566929,0.289090909,0.359934853,0.48,0.839934853,0.190909091,3.3006073910892137,0.333333333,-0.1773288855329156,95.02350449097135,12.034597123980305,0.3728658821739134,114.50145267097116,"Baek-ho Kang","sa3012665",
2025,"Baek-ho Kang 강백호","Wiz (KBO)",25,369,0.119241192,0.173441734,0.6875,0.264797507,0.357723577,0.467289719,0.825013296,0.202492212,2.44798268294649,0.288065843,-1.7025286969728768,55.7069554214935,10.81094801776215,0.37308240588245495,124.07997646771514,"Baek-ho Kang","sa3012665",
2023,"Sung-ju Moon 문성주","Twins (KBO)",26,530,0.124528301,0.06226415,2,0.295964125,0.39312977,0.374439461,0.767569231,0.078475336,5.763550251955792,0.313253012,-1.182183603523299,75.83493029772232,13.418780323853003,0.36927021914766034,121.49889143990906,"Sung-ju Moon","sa3012668",
2024,"Sung-ju Moon 문성주","Twins (KBO)",27,361,0.135734072,0.105263157,1.289473684,0.314754098,0.411111111,0.380327868,0.791438979,0.06557377,4.875550604959607,0.355555555,-1.0825344142504036,56.35946754362472,7.566315166615324,0.3744437732630306,115.50692012713745,"Sung-ju Moon","sa3012668",
2025,"Sung-ju Moon 문성주","Twins (KBO)",28,542,0.099630996,0.108856088,0.915254237,0.305263157,0.374538745,0.374736842,0.749275587,0.069473685,3.0814126978452543,0.33649289,-1.2041522404178977,72.26664274641806,6.321829703538951,0.35091664782309445,109.58654579766316,"Sung-ju Moon","sa3012668",
2026,"Sung-ju Moon 문성주","Twins (KBO)",29,200,0.08,0.13,0.615384615,0.292134831,0.353535353,0.353932584,0.707467937,0.061797753,2.1122380115459998,0.333333333,-0.2579496558755636,22.76358683903245,-2.5783083836314313,0.32925544892038616,89.82590543849464,"Sung-ju Moon","sa3012668",
2024,"Min-jae Jeon 전민재","Bears (KBO)",25,276,0.061594202,0.192028985,0.320754716,0.245967741,0.301470588,0.298387096,0.599857684,0.052419355,5.275892303697586,0.301020408,-0.2225379499141127,20.825393503431112,-16.47906648563978,0.28078503428350077,55.82547907014963,"Min-jae Jeon","sa3012673",
2025,"Min-jae Jeon 전민재","Giants (KBO)",26,369,0.059620596,0.170731707,0.349206349,0.287009063,0.337047353,0.377643504,0.714690857,0.090634441,2.5113648704091425,0.339622641,-1.0959677859209478,43.60720109969501,-1.2888063040363384,0.33186504103679176,97.12935207701962,"Min-jae Jeon","sa3012673",
2026,"Min-jae Jeon 전민재","Giants (KBO)",27,308,0.058441558,0.211038961,0.276923076,0.273049645,0.320261437,0.404255319,0.724516756,0.131205674,3.845139819902534,0.325471698,0.17722407542169094,35.47636512086691,-3.550153522035465,0.3309181071574392,90.90322773978427,"Min-jae Jeon","sa3012673",
2026,"Jae-hyun Choo 추재현","Heroes (KBO)",27,98,0.081632653,0.132653061,0.615384615,0.295454545,0.367346938,0.386363636,0.753710574,0.090909091,0.68973214,0.328767123,-0.11234337091445923,13.177042992914265,0.759514333808962,0.35439708038252227,106.1164693447439,"Jae-hyun Choo","sa3012679",
2025,"Jae-hyun Choo 추재현","Bears (KBO)",26,87,0.034482758,0.195402298,0.176470588,0.222222222,0.258823529,0.320987654,0.579811183,0.098765432,3.39285714,0.269841269,-0.06804072437807918,5.8262821181233795,-4.7589553998295395,0.2674974413479076,55.041581336666354,"Jae-hyun Choo","sa3012679",
2023,"Dong-hui Han 한동희","Giants (KBO)",24,353,0.07365439,0.164305949,0.448275862,0.222570532,0.279202279,0.304075235,0.583277514,0.081504703,1.7606913115352687,0.252873563,-0.8832385470159352,25.72594445527354,-15.845566753737534,0.2778307795524597,61.88359216947871,"Dong-hui Han","sa3012686",
2026,"Dong-hui Han 한동희","Giants (KBO)",27,216,0.078703703,0.180555555,0.435897435,0.279792746,0.342592592,0.43523316,0.777825752,0.155440414,2.568929284876342,0.313333333,0.00690983422100544,28.007627410581627,0.6383805701046398,0.34855714650221276,102.33247401298792,"Dong-hui Han","sa3012686",
2023,"Won-seok Lee 이원석","Eagles (KBO)",24,138,0.152173913,0.239130434,0.636363636,0.189655172,0.318840579,0.215517241,0.53435782,0.025862069,7.900026510001604,0.26506024,1.2174253179691732,10.013054102749773,-6.238698154597333,0.27741443592569104,61.61215076499252,"Won-seok Lee","sa3012693",
2024,"Won-seok Lee 이원석","Eagles (KBO)",25,154,0.103896103,0.207792207,0.5,0.233082706,0.322368421,0.278195488,0.600563909,0.045112782,7.2098304400956215,0.303921568,0.5302702309563756,13.025043457559267,-7.789763927646956,0.2913784714121568,62.57585389339995,"Won-seok Lee","sa3012693",
2025,"Won-seok Lee 이원석","Eagles (KBO)",26,248,0.092741935,0.205645161,0.450980392,0.202830188,0.290456431,0.29245283,0.582909261,0.089622642,6.994061811483691,0.245283018,2.6721328808926046,18.931553192190616,-11.24245720381311,0.27927306133681806,62.74125627893974,"Won-seok Lee","sa3012693",
2026,"Won-seok Lee 이원석","Eagles (KBO)",27,168,0.06547619,0.166666666,0.392857142,0.276315789,0.329268292,0.355263157,0.684531449,0.078947368,6.3690986629403845,0.333333333,-0.7139432989060879,17.850795609434726,-3.4363963776029305,0.3200434529926719,83.85697662850296,"Won-seok Lee","sa3012693",
2023,"Eun-won Jung 정은원","Eagles (KBO)",23,459,0.135076252,0.159041394,0.849315068,0.221649484,0.332599118,0.268041237,0.600640355,0.046391753,3.2446050314549133,0.267515923,-0.4637427497655153,41.321746814250695,-12.73299438953425,0.3001642964007312,76.44425982629129,"Eun-won Jung","sa3012695",
2025,"Jun-woo Choi 최준우","Landers (KBO)",26,192,0.15625,0.244791666,0.638297872,0.190789473,0.328042328,0.25,0.578042328,0.059210527,3.1030025966808976,0.245283018,0.16385866841301322,16.331467019041128,-7.029057158510144,0.29023750875362014,69.91053323510246,"Jun-woo Choi","sa3012699",
2023,"Young-soo Oh 오영수","Dinos (KBO)",23,238,0.071428571,0.231092436,0.309090909,0.235576923,0.30472103,0.346153846,0.650874876,0.110576923,3.6888746543371553,0.296052631,-0.8244508039206266,22.62428667840995,-5.404097649478541,0.3067213016851195,80.71919670338823,"Young-soo Oh","sa3012702",
2025,"Young-soo Oh 오영수","Dinos (KBO)",25,179,0.122905027,0.262569832,0.468085106,0.232258064,0.33519553,0.322580645,0.657776175,0.090322581,2.501857251273572,0.314285714,-0.46927512250840664,18.92409437543015,-2.8547276442660836,0.31620866759529326,86.8921852537096,"Young-soo Oh","sa3012702",
2023,"Hyung-jun Kim 김형준","Dinos (KBO)",23,82,0.097560975,0.292682926,0.333333333,0.236111111,0.320987654,0.513888888,0.834876542,0.277777777,0.8336466087500001,0.261904761,-0.053840689826756716,12.4595432280528,2.8027049302088676,0.3808108972914425,129.0230077771378,"Hyung-jun Kim","sa3012705",
2024,"Hyung-jun Kim 김형준","Dinos (KBO)",24,414,0.108695652,0.347826086,0.3125,0.194915254,0.285012285,0.372881355,0.65789364,0.177966101,0.9353829087500001,0.261306532,-0.22300935513339937,37.23372868442203,-18.72296129918431,0.2975998620436291,66.54026300578253,"Hyung-jun Kim","sa3012705",
2025,"Hyung-jun Kim 김형준","Dinos (KBO)",25,415,0.108433734,0.303614457,0.357142857,0.232044198,0.320388349,0.41436464,0.734752989,0.182320442,3.837616915888771,0.3,0.18775326712056994,50.89586118509734,0.4030615304943321,0.33747613661497544,100.7982554606825,"Hyung-jun Kim","sa3012705",
2026,"Hyung-jun Kim 김형준","Dinos (KBO)",26,241,0.087136929,0.319502074,0.272727272,0.238095238,0.31512605,0.409523809,0.724649859,0.171428571,2.40720139625,0.317460317,-0.2071330901235342,27.37651423567702,-3.1604695076329543,0.32898451708540133,89.65035468401378,"Hyung-jun Kim","sa3012705",
2024,"Bon-hyeok Gu 구본혁","Twins (KBO)",27,389,0.097686375,0.131105398,0.745098039,0.256637168,0.335064935,0.327433628,0.662498563,0.07079646,4.9150758093351135,0.293103448,-0.5984160581137985,40.07017784504678,-12.507484965636472,0.3127768979444132,76.21140937612184,"Bon-hyeok Gu","sa3012711",
2025,"Bon-hyeok Gu 구본혁","Twins (KBO)",28,397,0.0906801,0.110831234,0.818181818,0.285714285,0.363636363,0.352769679,0.716406042,0.067055394,4.597013923387175,0.325503355,-0.6331638433039188,49.17106687252345,0.8683163595658738,0.3390045827254653,101.79765406802859,"Bon-hyeok Gu","sa3012711",
2026,"Bon-hyeok Gu 구본혁","Twins (KBO)",29,221,0.076923076,0.122171945,0.629629629,0.267015706,0.331753554,0.282722513,0.614476067,0.015706807,3.65991563181962,0.309090909,0.3647810760885477,19.49291145703969,-8.509882764003896,0.2980566575628886,69.6105942255974,"Bon-hyeok Gu","sa3012711",
2023,"Dae-han Kim 김대한","Bears (KBO)",22,89,0.078651685,0.235955056,0.333333333,0.197530864,0.269662921,0.296296296,0.565959217,0.098765432,5.6154057555036845,0.254237288,-1.1137782807927579,6.093647823733884,-4.387554719047946,0.2720869592066561,58.13882327777784,"Dae-han Kim","sa3012718",
2024,"Dae-han Kim 김대한","Bears (KBO)",23,89,0.08988764,0.292134831,0.307692307,0.133333333,0.229885057,0.186666666,0.416551723,0.053333333,4.140639117513702,0.18,-0.3246115897782147,1.2212362135286785,-10.808100522077515,0.20910937758697862,10.152149202988761,"Dae-han Kim","sa3012718",
2025,"Seung-kyu Park 박승규","Lions (KBO)",24,200,0.105,0.215,0.488372093,0.287356321,0.376884422,0.419540229,0.796424651,0.132183908,4.5302671615644385,0.352,-0.9784544259309769,29.938077372210937,5.604198020595033,0.3714772714442344,123.03043398718454,"Seung-kyu Park","sa3012721",
2026,"Seung-kyu Park 박승규","Lions (KBO)",25,263,0.152091254,0.14068441,1.081081081,0.288990825,0.403041825,0.504587155,0.90762898,0.21559633,7.030891229655785,0.310344827,0.4648142885416746,47.28702785274113,13.962435634938133,0.40962005821803144,141.89829403967613,"Seung-kyu Park","sa3012721",
2026,"Do-hwan Kim 김도환","Lions (KBO)",26,87,0.114942528,0.24137931,0.476190476,0.285714285,0.392857142,0.385714285,0.778571427,0.1,1.0264778275,0.387755102,-0.09830044955015182,12.752403623025195,1.7286792011664072,0.36915894349416095,115.68144426523065,"Do-hwan Kim","sa3012722",
2023,"Seung-min Go 고승민","Giants (KBO)",22,308,0.136363636,0.207792207,0.65625,0.223529411,0.331125827,0.317647058,0.648772885,0.094117647,5.586025411287976,0.284974093,0.10675277397967875,30.26825798578537,-6.003768791482083,0.31090671162940187,83.44793681271544,"Seung-min Go","sa3012726",
2024,"Seung-min Go 고승민","Giants (KBO)",23,532,0.077067669,0.146616541,0.525641025,0.307692307,0.357815442,0.476091476,0.833906918,0.168399169,4.864183631623546,0.337531486,-1.280442496528849,81.1583459400878,9.252647700284482,0.3703020995170608,112.86775308046823,"Seung-min Go","sa3012726",
2025,"Seung-min Go 고승민","Giants (KBO)",24,538,0.104089219,0.154275092,0.674698795,0.270788912,0.34962406,0.34968017,0.69930423,0.078891258,4.29675788070227,0.318652849,-0.06295376364141703,62.56174811968921,-2.896387336157579,0.329488183818968,95.57520647970294,"Seung-min Go","sa3012726",
2026,"Seung-min Go 고승민","Giants (KBO)",25,256,0.08203125,0.18359375,0.44680851,0.268398268,0.325490196,0.406926406,0.732416602,0.138528138,3.9153837887114586,0.309392265,-0.6755033135414124,29.84531897054454,-2.5923069144652264,0.3326236441379457,92.00833339759555,"Seung-min Go","sa3012726",
2025,"Sun-woo Oh 오선우","Tigers (KBO)",28,474,0.071729957,0.333333333,0.215189873,0.265446224,0.32278481,0.432494279,0.755279089,0.167048055,2.2419866641303727,0.375478927,-1.3214260512031615,60.21224201577915,2.5409479524494487,0.3429935673030756,104.40591457798605,"Sun-woo Oh","sa3012730",
2023,"Woo-hyuk Byun 변우혁","Tigers (KBO)",23,226,0.101769911,0.327433628,0.31081081,0.225,0.314159292,0.35,0.664159292,0.125,1.15720139625,0.319327731,-0.17647781665436924,23.198675399577404,-3.4165130798461196,0.3166054219669766,87.16329556528424,"Woo-hyuk Byun","sa3012733",
2024,"Woo-hyuk Byun 변우혁","Tigers (KBO)",24,187,0.085561497,0.256684491,0.333333333,0.303571428,0.368983957,0.470238095,0.839222052,0.166666667,4.62966879485516,0.396551724,0.06414372916333377,29.58445832585936,4.309335072394663,0.37686488940754037,117.0497094284355,"Woo-hyuk Byun","sa3012733",
2025,"Woo-hyuk Byun 변우혁","Tigers (KBO)",25,153,0.065359477,0.307189542,0.212765957,0.218309859,0.274509803,0.267605633,0.542115436,0.049295774,1.1946864025000001,0.326315789,-0.14008384430781007,9.198951089107096,-9.416466614879072,0.25889351009543426,49.41576512214013,"Woo-hyuk Byun","sa3012733",
2023,"Si-hwan Roh 노시환","Eagles (KBO)",22,595,0.124369747,0.198319327,0.627118644,0.297665369,0.388235294,0.540856031,0.929091325,0.243190662,2.5806056629177885,0.331521739,-0.5095306495204568,109.23154287294872,39.16058205322749,0.4220156145297875,155.88703450774705,"Si-hwan Roh","sa3012734",
2024,"Si-hwan Roh 노시환","Eagles (KBO)",23,601,0.09983361,0.214642262,0.465116279,0.271863117,0.356073211,0.454372623,0.810445834,0.182509506,4.518173544679377,0.315649867,0.792431196430698,85.9200996332776,4.68828639620657,0.35916585696710124,105.77149051508185,"Si-hwan Roh","sa3012734",
2025,"Si-hwan Roh 노시환","Eagles (KBO)",24,624,0.112179487,0.200320512,0.56,0.259740259,0.354166666,0.497217068,0.851383734,0.237476809,4.94417350861601,0.279792746,0.050766697619110346,96.68716717365449,20.765463596612854,0.37808523620767004,127.35115601764795,"Si-hwan Roh","sa3012734",
2026,"Si-hwan Roh 노시환","Eagles (KBO)",25,353,0.093484419,0.274787535,0.340206185,0.262135922,0.34375,0.485436893,0.829186893,0.223300971,3.870902613283853,0.319796954,-1.264904709532857,52.71281230407785,7.984367236076103,0.3725069017911499,117.85075967639222,"Si-hwan Roh","sa3012734",
2023,"Kang-min Kim 김강민","Landers (KBO)",40,166,0.138554216,0.228915662,0.605263157,0.224637681,0.333333333,0.289855072,0.623188405,0.065217391,3.2884674794292854,0.287128712,-0.16554846451617777,15.541872476749493,-4.007336760349202,0.30485323762021416,79.50128462104522,"Kang-min Kim","sa3012834",
2024,"Kang-min Kim 김강민","Eagles (KBO)",41,87,0.091954022,0.24137931,0.38095238,0.22368421,0.32183908,0.263157894,0.584996974,0.039473684,0.5595238025,0.296296296,-0.06920979986898601,7.1500025063133545,-4.609012055458992,0.28859856621972446,60.80443619448745,"Kang-min Kim","sa3012834",
2026,"Hyoung-woo Choi 최형우","Lions (KBO)",42,361,0.146814404,0.141274238,1.039215686,0.331103678,0.42936288,0.505016722,0.934379602,0.173913044,1.6368014643755626,0.359504132,-0.23181982897222042,68.38990440473934,22.647783527831045,0.4213702927450506,149.51187897206614,"Hyoung-woo Choi","sa3012871",
2023,"Hyoung-woo Choi 최형우","Tigers (KBO)",39,508,0.127952755,0.163385826,0.78313253,0.301624129,0.399606299,0.487238979,0.886845278,0.18561485,1.66813803375,0.337313432,-0.46961046126671135,89.03349597877025,29.208205060420024,0.4111798606680695,148.82250401470424,"Hyoung-woo Choi","sa3012871",
2024,"Hyoung-woo Choi 최형우","Tigers (KBO)",40,487,0.10677618,0.176591375,0.604651162,0.28,0.361396303,0.498823529,0.860219832,0.218823529,2.951998685733874,0.301242236,-0.5988874633330852,77.39986665160521,11.57641732306344,0.3777081781292554,117.58707184317032,"Hyoung-woo Choi","sa3012871",
2025,"Hyoung-woo Choi 최형우","Tigers (KBO)",41,549,0.122040072,0.178506375,0.683673469,0.307036247,0.398907103,0.528784648,0.927691751,0.221748401,2.360762952013401,0.34090909,-0.4243737030774355,100.40440616052227,33.6079073403366,0.41320363563001705,150.3138756281346,"Hyoung-woo Choi","sa3012871",
2023,"Kyung-su Park 박경수","Wiz (KBO)",39,221,0.135746606,0.208144796,0.652173913,0.2,0.314814814,0.286486486,0.6013013,0.086486486,0.5595238025,0.260869565,-0.15853092004545033,19.120893503242073,-6.905463372654383,0.295598348351412,73.46742225359371,"Kyung-su Park","sa3012911",
2023,"Jae-il Oh 오재일","Lions (KBO)",36,364,0.118131868,0.302197802,0.39090909,0.203174603,0.302197802,0.355555555,0.657753357,0.152380952,1.7613293130578547,0.269035532,-0.04826540010981262,36.02911497490269,-6.837825761867942,0.31182820787114546,84.04871995914895,"Jae-il Oh","sa3013047",
2024,"Jae-il Oh 오재일","Wiz (KBO)",37,272,0.110294117,0.257352941,0.428571428,0.245689655,0.327205882,0.405172413,0.732378295,0.159482758,1.02102169625,0.302469135,-0.1743061626330018,32.00753803349653,-4.756277607906666,0.32980580847052965,87.06261163340679,"Jae-il Oh","sa3013047",
2023,"Won-seok Lee 이원석","Heroes (KBO)",36,273,0.073260073,0.216117216,0.33898305,0.218623481,0.283088235,0.255060728,0.538148963,0.036437247,0.8021037149999999,0.28042328,-0.2063893110025674,16.57538677361484,-15.574818778963133,0.2619901877927604,51.5560833553854,"Won-seok Lee","sa3013066",
2024,"Won-seok Lee 이원석","Heroes (KBO)",37,109,0.128440366,0.165137614,0.777777777,0.219780219,0.330275229,0.263736263,0.594011492,0.043956044,0.43697478375,0.266666666,-0.08202642947435379,9.372604529603045,-5.359953944341618,0.29301440715789795,63.61830870163529,"Won-seok Lee","sa3013066",
2024,"Joo-hwan Choi 최주환","Heroes (KBO)",36,544,0.086397058,0.169117647,0.510869565,0.25726141,0.325367647,0.390041493,0.71540914,0.132780083,1.6075750689576287,0.287564766,-0.8322107032872736,61.20322487660766,-12.324406406198728,0.32380443349535615,83.23840141293842,"Joo-hwan Choi","sa3013103",
2025,"Joo-hwan Choi 최주환","Heroes (KBO)",37,506,0.071146245,0.130434782,0.545454545,0.274509803,0.330039525,0.424836601,0.754876126,0.150326798,1.39285714,0.294573643,-0.48428986174985766,63.975051866621335,2.4103371070330875,0.3422429743740294,103.91512754740361,"Joo-hwan Choi","sa3013103",
2026,"Joo-hwan Choi 최주환","Heroes (KBO)",38,279,0.118279569,0.136200716,0.868421052,0.2375,0.329710144,0.325,0.654710144,0.0875,1.56096058375,0.268656716,-0.26681550592184067,27.538050864538235,-7.813892971077877,0.3108450425754894,77.8968505737283,"Joo-hwan Choi","sa3013103",
2023,"Joo-hwan Choi 최주환","Landers (KBO)",35,478,0.092050209,0.196652719,0.468085106,0.234741784,0.310272536,0.429577464,0.73985,0.19483568,0.9291474587499999,0.253968253,-0.30210609291680157,57.441647841199966,1.1493465440121569,0.33942636400146164,102.04174730385304,"Joo-hwan Choi","sa3013103",
2023,"Sung-hyun Kim 김성현","Landers (KBO)",36,354,0.081920903,0.101694915,0.805555555,0.267741935,0.328445747,0.322580645,0.651026392,0.05483871,3.260177877112882,0.298181818,0.09386751800775528,34.9216171769463,-6.767660352770194,0.31139521598815917,83.76642447702255,"Sung-hyun Kim","sa3013146",
2024,"Sung-hyun Kim 김성현","Landers (KBO)",37,167,0.095808383,0.16766467,0.571428571,0.226950354,0.320987654,0.283687943,0.604675597,0.056737589,5.6449309721864545,0.274336283,0.27952368767000735,14.360131298327833,-8.211770216798396,0.2930162795531897,63.61950183374937,"Sung-hyun Kim","sa3013146",
2025,"Sung-hyun Kim 김성현","Landers (KBO)",38,137,0.116788321,0.145985401,0.8,0.217391304,0.315789473,0.269565217,0.58535469,0.052173913,2.7342020184172986,0.252631578,-0.38266630936414003,11.24117358493705,-5.427533770919847,0.2864573001861572,67.43878421374546,"Sung-hyun Kim","sa3013146",
2024,"Jae-won Lee 이재원","Eagles (KBO)",36,152,0.046052631,0.138157894,0.333333333,0.23880597,0.286666666,0.291044776,0.577711442,0.052238806,0.99812029625,0.264957264,-0.09484305907972157,9.579422776039177,-10.965062435333198,0.266350872964667,46.627708981174656,"Jae-won Lee","sa3013147",
2025,"Jae-won Lee 이재원","Eagles (KBO)",37,151,0.092715231,0.15231788,0.608695652,0.2,0.279720279,0.256,0.535720279,0.056,2.436477299832925,0.23076923,-0.3746615182608366,9.032513234923075,-9.339565675546934,0.2585090048663266,49.16435031081628,"Jae-won Lee","sa3013147",
2023,"Do-hwan Hur 허도환","Twins (KBO)",38,81,0.037037037,0.24691358,0.15,0.140625,0.243243243,0.28125,0.524493243,0.140625,2.64285714,0.162790697,-0.03888494265265763,4.5776646792643705,-4.961407297874149,0.25651825360349706,47.988574677235576,"Do-hwan Hur","sa3013160",
2024,"Do-hwan Hur 허도환","Twins (KBO)",39,105,0.085714285,0.247619047,0.346153846,0.1375,0.3,0.1625,0.4625,0.025,3.341793787126842,0.2,-0.5502448519691825,5.476128664102789,-8.715785462174182,0.25373133659362795,38.58625845236401,"Do-hwan Hur","sa3013160",
2024,"Min-sung Kim 김민성","Giants (KBO)",35,84,0.119047619,0.214285714,0.555555555,0.2,0.321428571,0.357142857,0.678571428,0.157142857,1.3775622920940462,0.235294117,-0.529738244600594,8.944128511192652,-2.409402789828924,0.3168052796806608,78.77838422295864,"Min-sung Kim","sa3013175",
2025,"Min-sung Kim 김민성","Giants (KBO)",36,254,0.129921259,0.188976377,0.6875,0.242990654,0.353174603,0.345794392,0.698968995,0.102803738,1.4817787378063185,0.298780487,-0.7187477611005306,30.097410988029022,-0.8066157885231795,0.33226356468352664,97.3899330519116,"Min-sung Kim","sa3013175",
2023,"Min-sung Kim 김민성","Twins (KBO)",34,315,0.079365079,0.184126984,0.431034482,0.25,0.326797385,0.37867647,0.705473855,0.12867647,2.683763095166444,0.288461538,-0.26126524643041193,36.56919981877026,-0.5271912034350921,0.3341149025493198,98.57886120749717,"Min-sung Kim","sa3013175",
2023,"Hyung-jong Lee 이형종","Heroes (KBO)",34,370,0.105405405,0.21081081,0.5,0.217948717,0.329700272,0.323717948,0.65341822,0.105769231,2.19093405875,0.278969957,-0.27817689743824303,37.96519274093041,-5.6083459200727015,0.3165528334983408,87.12900973293686,"Hyung-jong Lee","sa3013195",
2024,"Hyung-jong Lee 이형종","Heroes (KBO)",35,126,0.174603174,0.214285714,0.814814814,0.215686274,0.36,0.362745098,0.722745098,0.147058824,3.6054843820766806,0.253521126,0.10515694390051067,15.87313666860269,-1.1571602829296752,0.33944557174559564,93.20528416960133,"Hyung-jong Lee","sa3013195",
2025,"Hyung-jong Lee 이형종","Heroes (KBO)",36,82,0.109756097,0.268292682,0.409090909,0.2,0.3,0.328571428,0.628571428,0.128571428,2.444860230132452,0.260869565,0.12395448749884963,7.512584997824732,-2.4643055363377897,0.29847976714372637,75.29986394157979,"Hyung-jong Lee","sa3013195",
2026,"Hyung-jong Lee 이형종","Heroes (KBO)",37,137,0.124087591,0.277372262,0.447368421,0.206896551,0.323529411,0.327586206,0.651115617,0.120689655,4.123276762722522,0.28,0.27361371368169785,13.75126712508346,-3.607931102441297,0.3128809600191958,79.21602682824049,"Hyung-jong Lee","sa3013195",
2026,"Jae-hwan Kim 김재환","Landers (KBO)",37,306,0.147058823,0.287581699,0.511363636,0.210116731,0.333333333,0.381322957,0.71465629,0.171206226,1.5154305419377931,0.261146496,-0.5457179173827171,36.31095408673373,-2.462145603942008,0.33515705489644815,93.64986131213516,"Jae-hwan Kim","sa3013200",
2023,"Jae-hwan Kim 김재환","Bears (KBO)",34,484,0.14876033,0.20661157,0.72,0.219753086,0.342975206,0.330864197,0.673839403,0.111111111,2.316540196829453,0.265993265,-0.02876960881985724,53.150426994583505,-3.848472226836782,0.32593854553997514,93.24816394806706,"Jae-hwan Kim","sa3013200",
2024,"Jae-hwan Kim 김재환","Bears (KBO)",35,552,0.114130434,0.304347826,0.375,0.282700421,0.367753623,0.525316455,0.893070078,0.242616034,1.8522721746353368,0.367132867,-0.6450273299124092,93.33494626763546,18.726026289493667,0.38949658929324543,125.0989108205558,"Jae-hwan Kim","sa3013200",
2025,"Jae-hwan Kim 김재환","Bears (KBO)",36,407,0.14004914,0.235872235,0.59375,0.241279069,0.353808353,0.404069767,0.75787812,0.162790698,4.350423019257698,0.295358649,0.08657876076176763,54.06478369135238,4.545339210814013,0.3502932049260281,109.17889782184525,"Jae-hwan Kim","sa3013200",
2023,"Jae-hoon Choi 최재훈","Eagles (KBO)",33,417,0.134292565,0.115107913,1.166666666,0.247706422,0.392156862,0.293577981,0.685734843,0.045871559,1.08650587688589,0.285714285,-0.6556899626739323,52.422688309862664,3.3141325757051003,0.34664582942568994,106.74858489760054,"Jae-hoon Choi","sa3013205",
2024,"Jae-hoon Choi 최재훈","Eagles (KBO)",34,348,0.094827586,0.166666666,0.568965517,0.257142857,0.370588235,0.335714285,0.70630252,0.078571428,1.3742927775,0.303571428,-0.28709250316023827,43.78854528579908,-3.2475129612903064,0.3392735921284732,93.09569491510004,"Jae-hoon Choi","sa3013205",
2025,"Jae-hoon Choi 최재훈","Eagles (KBO)",35,348,0.132183908,0.137931034,0.958333333,0.286245353,0.414201183,0.353159851,0.767361034,0.066914498,1.5071984535177343,0.336283185,-0.7268723268061876,51.92702595976205,9.586075887950374,0.37088046130344005,122.64020025930469,"Jae-hoon Choi","sa3013205",
2026,"Jae-hoon Choi 최재훈","Eagles (KBO)",36,106,0.075471698,0.179245283,0.421052631,0.16091954,0.278846153,0.16091954,0.439765693,0,2.64285714,0.2,-0.10181117989122868,3.8638583408812033,-9.567346127130653,0.2350229173898697,28.767772466598064,"Jae-hoon Choi","sa3013205",
2023,"Sung-woo Jang 장성우","Wiz (KBO)",33,464,0.090517241,0.150862068,0.6,0.287804878,0.351409978,0.421951219,0.773361197,0.134146341,1.1529953760796792,0.31845238,-0.6018492728471756,62.94539380057558,8.301820993263568,0.3595975879741752,115.19267603993984,"Sung-woo Jang","sa3013216",
2024,"Sung-woo Jang 장성우","Wiz (KBO)",34,489,0.122699386,0.17586912,0.697674418,0.267942583,0.355236139,0.449760765,0.804996904,0.181818182,2.9311175370303735,0.289719626,0.6565143414773047,70.46249359389931,4.368722091523719,0.360481558145319,106.60988470202021,"Sung-woo Jang","sa3013216",
2025,"Sung-woo Jang 장성우","Wiz (KBO)",35,480,0.114583333,0.2,0.572916666,0.246973365,0.332635983,0.380145278,0.712781261,0.133171913,0.9994238131453675,0.282958199,-0.9548890986479819,56.0022254555711,-2.3990849883070733,0.3299727839743816,95.89206993803244,"Sung-woo Jang","sa3013216",
2026,"Sung-woo Jang 장성우","Wiz (KBO)",36,212,0.183962264,0.25,0.735849056,0.205882352,0.358490566,0.423529411,0.782019977,0.217647059,2.745099305295682,0.23853211,0.01042056456208229,29.04206154430623,2.1796526082825167,0.35748013012717217,108.11413679790833,"Sung-woo Jang","sa3013216",
2023,"Sun-bin Kim 김선빈","Tigers (KBO)",33,473,0.080338266,0.054968287,1.461538461,0.319809069,0.380645161,0.357995226,0.738640387,0.038186157,2.2549573361625774,0.338383838,-0.3005571982357651,62.37050359611279,6.667033902452052,0.3546527179338599,111.96879465339802,"Sun-bin Kim","sa3013220",
2024,"Sun-bin Kim 김선빈","Tigers (KBO)",34,466,0.064377682,0.083690987,0.769230769,0.3286052,0.379912663,0.44680851,0.826721173,0.11820331,2.8504498287143742,0.346666666,0.15753600792959332,73.69285148744491,10.70778498415854,0.3767876863219332,117.0005138973694,"Sun-bin Kim","sa3013220",
2025,"Sun-bin Kim 김선빈","Tigers (KBO)",35,308,0.10064935,0.113636363,0.885714285,0.32103321,0.395424836,0.42804428,0.823469116,0.10701107,4.0236907165172076,0.358974358,0.40376285230740905,48.82256135036632,11.348387148877828,0.38256943693348006,130.28322142033235,"Sun-bin Kim","sa3013220",
2026,"Sun-bin Kim 김선빈","Tigers (KBO)",36,334,0.122754491,0.104790419,1.171428571,0.25,0.348348348,0.3125,0.660848348,0.0625,1.1919642775000001,0.280632411,-0.34756230376660824,35.18197545336261,-7.138989568486067,0.31892352398619594,83.1313166776786,"Sun-bin Kim","sa3013220",
2025,"Sun-jin Oh 오선진","Heroes (KBO)",35,163,0.073619631,0.276073619,0.266666666,0.237762237,0.3081761,0.314685314,0.622861414,0.076923077,1.46230158375,0.336734693,-0.16009582206606865,14.51950978787975,-5.312601883687212,0.2952868458609911,73.2121219783982,"Sun-jin Oh","sa3013231",
2023,"Sun-jin Oh 오선진","Eagles (KBO)",33,199,0.120603015,0.170854271,0.705882352,0.23030303,0.341836734,0.266666666,0.6085034,0.036363636,3.228744577062008,0.285714285,0.2175398904364556,18.775149925702724,-4.6603478946746275,0.3057932662112372,80.11415020754363,"Sun-jin Oh","sa3013231",
2023,"Ji-hwan Oh 오지환","Twins (KBO)",33,498,0.126506024,0.164658634,0.768292682,0.267303102,0.370445344,0.393794749,0.764240093,0.126491647,5.313515365822449,0.312312312,-0.37855625827796757,69.15861923269611,10.510991521400028,0.36378432152724943,117.92227909565645,"Ji-hwan Oh","sa3013245",
2024,"Ji-hwan Oh 오지환","Twins (KBO)",34,428,0.119158878,0.247663551,0.481132075,0.254054054,0.349765258,0.41081081,0.760576068,0.156756756,6.2632133812498765,0.329411764,1.1964573168661445,57.280901602466614,-0.568043597976656,0.3485676199897354,99.01805712099258,"Ji-hwan Oh","sa3013245",
2025,"Ji-hwan Oh 오지환","Twins (KBO)",35,472,0.07838983,0.243644067,0.32173913,0.252983293,0.313978494,0.429594272,0.743572766,0.176610979,3.9482545588325264,0.306122448,-1.6342784757725894,57.60242527193909,0.17447000212554822,0.3367199436310799,100.30380674587114,"Ji-hwan Oh","sa3013245",
2026,"Ji-hwan Oh 오지환","Twins (KBO)",36,288,0.100694444,0.197916666,0.508771929,0.255060728,0.336879432,0.376518218,0.71339765,0.12145749,3.196232404106149,0.301075268,-0.37898082844913006,33.581293695899035,-2.9110354247369523,0.3326461004449966,92.02288400087131,"Ji-hwan Oh","sa3013245",
2023,"Ju-hyeon Jung 정주현","Twins (KBO)",32,101,0.08910891,0.158415841,0.5625,0.272727272,0.336734693,0.329545454,0.666280147,0.056818182,4.09719141249985,0.319444444,-1.9846452209167182,10.6219683637095,-1.2724300275372957,0.3198862422485741,89.302275023227,"Ju-hyeon Jung","sa3013251",
2023,"Eun-seong Chae 채은성","Eagles (KBO)",33,596,0.087248322,0.171140939,0.509803921,0.262955854,0.35067114,0.428023032,0.778694172,0.165067178,1.3250860525,0.285714285,-0.4815750590059906,81.4183915066429,11.229664366216268,0.36083471916970755,115.99924207736248,"Eun-seong Chae","sa3013253",
2024,"Eun-seong Chae 채은성","Eagles (KBO)",34,498,0.098393574,0.166666666,0.590361445,0.270642201,0.351405622,0.463302752,0.814708374,0.192660551,1.8079241936962385,0.289940828,-0.611704092938453,73.1417241333566,5.831502848728691,0.3637045098982107,108.66362156806706,"Eun-seong Chae","sa3013253",
2025,"Eun-seong Chae 채은성","Eagles (KBO)",35,527,0.058823529,0.182163187,0.322916666,0.2875,0.347328244,0.466666666,0.81399491,0.179166666,1.8933780171314107,0.326027397,-1.181461981497705,77.07871227033587,12.958940178827968,0.36716459321148825,120.2105212731164,"Eun-seong Chae","sa3013253",
2026,"Eun-seong Chae 채은성","Eagles (KBO)",36,115,0.069565217,0.182608695,0.38095238,0.245098039,0.313043478,0.333333333,0.646376811,0.088235294,3.0258291102200454,0.283950617,0.09116736240684986,10.686438573376192,-3.8851511796555407,0.3038084724675054,73.3374927135373,"Eun-seong Chae","sa3013253",
2023,"Kun-woo Park 박건우","Dinos (KBO)",32,533,0.105065666,0.133208255,0.788732394,0.318777292,0.396616541,0.480349344,0.876965885,0.161572052,3.6823898994346855,0.348958333,-1.1824680778663605,91.1600125525529,28.390563616567324,0.40566944594221904,145.22990737981624,"Kun-woo Park","sa3013255",
2024,"Kun-woo Park 박건우","Dinos (KBO)",33,362,0.09116022,0.14917127,0.611111111,0.34365325,0.408839779,0.541795665,0.950635444,0.198142415,4.495103352076012,0.379844961,0.5231608124449849,70.64781090470977,21.719497440783453,0.4197710095009764,144.39044778601806,"Kun-woo Park","sa3013255",
2025,"Kun-woo Park 박건우","Dinos (KBO)",34,442,0.106334841,0.142533936,0.746031746,0.2890625,0.369614512,0.427083333,0.796697845,0.138020833,3.0237712061682243,0.321766561,-1.0306053427048028,64.08895624235072,10.311082875279565,0.365578558015932,119.17346713377692,"Kun-woo Park","sa3013255",
2026,"Kun-woo Park 박건우","Dinos (KBO)",35,336,0.122023809,0.178571428,0.683333333,0.294736842,0.375,0.505263157,0.880263157,0.210526315,3.3128297056495764,0.311926605,0.17186895571649075,54.26849676378553,11.694112789710214,0.3873486335183919,127.46748560550184,"Kun-woo Park","sa3013255",
2023,"Soo-bin Jung 정수빈","Bears (KBO)",32,583,0.109777015,0.108061749,1.015873015,0.287148594,0.374781085,0.371485943,0.746267028,0.084337349,7.780460501489628,0.324137931,3.6917891330085695,77.81270323260219,9.15493826134593,0.3567469540395235,113.33416295327801,"Soo-bin Jung","sa3013258",
2024,"Soo-bin Jung 정수빈","Bears (KBO)",33,608,0.116776315,0.118421052,0.986111111,0.284313725,0.37625418,0.360784313,0.737038493,0.076470588,6.975058990697816,0.319004524,3.6774558341130614,80.54575377885523,-1.632187066634259,0.34699168786331636,98.01383795962582,"Soo-bin Jung","sa3013258",
2025,"Soo-bin Jung 정수빈","Bears (KBO)",34,546,0.111721611,0.104395604,1.070175438,0.257575757,0.355018587,0.348484848,0.703503435,0.090909091,6.56978337689141,0.280397022,-1.0498690553940833,65.00472291768514,-1.4267677122262834,0.3329706501160095,97.85227201934279,"Soo-bin Jung","sa3013258",
2026,"Soo-bin Jung 정수빈","Bears (KBO)",35,354,0.110169491,0.141242937,0.78,0.26821192,0.358381502,0.38410596,0.742487462,0.11589404,6.741823906492115,0.303643724,0.3808012306690216,45.46711873003636,0.6119641859212962,0.34706295780513596,101.36431184362417,"Soo-bin Jung","sa3013258",
2023,"Dong-won Park 박동원","Twins (KBO)",33,477,0.102725366,0.188679245,0.544444444,0.251851851,0.336886993,0.44691358,0.783800573,0.195061729,1.8331091387084275,0.270627062,-0.7689466320443898,64.7440780449414,8.569543068459007,0.3596935035588915,115.25520962843157,"Dong-won Park","sa3013271",
2024,"Dong-won Park 박동원","Twins (KBO)",34,498,0.110441767,0.224899598,0.491071428,0.2718894,0.348790322,0.460829493,0.809619815,0.188940093,1.8017329675444027,0.317152103,-0.13066904083825648,71.3371512758986,4.026929991270685,0.35949722028936937,105.98264262754749,"Dong-won Park","sa3013271",
2025,"Dong-won Park 박동원","Twins (KBO)",35,523,0.118546845,0.23709369,0.5,0.252771618,0.342307692,0.454545454,0.796853146,0.201773836,2.6985602249995013,0.296774193,0.291695776861161,73.18645297037672,9.553358465901132,0.35921597480773926,115.01319170518917,"Dong-won Park","sa3013271",
2026,"Dong-won Park 박동원","Twins (KBO)",36,281,0.135231316,0.241992882,0.558823529,0.234782608,0.349090909,0.413043478,0.762134387,0.17826087,2.090838073029498,0.283870967,-0.9579164553433657,36.70538312804395,1.1000203402012014,0.34972545166155355,103.08947937633933,"Dong-won Park","sa3013271",
2023,"Ji-young Lee 이지영","Heroes (KBO)",37,234,0.051282051,0.166666666,0.307692307,0.247663551,0.290748898,0.294392523,0.585141421,0.046728972,3.3053439369709467,0.302857142,-0.38947766297496855,17.486397748398645,-10.070921296668187,0.28024049293627296,63.45464056137554,"Ji-young Lee","sa3013276",
2024,"Ji-young Lee 이지영","Landers (KBO)",38,432,0.041666666,0.081018518,0.514285714,0.278894472,0.32,0.349246231,0.669246231,0.070351759,4.521767487901191,0.294444444,0.8164925130549818,43.241370365069734,-15.148219183041228,0.3093954007765826,74.05664382935998,"Ji-young Lee","sa3013276",
2025,"Ji-young Lee 이지영","Landers (KBO)",39,216,0.050925925,0.101851851,0.5,0.23857868,0.283018867,0.324873096,0.607891963,0.086294416,3.194075846570911,0.252873563,-0.2306950530037284,17.001210358383368,-9.27937934136181,0.28225513111870243,64.6911296611743,"Ji-young Lee","sa3013276",
2026,"Chi-hong An 안치홍","Heroes (KBO)",35,327,0.100917431,0.137614678,0.733333333,0.275862068,0.351681957,0.379310344,0.730992301,0.103448276,0.9781375087499999,0.307053941,-0.33351938240230083,39.98964326391425,-1.4443554251411885,0.339577476978302,96.5140815010869,"Chi-hong An","sa3013286",
2023,"Chi-hong An 안치홍","Giants (KBO)",32,494,0.099190283,0.107287449,0.924528301,0.291764705,0.374233128,0.4,0.774233128,0.108235295,2.7850966569153446,0.314363143,-1.1086100002285093,69.00351756086545,10.826955132391015,0.36483994776329387,118.61051028187217,"Chi-hong An","sa3013286",
2024,"Chi-hong An 안치홍","Eagles (KBO)",33,533,0.091932457,0.131332082,0.7,0.300211416,0.370300751,0.42706131,0.797362061,0.126849894,2.327963951570159,0.327411167,-0.7722022426314652,78.23073439417514,6.189875067454909,0.3635923844497307,108.59217272712218,"Chi-hong An","sa3013286",
2025,"Chi-hong An 안치홍","Eagles (KBO)",34,196,0.081632653,0.198979591,0.41025641,0.172413793,0.244791666,0.229885057,0.474676723,0.057471264,3.1115808112652177,0.208955223,0.4439065824262798,6.558969982829734,-17.288231781753854,0.22538263295826158,27.50414932359367,"Chi-hong An","sa3013286",
2023,"Bo-keun Jeong 정보근","Giants (KBO)",23,101,0.138613861,0.128712871,1.076923076,0.333333333,0.43298969,0.469135802,0.902125492,0.135802469,2.8303571400000003,0.382352941,-0.1016990807838738,18.574286741416802,6.679888350170007,0.4224342212234576,156.15995135227521,"Bo-keun Jeong","sa3014210",
2024,"Bo-keun Jeong 정보근","Giants (KBO)",24,140,0.021428571,0.221428571,0.096774193,0.225563909,0.242647058,0.285714285,0.528361343,0.060150376,2.17914745875,0.28,-0.07689977763220668,5.792565384513085,-13.129986783856207,0.24121719335808472,30.61196678424735,"Bo-keun Jeong","sa3014210",
2025,"Bo-keun Jeong 정보근","Giants (KBO)",25,152,0.118421052,0.256578947,0.461538461,0.186046511,0.29054054,0.255813953,0.546354493,0.069767442,1.64285714,0.258426966,-0.14408623985946178,9.912264791285262,-8.581483515942827,0.2652895580343649,53.59792199297508,"Bo-keun Jeong","sa3014210",
2023,"Jun-su Han 한준수","Tigers (KBO)",24,94,0.074468085,0.276595744,0.269230769,0.255813953,0.311827956,0.372093023,0.683920979,0.11627907,1.13822750875,0.344827586,-0.0687964370008558,10.057881490030628,-1.0121526562782712,0.3222706490947354,90.85682444244532,"Jun-su Han","sa3014211",
2024,"Jun-su Han 한준수","Tigers (KBO)",25,316,0.066455696,0.151898734,0.4375,0.306620209,0.351265822,0.456445993,0.807711815,0.149825784,1.4786414525,0.340336134,-0.20762939960695803,45.10650834397414,2.395604878226306,0.3589106762219989,105.60888364290273,"Jun-su Han","sa3014211",
2025,"Jun-su Han 한준수","Tigers (KBO)",26,276,0.094202898,0.173913043,0.541666666,0.225409836,0.304347826,0.368852459,0.673200285,0.143442623,2.4638030837500002,0.25,-0.2521509197540581,27.834983954457133,-5.745769550772814,0.3100873947143555,82.88969439033596,"Jun-su Han","sa3014211",
2026,"Jun-su Han 한준수","Tigers (KBO)",27,270,0.137037037,0.144444444,0.948717948,0.309090909,0.421052631,0.472727272,0.893779903,0.163636363,1.2869769093253969,0.350282485,-0.7527393810451031,48.603642241695304,14.392083691099064,0.409881812830766,142.0678983970119,"Jun-su Han","sa3014211",
2026,"Woo-hyun Yang 양우현","Lions (KBO)",26,106,0.113207547,0.226415094,0.5,0.170454545,0.276190476,0.25,0.526190476,0.079545455,4.56429070842389,0.212121212,-0.13507409393787384,5.836603211279882,-7.594601256731974,0.25769092241923014,43.455545816315315,"Woo-hyun Yang","sa3014212",
2023,"Hyeon-woo Kang 강현우","Wiz (KBO)",22,111,0.054054054,0.153153153,0.352941176,0.194174757,0.245454545,0.281553398,0.527007943,0.087378641,2.694341906680578,0.223529411,-0.47880513686686754,5.857789993755892,-7.214271604545042,0.2516452133655548,44.81152379604201,"Hyeon-woo Kang","sa3014272",
2023,"Gweon-su An 안권수","Giants (KBO)",30,309,0.097087378,0.129449838,0.75,0.268656716,0.341059602,0.320895522,0.661955124,0.052238806,5.59286235520433,0.305676855,-0.2110518899280578,32.14103035604695,-4.248762741925921,0.31838620105059046,88.32430090908485,"Gweon-su An","sa3014276",
2023,"Ji-chan Kim 김지찬","Lions (KBO)",22,355,0.135211267,0.10140845,1.333333333,0.292096219,0.408045977,0.329896907,0.737942884,0.037800688,6.383805902740377,0.330708661,1.7772127168718725,49.74908142114957,7.942037570727669,0.365432584594036,118.9968886562342,"Ji-chan Kim","sa3014279",
2024,"Ji-chan Kim 김지찬","Lions (KBO)",23,535,0.112149532,0.074766355,1.5,0.315673289,0.405353728,0.38410596,0.789459688,0.068432671,7.545003768571707,0.340632603,6.004207947291434,82.16429781056566,9.853116310011567,0.3714920132494247,113.62599269649061,"Ji-chan Kim","sa3014279",
2025,"Ji-chan Kim 김지찬","Lions (KBO)",24,373,0.101876675,0.117962466,0.863636363,0.280757097,0.363636363,0.321766561,0.685402924,0.041009464,7.001894276645409,0.322463768,2.6239843596704304,43.23848878009465,-2.14419621066901,0.3290295154266778,95.27529891388002,"Ji-chan Kim","sa3014279",
2026,"Ji-chan Kim 김지찬","Lions (KBO)",25,332,0.129518072,0.069277108,1.869565217,0.312727272,0.407407407,0.349090909,0.756498316,0.036363637,6.66154609193927,0.337254901,1.2157304976135492,47.12832666193008,5.060780592308036,0.3635237800078495,112.0301302670054,"Ji-chan Kim","sa3014279",
2023,"Ji-hoon Choi 최지훈","Landers (KBO)",25,503,0.057654075,0.099403578,0.58,0.268398268,0.315151515,0.357142857,0.672294372,0.088744589,7.84355478307001,0.296836982,2.982159788021818,51.67622012445295,-7.560239190370196,0.3167187567913171,87.23718588548667,"Ji-hoon Choi","sa3014282",
2024,"Ji-hoon Choi 최지훈","Landers (KBO)",26,543,0.092081031,0.130755064,0.704225352,0.275362318,0.344506517,0.418219461,0.762725978,0.142857143,8.031390037898504,0.302729528,3.6359592059161514,71.64297860384511,-1.74949159204437,0.34636775175286405,97.61625192969407,"Ji-hoon Choi","sa3014282",
2025,"Ji-hoon Choi 최지훈","Landers (KBO)",27,574,0.074912891,0.151567944,0.494252873,0.284332688,0.342105263,0.371373307,0.71347857,0.087040619,5.996701824573501,0.327102803,1.9215754522010684,67.30926115595818,-2.528972583179463,0.33071719319887566,96.37881365581813,"Ji-hoon Choi","sa3014282",
2026,"Ji-hoon Choi 최지훈","Landers (KBO)",28,357,0.061624649,0.140056022,0.44,0.239263803,0.290140845,0.414110429,0.704251274,0.174846626,8.058785854994305,0.251851851,2.1472274512052536,36.84843516869705,-8.38684780375797,0.3163433672676624,81.45949963689858,"Ji-hoon Choi","sa3014282",
2024,"Jeong-won Choi 최정원","Dinos (KBO)",24,155,0.109677419,0.219354838,0.5,0.282442748,0.376623376,0.34351145,0.720134826,0.061068702,5.422293208515953,0.367346938,-0.168708105571568,20.055267636985395,-0.8947008351377523,0.34340660835241343,95.72934519530052,"Jeong-won Choi","sa3014290",
2025,"Jeong-won Choi 최정원","Dinos (KBO)",25,155,0.116129032,0.141935483,0.818181818,0.275,0.417218543,0.3,0.717218543,0.025,7.069869958241032,0.333333333,3.176404668018222,21.72758180664807,2.8688253091457447,0.3595202790190842,115.21216581552285,"Jeong-won Choi","sa3014290",
2026,"Jeong-won Choi 최정원","Dinos (KBO)",26,138,0.072463768,0.18115942,0.4,0.264957264,0.348484848,0.29059829,0.639083138,0.025641026,7.000337723741979,0.336956521,2.1949558053165674,13.886657851223536,-3.5992498524145415,0.3131900194919471,79.41628245203599,"Jeong-won Choi","sa3014290",
2023,"Kyu-sung Kim 김규성","Tigers (KBO)",26,177,0.073446327,0.242937853,0.302325581,0.234177215,0.296511627,0.32278481,0.619296437,0.088607595,6.747861485974495,0.309734513,0.2364074452780187,15.354255359869859,-5.490383404988386,0.2958944238895594,73.66045309336535,"Kyu-sung Kim","sa3014306",
2025,"Kyu-sung Kim 김규성","Tigers (KBO)",28,222,0.094594594,0.22072072,0.428571428,0.233160621,0.313364055,0.300518134,0.613882189,0.067357513,4.469351013690336,0.295774647,-0.10529667651280761,19.60101374140162,-7.409592338892036,0.29430150491301366,72.5678412514486,"Kyu-sung Kim","sa3014306",
2026,"Kyu-sung Kim 김규성","Tigers (KBO)",29,171,0.087719298,0.198830409,0.44117647,0.229729729,0.299401197,0.297297297,0.596698494,0.067567568,7.0907549499437845,0.29059829,0.6525493375957012,12.957776839472182,-8.709543575905435,0.28292084703902287,59.803319427887615,"Kyu-sung Kim","sa3014306",
2024,"Sang-kwon Byeon 변상권","Heroes (KBO)",27,232,0.047413793,0.219827586,0.215686274,0.251141552,0.288793103,0.342465753,0.631258856,0.091324201,1.644906315,0.304878048,-0.14867290342226624,19.035838379984426,-12.321533784741831,0.2884442495374844,60.706102156729,"Sang-kwon Byeon","sa3014307",
2025,"Suk-hyun Han 한석현","Dinos (KBO)",31,138,0.086956521,0.195652173,0.444444444,0.194690265,0.305970149,0.31858407,0.624554219,0.123893805,3.7304498300445577,0.223529411,-0.36265433160588145,12.689050246592156,-4.101326506022818,0.29889802790399805,75.57335033959815,"Suk-hyun Han","sa3014319",
2026,"Suk-hyun Han 한석현","Dinos (KBO)",32,136,0.051470588,0.169117647,0.304347826,0.280991735,0.328244274,0.3553719,0.683616174,0.074380165,3.4108275835021153,0.329896907,-0.18422431871294975,14.358078265129762,-2.874410486281674,0.3192144427590698,83.31981800338477,"Suk-hyun Han","sa3014319",
2023,"Ho-cheol Seo 서호철","Dinos (KBO)",26,435,0.045977011,0.117241379,0.392156862,0.28463476,0.328671328,0.380352644,0.709023972,0.095717884,4.046853932389492,0.313043478,-1.6418840633705258,50.029451153304464,-1.1988983535505437,0.3327050661985135,97.6596974817818,"Ho-cheol Seo","sa3014321",
2024,"Ho-cheol Seo 서호철","Dinos (KBO)",27,567,0.052910052,0.178130511,0.297029702,0.28515625,0.342245989,0.392578125,0.734824114,0.107421875,3.153973032738095,0.336633663,-1.6455473229289055,70.3877540951633,-6.248582186732339,0.33731313801491747,91.84644975231092,"Ho-cheol Seo","sa3014321",
2025,"Ho-cheol Seo 서호철","Dinos (KBO)",28,292,0.02739726,0.174657534,0.156862745,0.266159695,0.301418439,0.33460076,0.636019199,0.068441065,4.493243255658146,0.31455399,-0.1879030941054225,25.99006837637462,-9.537395476984605,0.29519927966679244,73.15486544057713,"Ho-cheol Seo","sa3014321",
2026,"Ho-cheol Seo 서호철","Dinos (KBO)",29,139,0.100719424,0.201438848,0.5,0.225,0.305970149,0.308333333,0.614303482,0.083333333,3.7754605894548847,0.277777777,0.07712444104254246,11.725211834748212,-5.8874053450031845,0.2933683493244114,66.57279673476508,"Ho-cheol Seo","sa3014321",
2025,"Seong Ho Cheon 천성호","Twins (KBO)",27,118,0.059322033,0.144067796,0.411764705,0.254716981,0.307017543,0.339622641,0.646640184,0.08490566,6.607440365175837,0.295454545,0.48393053794279695,11.14462957078845,-3.212359246664935,0.30203593195530404,77.62511841786934,"Seong Ho Cheon","sa3014323",
2026,"Seong Ho Cheon 천성호","Twins (KBO)",28,221,0.063348416,0.149321266,0.424242424,0.277227722,0.333333333,0.371287128,0.704620461,0.094059406,6.022410433994354,0.327380952,0.35258254408836365,24.659418862189614,-3.3433753588539727,0.3265309555268069,88.06056519766342,"Seong Ho Cheon","sa3014323",
2024,"Seong Ho Cheon 천성호","Wiz (KBO)",26,255,0.070588235,0.16862745,0.418604651,0.294871794,0.346456692,0.367521367,0.713978059,0.072649573,7.270935869115425,0.356020942,1.2051872508600354,30.199669081391885,-4.2664080824236095,0.3306827655458075,87.62142827527022,"Seong Ho Cheon","sa3014323",
2025,"Seong Ho Cheon 천성호","Wiz (KBO)",27,81,0.12345679,0.148148148,0.833333333,0.208955223,0.345679012,0.313432835,0.659111847,0.104477612,4.820960449626842,0.254545454,-0.5186279835179448,8.915274893192018,-0.9399462442124238,0.3216689148066956,90.46245405245187,"Seong Ho Cheon","sa3014323",
2023,"Chan Yeol Yang 양찬열","Bears (KBO)",26,99,0.09090909,0.232323232,0.391304347,0.238636363,0.313131313,0.306818181,0.619949494,0.068181818,7.4053301928846365,0.318181818,-0.31872532214038074,8.792623486150818,-2.86624226368515,0.2985867743540292,75.41577092329521,"Chan Yeol Yang","sa3014326",
2023,"In Ho Choi 최인호","Eagles (KBO)",23,148,0.067567567,0.148648648,0.454545454,0.297709923,0.363013698,0.427480916,0.790494614,0.129770993,6.430148499337754,0.342592592,0.07138057728298008,21.224140388763423,3.7947249243621757,0.3696890546850962,121.77195748252558,"In Ho Choi","sa3014330",
2024,"In Ho Choi 최인호","Eagles (KBO)",24,244,0.102459016,0.12704918,0.806451612,0.285714285,0.366666666,0.395238095,0.761904761,0.10952381,5.869586165355628,0.324022346,0.41800386854447424,33.447126881627376,0.46782167389803764,0.35233470996220906,101.4185310180167,"In Ho Choi","sa3014330",
2025,"In Ho Choi 최인호","Eagles (KBO)",25,159,0.081761006,0.182389937,0.448275862,0.258992805,0.341772151,0.366906474,0.708678625,0.107913669,1.7628635366034866,0.311926605,0.02789699425920844,18.941871921444765,-0.4035621630898815,0.33306492506703245,97.91391518367375,"In Ho Choi","sa3014330",
2023,"Jung Hyun Park 박정현","Eagles (KBO)",21,113,0.026548672,0.31858407,0.083333333,0.18095238,0.218181818,0.295238095,0.513419913,0.114285715,2.64285714,0.253731343,-0.04785839095711708,5.031003165682703,-8.276591074029058,0.24089920574968512,37.80550469948559,"Jung Hyun Park","sa3014331",
2023,"Su-hwan Kim 김수환","Heroes (KBO)",25,114,0.096491228,0.315789473,0.305555555,0.216494845,0.31858407,0.319587628,0.638171698,0.103092783,0.76785714,0.316666666,-0.08973448304459453,11.176516496585402,-2.2488440638317737,0.3106020124612656,83.24928366942947,"Su-hwan Kim","sa3014337",
2026,"Ji Hoon Park 박지훈","Bears (KBO)",25,221,0.090497737,0.149321266,0.606060606,0.251336898,0.33649289,0.294117647,0.630610537,0.042780749,6.165413190280985,0.305194805,0.320985971018672,21.044230973086034,-6.958563247957551,0.306606482555516,75.15046822460195,"Ji Hoon Park","sa3014342",
2025,"Myeong Jin Oh 오명진","Bears (KBO)",23,371,0.07277628,0.253369272,0.287234042,0.262839879,0.321428571,0.365558912,0.686987483,0.102719033,5.140156165570564,0.351694915,-0.6679510110989213,39.55634287768367,-5.58300331956384,0.3173395424834953,87.63162564391712,"Myeong Jin Oh","sa3014344",
2026,"Myeong Jin Oh 오명진","Bears (KBO)",24,123,0.113821138,0.178861788,0.636363636,0.264150943,0.344262295,0.415094339,0.759356634,0.150943396,4.531022206599633,0.309523809,-1.461282355710864,15.484806948321383,-0.10045861361690228,0.34396259400470197,99.35542571785085,"Myeong Jin Oh","sa3014344",
2023,"Jae-won Lee 이재원","Twins (KBO)",23,129,0.093023255,0.310077519,0.3,0.214285714,0.294573643,0.366071428,0.660645071,0.151785714,4.301628671855283,0.28169014,-0.1187253191601485,11.87749507175041,-3.3143602992479737,0.3028316920197855,78.18330797451398,"Jae-won Lee","sa3014346",
2024,"Jong Pyo Hong 홍종표","Tigers (KBO)",24,115,0.052173913,0.269565217,0.193548387,0.295238095,0.339285714,0.39047619,0.729761904,0.095238095,8.066822240684886,0.418918918,-0.03640654101036489,13.912966020357134,-1.6305589750890728,0.3336460856454713,89.50972205103554,"Jong Pyo Hong","sa3014355",
2025,"Ju Hong Park 박주홍","Heroes (KBO)",24,283,0.106007067,0.254416961,0.416666666,0.225806451,0.30960854,0.330645161,0.640253701,0.10483871,7.18017244714696,0.302857142,1.4892570627853274,26.62459091720584,-7.807848365330668,0.3015756407666461,77.3241497610346,"Ju Hong Park","sa3014359",
2026,"Ju Hong Park 박주홍","Heroes (KBO)",25,159,0.125786163,0.270440251,0.465116279,0.237037037,0.352201257,0.34074074,0.692941997,0.103703703,5.601682172328433,0.333333333,0.4349956829100847,18.602647171172837,-1.5441595308449465,0.3331285107810542,92.3354626185484,"Ju Hong Park","sa3014359",
2025,"Min Park 박민","Tigers (KBO)",24,105,0.047619047,0.314285714,0.151515151,0.202127659,0.264705882,0.287234042,0.551939924,0.085106383,4.361151379261674,0.3,0.1159496963955462,6.562036041554961,-6.213250618043389,0.2618747236681919,51.36507865852671,"Min Park","sa3014371",
2026,"Min Park 박민","Tigers (KBO)",25,183,0.076502732,0.169398907,0.451612903,0.2,0.272727272,0.2875,0.560227272,0.0875,4.995785425539952,0.23015873,0.8595708012580872,11.489637144926037,-11.698196983811412,0.2670970796184106,49.55028176041052,"Min Park","sa3014371",
2025,"Hyo Seung Ryu 류효승","Landers (KBO)",28,103,0.067961165,0.27184466,0.25,0.287234042,0.349514563,0.531914893,0.881429456,0.244680851,2.798265760918124,0.35,-0.5306351701729,17.34744474863155,4.8154968825493585,0.3950223656533991,138.42576536391869,"Hyo Seung Ryu","sa3014398",
2024,"Si Won Park 박시원","Dinos (KBO)",23,158,0.088607594,0.29113924,0.304347826,0.234042553,0.301282051,0.326241134,0.627523185,0.092198581,5.861464028586784,0.329787234,0.500030298018828,13.440478441053108,-7.914973291820811,0.29194520566708004,62.936989622950726,"Si Won Park","sa3014404",
2023,"Ho-yeon Lee 이호연","Wiz (KBO)",28,234,0.068376068,0.175213675,0.390243902,0.278301886,0.339055793,0.353773584,0.692829377,0.075471698,4.5830189554773675,0.331360946,-0.24734474485740066,26.550711132008548,-1.0066079130582857,0.3306919571667782,96.347221181378,"Ho-yeon Lee","sa3014412",
2023,"Ju Hyoung Lee 이주형","Heroes (KBO)",22,227,0.08370044,0.211453744,0.395833333,0.33,0.395555555,0.515,0.910555555,0.185,5.7763932735737935,0.405405405,-0.016398001927882433,40.5110870512312,13.778132251102264,0.41534783674462494,151.53987785531217,"Ju Hyoung Lee","sa3014742",
2024,"Ju Hyoung Lee 이주형","Heroes (KBO)",23,537,0.091247672,0.221601489,0.411764705,0.266384778,0.351955307,0.401691331,0.753646638,0.135306553,5.566955564125253,0.330409356,0.8078111519571394,70.92114899826049,-1.6603546761274453,0.34651868078690856,97.71242728233345,"Ju Hyoung Lee","sa3014742",
2025,"Ju Hyoung Lee 이주형","Heroes (KBO)",24,514,0.071984435,0.223735408,0.32173913,0.239910313,0.336594911,0.367713004,0.704307915,0.127802691,5.29854551976543,0.3,2.025098968297243,60.51088596555173,-2.0271839681011423,0.33129784213067975,96.75848012218509,"Ju Hyoung Lee","sa3014742",
2026,"Ju Hyoung Lee 이주형","Heroes (KBO)",25,103,0.048543689,0.203883495,0.238095238,0.244680851,0.303921568,0.425531914,0.729453482,0.180851063,7.654515580267914,0.295774647,0.7332961354404688,11.840353559944193,-1.210722479727705,0.3306402628328286,90.72319802560783,"Ju Hyoung Lee","sa3014742",
2025,"Dong Jin Kwon 권동진","Wiz (KBO)",26,309,0.097087378,0.294498381,0.329670329,0.22509225,0.303630363,0.302583025,0.606213388,0.077490775,5.4796184418156955,0.333333333,-0.13475733436644077,25.877486606312566,-11.718356991934009,0.28858606610754534,68.83071140214942,"Dong Jin Kwon","sa3014744",
2026,"Dong Jin Kwon 권동진","Wiz (KBO)",27,165,0.133333333,0.236363636,0.564102564,0.299270072,0.403726708,0.430656934,0.834383642,0.131386862,5.6955718399042174,0.412371134,-0.42986381612718105,26.940768070651675,6.033704511953975,0.38949718904791414,128.85964590395022,"Dong Jin Kwon","sa3014744",
2025,"Jae Seok An 안재석","Bears (KBO)",23,147,0.074829931,0.183673469,0.407407407,0.318518518,0.369863013,0.54074074,0.910603753,0.222222222,5.2271443642509885,0.375,-0.1586519330739975,25.97113778187745,8.085736458439758,0.4053957750057352,145.20858275538896,"Jae Seok An","sa3014749",
2026,"Jae Seok An 안재석","Bears (KBO)",24,231,0.069264069,0.177489177,0.390243902,0.267942583,0.326086956,0.435406698,0.761493654,0.167464115,5.713724398621575,0.304878048,0.610420573502779,29.262108032905346,-0.007780949271434802,0.3449163545732913,99.97341653985715,"Jae Seok An","sa3014749",
2024,"Jae Young Jang 장재영","Heroes (KBO)",22,139,0.122302158,0.460431654,0.265625,0.168067226,0.287769784,0.294117647,0.581887431,0.126050421,1.41179653375,0.31372549,-0.08458975539542735,10.292388161969019,-8.495002919483351,0.27914982648204556,54.78348812427745,"Jae Young Jang","sa3014751",
2024,"Myeong Jun Ko 고명준","Landers (KBO)",21,366,0.06830601,0.245901639,0.277777777,0.25,0.303278688,0.385294117,0.688572805,0.135294117,1.9256699627811709,0.30962343,-1.5368962509091944,37.544756213542655,-11.924201598051356,0.31228127538180744,75.89558760573549,"Myeong Jun Ko","sa3014774",
2025,"Myeong Jun Ko 고명준","Landers (KBO)",22,500,0.04,0.198,0.202020202,0.278131634,0.306,0.433121019,0.739121019,0.154989385,2.5750881527047356,0.314917127,-0.05627308692783117,58.996579002808886,-1.83811937623088,0.3316343356229977,96.97850170181135,"Myeong Jun Ko","sa3014774",
2026,"Myeong Jun Ko 고명준","Landers (KBO)",23,163,0.073619631,0.220858895,0.333333333,0.28,0.331288343,0.513333333,0.844621676,0.233333333,2.200763271816992,0.311320754,0.07010298036038876,24.654016253827265,4.0003716473562045,0.3748497948324753,119.36884130417754,"Myeong Jun Ko","sa3014774",
2025,"Doo-sung Chang 장두성","Giants (KBO)",25,284,0.084507042,0.225352112,0.375,0.262096774,0.332129963,0.298387096,0.630517059,0.036290322,7.977113074985515,0.349462365,0.9029176263138652,26.87197755760792,-7.682131121686667,0.3022541771726918,77.7678214970426,"Doo-sung Chang","sa3014778",
2026,"Doo-sung Chang 장두성","Giants (KBO)",26,165,0.042424242,0.224242424,0.189189189,0.267973856,0.306748466,0.307189542,0.613938008,0.039215686,7.968747940066494,0.35042735,2.8420171793550253,13.382912424963697,-7.524151133734002,0.2894153437731456,64.01143990111503,"Doo-sung Chang","sa3014778",
2023,"Bo-gyeong Moon 문보경","Twins (KBO)",22,538,0.107806691,0.152416356,0.707317073,0.301075268,0.378071833,0.449462365,0.827534198,0.148387097,5.050096707295641,0.344827586,-2.0124941715039313,83.21910994084114,19.86082940132851,0.3843752749730785,131.3468566889888,"Bo-gyeong Moon","sa3015048",
2024,"Bo-gyeong Moon 문보경","Twins (KBO)",23,602,0.107973421,0.186046511,0.580357142,0.300578034,0.372287145,0.506743737,0.879030882,0.206165703,3.711039170855914,0.336683417,-1.8809624835848808,99.66386877839514,18.296894454407184,0.38539750183988736,122.48688071102704,"Bo-gyeong Moon","sa3015048",
2025,"Bo-gyeong Moon 문보경","Twins (KBO)",24,607,0.13014827,0.177924217,0.731481481,0.275728155,0.370675453,0.460194174,0.830869627,0.184466019,3.2635496194280806,0.301020408,-0.5349968895316124,93.54398914114458,19.690665308990297,0.3770310410995357,126.66185391160063,"Bo-gyeong Moon","sa3015048",
2026,"Bo-gyeong Moon 문보경","Twins (KBO)",25,263,0.152091254,0.197718631,0.769230769,0.253456221,0.365019011,0.382488479,0.74750749,0.129032258,0.7962662275000001,0.294478527,-0.2773476969450712,33.5957928836525,0.2712006658495008,0.3462133629963948,100.81381540718333,"Bo-gyeong Moon","sa3015048",
2024,"Seung Yeup Na 나승엽","Giants (KBO)",22,489,0.141104294,0.169734151,0.831325301,0.312039312,0.410677618,0.469287469,0.879965087,0.157248157,3.4551610148574037,0.37037037,-0.19218886294402182,86.5706055290383,20.47683402666271,0.39872818240903535,130.98148821167922,"Seung Yeup Na","sa3015054",
2025,"Seung Yeup Na 나승엽","Giants (KBO)",23,392,0.140306122,0.165816326,0.846153846,0.228658536,0.347043701,0.359756097,0.706799798,0.131097561,2.11909680875,0.258823529,-0.4402635106816888,46.83673377052894,-0.857669758638239,0.33350511330350735,98.20173920801057,"Seung Yeup Na","sa3015054",
2026,"Seung Yeup Na 나승엽","Giants (KBO)",24,192,0.09375,0.161458333,0.580645161,0.239766081,0.307291666,0.368421052,0.675712718,0.128654971,2.425267381231458,0.260869565,0.03499567694962025,19.047591184139595,-5.280628229617731,0.31145832252999145,78.29422638867028,"Seung Yeup Na","sa3015054",
2023,"Whee Jip Kim 김휘집","Heroes (KBO)",21,435,0.110344827,0.222988505,0.49484536,0.249322493,0.337995337,0.373983739,0.711979076,0.124661246,1.31709955875,0.309963099,-0.343982185004279,51.590799142281774,0.3624496354267623,0.33737988919367046,100.70751769072368,"Whee Jip Kim","sa3015123",
2024,"Whee Jip Kim 김휘집","Heroes (KBO)",22,196,0.076530612,0.25,0.306122448,0.229885057,0.298969072,0.379310344,0.678279416,0.149425287,3.1428571400000003,0.286885245,-0.10765968868508935,18.906249308739394,-7.585323726977615,0.3051745629063542,71.3670316339812,"Whee Jip Kim","sa3015123",
2024,"Whee Jip Kim 김휘집","Dinos (KBO)",22,366,0.101092896,0.19125683,0.528571428,0.27388535,0.357142857,0.426751592,0.783894449,0.152866242,3.320478380332642,0.313807531,-0.9020010624080896,51.28500957030596,1.8160517587119487,0.35586968113432876,103.67109362931903,"Whee Jip Kim","sa3015123",
2025,"Whee Jip Kim 김휘집","Dinos (KBO)",23,500,0.08,0.178,0.449438202,0.249417249,0.34939759,0.419580419,0.768978009,0.17016317,5.3188923126884005,0.276923076,0.5905212764628232,69.05217001402266,8.217471634982903,0.35691378633660004,113.50786944612219,"Whee Jip Kim","sa3015123",
2026,"Whee Jip Kim 김휘집","Dinos (KBO)",24,121,0.099173553,0.157024793,0.631578947,0.247524752,0.366666666,0.475247524,0.84191419,0.227722772,3.6020214548108447,0.25,-0.6174872387200594,19.32094337410003,3.989096764388382,0.38511217931906383,126.01837121082056,"Whee Jip Kim","sa3015123",
2023,"Ju Won Kim 김주원","Dinos (KBO)",20,474,0.092827004,0.223628691,0.415094339,0.23325062,0.32832618,0.339950372,0.668276552,0.106699752,5.71295601088321,0.288659793,1.351213024230674,50.43848173317658,-5.382754281189573,0.32150424629129387,90.35715676413136,"Ju Won Kim","sa3015141",
2024,"Ju Won Kim 김주원","Dinos (KBO)",21,475,0.107368421,0.23368421,0.459459459,0.251948051,0.371244635,0.379220779,0.750465414,0.127272728,5.584590358554511,0.325925925,-0.03738591610454023,64.97441423221778,0.7728979466791173,0.3519978282272175,101.20386244966804,"Ju Won Kim","sa3015141",
2025,"Ju Won Kim 김주원","Dinos (KBO)",22,624,0.100961538,0.177884615,0.567567567,0.28942486,0.379032258,0.450834879,0.829867137,0.161410019,7.982223945071151,0.339759036,3.3232288588769734,98.32054170517752,22.398838128135893,0.3813755038481729,129.50254943292555,"Ju Won Kim","sa3015141",
2026,"Ju Won Kim 김주원","Dinos (KBO)",23,383,0.075718015,0.133159268,0.56862745,0.299703264,0.374345549,0.462908011,0.83725356,0.163204747,5.390351417145428,0.318840579,2.003531977534294,59.86726637531607,11.337537023914736,0.3810126045816823,123.36204461768212,"Ju Won Kim","sa3015141",
2023,"Seoung Bin Son 손성빈","Giants (KBO)",21,80,0.025,0.125,0.2,0.263157894,0.282051282,0.342105263,0.624156545,0.078947369,2.64285714,0.292307692,-0.053840689826756716,6.690343158972105,-2.730962497461,0.29183355355874085,71.01290843274754,"Seoung Bin Son","sa3017864",
2024,"Seoung Bin Son 손성빈","Giants (KBO)",22,171,0.076023391,0.222222222,0.342105263,0.197368421,0.270588235,0.381578947,0.652167182,0.184210526,4.5583976775,0.218181818,-0.08202642947435379,14.475468541422353,-8.637077321371569,0.2914639939280117,62.63035075129759,"Seoung Bin Son","sa3017864",
2026,"Seoung Bin Son 손성빈","Giants (KBO)",24,221,0.067873303,0.180995475,0.375,0.244897959,0.306976744,0.346938775,0.653915519,0.102040816,1.4970238025,0.292207792,-0.18255797773599625,20.816795805344174,-7.185998415699412,0.30535301358200784,74.33828081949312,"Seoung Bin Son","sa3017864",
2023,"Hyeon Joon Kim 김현준","Lions (KBO)",20,479,0.06263048,0.175365344,0.357142857,0.274826789,0.326963906,0.346420323,0.673384229,0.071593534,5.263187210021171,0.332378223,-1.4987158996518701,50.29244250851139,-6.117625109381827,0.3196604751730674,89.15508282879398,"Hyeon Joon Kim","sa3017998",
2024,"Hyeon Joon Kim 김현준","Lions (KBO)",21,205,0.053658536,0.23902439,0.224489795,0.224043715,0.278606965,0.289617486,0.568224451,0.065573771,5.3722424616014575,0.299270072,0.28465033951215446,12.857107083393498,-14.850915734575825,0.2659968372008101,46.402109482367514,"Hyeon Joon Kim","sa3017998",
2023,"Han Byul Kim 김한별","Dinos (KBO)",22,105,0.038095238,0.219047619,0.173913043,0.216494845,0.262135922,0.237113402,0.499249324,0.020618557,4.387690680690263,0.283783783,-1.3347163298167288,4.898384126322132,-7.4670795477463185,0.2436722447571245,39.61342862212687,"Han Byul Kim","sa3018055",
2026,"Han Byul Kim 김한별","Dinos (KBO)",25,115,0.12173913,0.182608695,0.666666666,0.247311827,0.380530973,0.311827956,0.692358929,0.064516129,5.26001159709906,0.319444444,0.270102983340621,14.35783664479301,-0.2137531082387194,0.34269345228650927,98.53308313051946,"Han Byul Kim","sa3018055",
2023,"Jae Hyeon Lee 이재현","Lions (KBO)",20,538,0.096654275,0.165427509,0.584269662,0.248908296,0.329501915,0.377729257,0.707231172,0.128820961,3.6827554017426705,0.280991735,-0.672716201050207,62.47881551256538,-0.8794650269472535,0.3341656055486979,98.61191778018852,"Jae Hyeon Lee","sa3018058",
2024,"Jae Hyeon Lee 이재현","Lions (KBO)",21,458,0.126637554,0.181222707,0.69879518,0.259640102,0.36462882,0.419023136,0.783651956,0.159383034,3.4538948449589286,0.294915254,-0.4193940677214414,65.36194072914485,3.458162921193863,0.3588753170466267,105.58635198633984,"Jae Hyeon Lee","sa3018058",
2025,"Jae Hyeon Lee 이재현","Lions (KBO)",22,555,0.124324324,0.214414414,0.579831932,0.253829321,0.359633027,0.426695842,0.786328869,0.172866521,4.37332128914799,0.303030303,0.17306779930368066,78.71649231193541,11.189977111201284,0.36159879210240703,116.57123439279688,"Jae Hyeon Lee","sa3018058",
2026,"Jae Hyeon Lee 이재현","Lions (KBO)",23,135,0.133333333,0.125925925,1.058823529,0.243243243,0.353383458,0.486486486,0.839869944,0.243243243,2.0516409212499997,0.21590909,-0.12638629227876663,20.685696352539253,3.5799170772411335,0.37725625988236045,120.92811452566077,"Jae Hyeon Lee","sa3018058",
2023,"Do Yeong Kim 김도영","Tigers (KBO)",19,385,0.098701298,0.161038961,0.612903225,0.302941176,0.37075718,0.452941176,0.823698356,0.15,8.268534616093289,0.349090909,2.998036193428561,58.577490607068086,13.237457135483766,0.38107617269635824,129.19595801308793,"Do Yeong Kim","sa3018059",
2024,"Do Yeong Kim 김도영","Tigers (KBO)",20,625,0.1056,0.176,0.6,0.34742647,0.419871794,0.647058823,1.066930617,0.299632353,8.878746656310767,0.374689826,5.629841200541705,141.38317606663568,56.90749674355847,0.4558260718079788,167.36553905167878,"Do Yeong Kim","sa3018059",
2025,"Do Yeong Kim 김도영","Tigers (KBO)",21,122,0.081967213,0.18852459,0.434782608,0.309090909,0.360655737,0.581818181,0.942473918,0.272727272,4.820603363532934,0.329268292,0.4919353290461004,22.163282219245186,7.319615814759485,0.4116704434402718,149.31137372197693,"Do Yeong Kim","sa3018059",
2026,"Do Yeong Kim 김도영","Tigers (KBO)",22,386,0.126943005,0.165803108,0.765625,0.292682926,0.388601036,0.600609756,0.989210792,0.30792683,5.162691576940034,0.286307053,0.8594591747969389,75.17464081275057,26.264783033009284,0.4278345214974597,153.70038725381102,"Do Yeong Kim","sa3018059",
2023,"Chan Hyeok Park 박찬혁","Heroes (KBO)",20,167,0.059880239,0.245508982,0.243902439,0.201298701,0.263473053,0.266233766,0.529706819,0.064935065,1.39285714,0.267857142,-0.10768137965351343,9.548330699218528,-10.11864485858558,0.257379491529065,48.55007152042566,"Chan Hyeok Park","sa3018071",
2026,"Chan Hyeok Park 박찬혁","Heroes (KBO)",23,162,0.067901234,0.265432098,0.255813953,0.25,0.314465408,0.388888888,0.703354296,0.138888888,0.7083333274999999,0.319587628,-0.14042921364307404,17.740710070690398,-2.7862250596673444,0.32400905073813674,86.42649259632172,"Chan Hyeok Park","sa3018071",
2025,"Chan-ui Song 송찬의","Twins (KBO)",26,166,0.054216867,0.295180722,0.183673469,0.210884353,0.29090909,0.346938775,0.637847865,0.136054422,5.1669196994984645,0.291666666,-0.6012344011105597,15.17872819415295,-5.0183916676882525,0.29825505776838823,75.15293417072999,"Chan-ui Song","sa3018197",
2026,"Chan-ui Song 송찬의","Twins (KBO)",27,234,0.089743589,0.239316239,0.375,0.285714285,0.38034188,0.507389162,0.887731042,0.221674877,4.512820452496599,0.35971223,-0.014154547825455666,40.61432614937038,10.964308738853639,0.40202813958510375,136.9790971352504,"Chan-ui Song","sa3018197",
2024,"Jeong-bin Yoon 윤정빈","Lions (KBO)",25,188,0.117021276,0.25,0.468085106,0.285714285,0.377659574,0.453416149,0.831075723,0.167701864,3.5262257416515155,0.357798165,-1.3866514049004763,29.69115978907187,4.280875448690248,0.3765468052093019,116.84701907049167,"Jeong-bin Yoon","sa3018198",
2026,"In Seo Heo 허인서","Eagles (KBO)",22,250,0.084,0.296,0.283783783,0.288990825,0.364372469,0.5,0.864372469,0.211009175,2.1981891339285715,0.375939849,-0.6895462349057198,40.17560519532334,8.498236166993493,0.38636087909036754,126.82746840305239,"In Seo Heo","sa3018204",
2023,"Seong Bin Hwang 황성빈","Giants (KBO)",25,191,0.062827225,0.141361256,0.444444444,0.216374269,0.27173913,0.269005847,0.540744977,0.052631578,7.060254169370136,0.256944444,-0.42353013972751796,11.49014109245013,-11.003226162283909,0.26126356714445614,51.08235224333463,"Seong Bin Hwang","sa3018222",
2024,"Seong Bin Hwang 황성빈","Giants (KBO)",26,406,0.076354679,0.137931034,0.553571428,0.319672131,0.375,0.437158469,0.812158469,0.117486338,9.533517570237155,0.368078175,5.0999938019085675,61.70975209800021,6.834350809729254,0.36965327367186546,112.45430675545698,"Seong Bin Hwang","sa3018222",
2025,"Seong Bin Hwang 황성빈","Giants (KBO)",27,273,0.065934065,0.168498168,0.391304347,0.25609756,0.314814814,0.31707317,0.631887984,0.06097561,9.112451243667838,0.308457711,2.9735168870538473,24.919493723648447,-8.296251591307264,0.2980565486130891,75.02313582717713,"Seong Bin Hwang","sa3018222",
2026,"Seong Bin Hwang 황성빈","Giants (KBO)",28,276,0.065217391,0.163043478,0.4,0.282868525,0.330882352,0.354581673,0.685464025,0.071713148,9.13655181921564,0.341346153,3.8212637044489384,29.10326973398036,-5.868545673295795,0.31905917735660777,83.21921351536471,"Seong Bin Hwang","sa3018222",
2023,"Si Ang Kim 김시앙","Heroes (KBO)",21,82,0.036585365,0.219512195,0.166666666,0.22368421,0.280487804,0.236842105,0.517329909,0.013157895,1.39285714,0.293103448,-0.06580528756603599,4.608515979483437,-5.048322318360496,0.25611063910693654,47.72282435869691,"Si Ang Kim","sa3018223",
2023,"Dong Jin Kim 김동진","Lions (KBO)",26,137,0.06569343,0.189781021,0.346153846,0.262295081,0.313432835,0.319672131,0.633104966,0.05737705,4.576905259019822,0.326530612,0.4953097787220031,12.48787476207779,-3.6461111745639023,0.3016318474242936,77.4010514891843,"Dong Jin Kim","sa3018224",
2025,"Tae Yang Han 한태양","Giants (KBO)",21,267,0.119850187,0.258426966,0.463768115,0.273913043,0.367424242,0.378260869,0.745685111,0.104347826,5.14423597520714,0.383647798,-0.577339802403003,35.682396572525946,3.1966676381187122,0.3513046105702718,109.8402213617345,"Tae Yang Han","sa3018255",
2026,"Tae Yang Han 한태양","Giants (KBO)",22,131,0.091603053,0.20610687,0.444444444,0.264957264,0.338461538,0.324786324,0.663247862,0.05982906,8.261417721128828,0.344444444,1.6665922738611698,13.547067291851082,-3.051874078993759,0.31658187921230607,81.61404386695278,"Tae Yang Han","sa3018255",
2023,"Dong Hee Yoon 윤동희","Giants (KBO)",19,423,0.066193853,0.163120567,0.405797101,0.286821705,0.332541567,0.354005167,0.686546734,0.067183462,2.8230087789982035,0.339563862,-2.2698396628256887,45.98610727180525,-3.829046386584794,0.32450492039429035,92.31349076459209,"Dong Hee Yoon","sa3018265",
2024,"Dong Hee Yoon 윤동희","Giants (KBO)",20,613,0.109298531,0.185970636,0.587719298,0.293233082,0.376432078,0.453007518,0.829439596,0.159774436,4.439767865924985,0.347188264,-2.8789191506803036,96.06976636357331,13.216020083499181,0.3751407086849213,115.9510229493118,"Dong Hee Yoon","sa3018265",
2025,"Dong Hee Yoon 윤동희","Giants (KBO)",21,399,0.122807017,0.162907268,0.753846153,0.281818181,0.386363636,0.433333333,0.819696969,0.151515152,3.8832351505801395,0.320610687,-0.5414380170404911,61.595669782932106,13.049580476458377,0.3773659001752205,126.8808068021211,"Dong Hee Yoon","sa3018265",
2026,"Dong Hee Yoon 윤동희","Giants (KBO)",22,187,0.112299465,0.262032085,0.428571428,0.226993865,0.326203208,0.36196319,0.688166398,0.134969325,1.649524221567435,0.3,-0.6087994370609522,19.79272947055813,-3.9019425626325983,0.31954253396472415,83.53240527167085,"Dong Hee Yoon","sa3018265",
2023,"Ui San Jeon 전의산","Landers (KBO)",22,153,0.098039215,0.261437908,0.375,0.201492537,0.294117647,0.335820895,0.629938542,0.134328358,1.4191729303571428,0.252747252,-0.942654526559636,13.963700482176325,-4.054546585751989,0.3017798631019842,77.49755250626514,"Ui San Jeon","sa3019044",
2026,"Ui San Jeon 전의산","Landers (KBO)",25,118,0.084745762,0.288135593,0.294117647,0.264150943,0.322033898,0.443396226,0.765430124,0.179245283,2.0323427892639216,0.342857142,0.10521028377115726,14.863351357772567,-0.08836682359911975,0.34404525413351544,99.40898549232143,"Ui San Jeon","sa3019044",
2023,"Hyeong Woo Cho 조형우","Landers (KBO)",21,133,0.060150375,0.187969924,0.32,0.184873949,0.240310077,0.285714285,0.526024362,0.100840336,2.5803571400000003,0.215053763,-0.07178758643567562,6.836065659076875,-8.826854994743162,0.24985581266787626,43.64489746303876,"Hyeong Woo Cho","sa3019473",
2025,"Hyeong Woo Cho 조형우","Landers (KBO)",23,294,0.06462585,0.217687074,0.296875,0.237918215,0.293515358,0.312267657,0.605783015,0.074349442,1.02102169625,0.295566502,-0.296177270822227,23.789181813087126,-11.981620833788257,0.28502838806894454,66.50446747849293,"Hyeong Woo Cho","sa3019473",
2026,"Hyeong Woo Cho 조형우","Landers (KBO)",24,222,0.067567567,0.184684684,0.365853658,0.224489795,0.285714285,0.341836734,0.627551019,0.117346939,1.90422077125,0.259740259,-0.165004326030612,18.20115351560818,-9.928350181548725,0.2904855026627466,64.70485121800354,"Hyeong Woo Cho","sa3019473",
2023,"Jae-hwan Chun 천재환","Dinos (KBO)",29,179,0.044692737,0.245810055,0.181818181,0.239263803,0.288135593,0.331288343,0.619423936,0.09202454,3.3688600791319407,0.310924369,-0.9795835653785616,15.071723358078422,-6.008448048190649,0.2925763069573095,71.49715753068409,"Jae-hwan Chun","sa3019748",
2024,"Jae-hwan Chun 천재환","Dinos (KBO)",30,236,0.055084745,0.220338983,0.25,0.28372093,0.334763948,0.404651162,0.73941511,0.120930232,5.7994654065632645,0.352201257,0.48156703845597804,29.120676080193505,-2.777340432200448,0.33644470099215856,91.29306227827266,"Jae-hwan Chun","sa3019748",
2025,"Jae-hwan Chun 천재환","Dinos (KBO)",31,294,0.057823129,0.197278911,0.293103448,0.237547892,0.291666666,0.367816091,0.659482757,0.130268199,7.826689959013616,0.277227722,0.5869679269380867,27.737365566857285,-8.033437080018095,0.3019086842735608,77.54191551326616,"Jae-hwan Chun","sa3019748",
2026,"Jae-hwan Chun 천재환","Dinos (KBO)",32,142,0.056338028,0.211267605,0.266666666,0.269841269,0.323741007,0.412698412,0.736439419,0.142857143,5.571219089514499,0.326315789,-1.522631112486124,16.86888301398385,-1.1238625941075053,0.3353174684716643,93.75380156766013,"Jae-hwan Chun","sa3019748",
2025,"Dae-hyeon Cho 조대현","Wiz (KBO)",25,90,0.077777777,0.244444444,0.318181818,0.186666666,0.273809523,0.24,0.513809523,0.053333334,1.60119047125,0.264150943,-0.07604551548138261,4.962074294173992,-5.988171414053165,0.2526215272290366,45.314730156656466,"Dae-hyeon Cho","sa3019749",
2024,"Byung-heon Lee 이병헌","Lions (KBO)",24,166,0.102409638,0.289156626,0.354166666,0.248275862,0.335365853,0.296551724,0.631917577,0.048275862,0.47939559625,0.364583333,-0.1281662960536778,16.020272684502988,-6.416467743706319,0.30522937818271356,71.40196115279291,"Byung-heon Lee","sa3020656",
2023,"Young Woong Kim 김영웅","Lions (KBO)",19,103,0.077669902,0.27184466,0.285714285,0.186813186,0.25,0.318681318,0.568681318,0.131868132,4.127426154070663,0.241935483,0.14915046258829534,6.707384289843075,-5.422546742814547,0.267726788520813,55.29614531018081,"Young Woong Kim","sa3020665",
2024,"Young Woong Kim 김영웅","Lions (KBO)",20,509,0.088408644,0.304518664,0.29032258,0.252192982,0.320866141,0.484649122,0.805515263,0.23245614,5.149136543477443,0.314079422,0.5457107676193118,70.17261941689712,1.375626176183043,0.35324650005562097,101.99954403729514,"Young Woong Kim","sa3020665",
2025,"Young Woong Kim 김영웅","Lions (KBO)",21,499,0.096192384,0.286573146,0.335664335,0.248878923,0.32264529,0.45515695,0.77780224,0.206278027,4.405644524569848,0.313380281,-0.1094188466668129,65.93032420124406,5.217295218962381,0.3493977186660613,108.59337000050677,"Young Woong Kim","sa3020665",
2026,"Hyun In Ryu 류현인","Wiz (KBO)",25,129,0.085271317,0.186046511,0.458333333,0.273504273,0.341085271,0.35042735,0.691512621,0.076923077,3.2041253758137325,0.344086021,-0.37369213066995144,14.38516061921959,-1.9603617993986124,0.32644787823507027,88.00673512175003,"Hyun In Ryu","sa3020689",
2025,"Min Suk Kim 김민석","Bears (KBO)",21,247,0.048582995,0.251012145,0.193548387,0.228070175,0.269387755,0.298245614,0.567633369,0.070175439,5.142697053584972,0.303571428,-0.47727991361171007,15.494747816974307,-14.557593182271336,0.26217161241124887,51.55920404790844,"Min Suk Kim","sa3020694",
2026,"Min Suk Kim 김민석","Bears (KBO)",22,308,0.113636363,0.178571428,0.636363636,0.308550185,0.390879478,0.423791821,0.814671299,0.115241636,4.166343869707456,0.374407582,0.05243770219385624,47.66561156463438,8.639092921732006,0.3791211422180896,122.13646828399125,"Min Suk Kim","sa3020694",
2023,"Min Suk Kim 김민석","Giants (KBO)",19,454,0.068281938,0.246696035,0.276785714,0.255,0.314479638,0.3375,0.651979638,0.0825,5.050670053492198,0.34137931,1.6110360159073025,43.97161302043016,-9.494296579827711,0.3090575309026809,82.24233600286132,"Min Suk Kim","sa3020694",
2024,"Min Suk Kim 김민석","Giants (KBO)",20,83,0.024096385,0.240963855,0.1,0.210526315,0.268292682,0.276315789,0.544608471,0.065789474,7.8457750572543805,0.285714285,0.07538841618224978,4.614574648978249,-6.603795565126403,0.2577296786191987,41.13409132439245,"Min Suk Kim","sa3020694",
2023,"Brian O`grady 오그레디","Eagles (KBO)",31,86,0.058139534,0.465116279,0.125,0.125,0.174418604,0.1625,0.336918604,0.0375,3.225034205912863,0.243902439,0.16410620976239443,-1.074811917445588,-11.202715498111177,0.16663463656292404,-10.612382995997608,"Brian O`grady","sa3020697",
2023,"Hyun Bin Moon 문현빈","Eagles (KBO)",19,481,0.068607068,0.174636174,0.392857142,0.26635514,0.324152542,0.362149532,0.686302074,0.095794392,4.217529990277804,0.316860465,0.21609763568267226,51.49601651217762,-5.149583747126425,0.32235086078339437,90.90911964291418,"Hyun Bin Moon","sa3020698",
2024,"Hyun Bin Moon 문현빈","Eagles (KBO)",20,289,0.083044982,0.183391003,0.452830188,0.276923076,0.340277777,0.411538461,0.751816238,0.134615385,3.4556457703248116,0.328431372,-1.982044740114361,36.56632046489684,-2.495233654094056,0.3400839093670197,93.61204716409138,"Hyun Bin Moon","sa3020698",
2025,"Hyun Bin Moon 문현빈","Eagles (KBO)",21,592,0.064189189,0.138513513,0.463414634,0.320075757,0.36967632,0.452651515,0.822327835,0.132575758,4.694640360823034,0.352808988,0.13213872304186225,89.28978882295061,17.26150594216753,0.3729064118148934,123.96489996955465,"Hyun Bin Moon","sa3020698",
2026,"Hyun Bin Moon 문현빈","Eagles (KBO)",22,380,0.105263157,0.118421052,0.888888888,0.295180722,0.374670184,0.472891566,0.84756175,0.177710844,5.70026482020032,0.316725978,0.3805567603558302,60.647193641051665,12.49759271799029,0.385015543029302,125.955755558515,"Hyun Bin Moon","sa3020698",
2025,"Sung-won Choo 주성원","Heroes (KBO)",24,174,0.074712643,0.258620689,0.288888888,0.25,0.32183908,0.307692307,0.629531387,0.057692307,4.928917282732073,0.342342342,0.6038826298899949,16.27268178107076,-4.897793254835079,0.30087340494682047,76.86498178936345,"Sung-won Choo","sa3020897",
2024,"Gun Hee Kim 김건희","Heroes (KBO)",19,283,0.06360424,0.28975265,0.219512195,0.25670498,0.300353356,0.417624521,0.717977877,0.160919541,0.99812029625,0.333333333,-0.1563628811854869,30.607525084610415,-7.643062512878941,0.318751319347759,80.01844417840888,"Gun Hee Kim","sa3020912",
2025,"Gun Hee Kim 김건희","Heroes (KBO)",20,344,0.037790697,0.296511627,0.12745098,0.242236024,0.270029673,0.344720496,0.614750169,0.102484472,3.5299996535137392,0.342465753,-0.29473338183015585,26.668245443358707,-15.186027041420648,0.2807651793567646,63.71690119104765,"Gun Hee Kim","sa3020912",
2026,"Gun Hee Kim 김건희","Heroes (KBO)",21,280,0.089285714,0.264285714,0.337837837,0.254032258,0.321299638,0.379032258,0.700331896,0.125,0.5087107962499999,0.333333333,-0.2422403935343027,30.207293659890485,-5.271359651838948,0.32202691660411115,85.14216533101552,"Gun Hee Kim","sa3020912",
2023,"Dong Heon Kim 김동헌","Heroes (KBO)",18,242,0.070247933,0.227272727,0.309090909,0.241706161,0.317991631,0.308056872,0.626048503,0.066350711,2.91179653375,0.31210191,-0.2033981615677476,22.358181596333427,-6.141268014376717,0.3032427066040837,78.45127503069807,"Dong Heon Kim","sa3020913",
2025,"Dong Heon Kim 김동헌","Heroes (KBO)",20,91,0.076923076,0.252747252,0.304347826,0.268292682,0.329670329,0.304878048,0.634548377,0.036585366,1.241995065,0.366666666,-0.10806467989459634,8.622468752041629,-2.449446352943608,0.30242106023725573,77.87694062212668,"Dong Heon Kim","sa3020913",
2024,"Jae Sang Kim 김재상","Lions (KBO)",19,91,0.054945054,0.252747252,0.217391304,0.238095238,0.277777777,0.357142857,0.634920634,0.119047619,6.403538645770862,0.3,0.7512968194205314,7.294459085027716,-5.005199824412324,0.28624735209676955,59.30619002311672,"Jae Sang Kim","sa3020914",
2024,"Soo Jong Park 박수종","Heroes (KBO)",25,148,0.087837837,0.114864864,0.764705882,0.255813953,0.333333333,0.310077519,0.643410852,0.054263566,6.6843524430335055,0.294642857,0.49234032025560737,14.546801737402927,-5.457039126301753,0.307297858926985,72.72004329826927,"Soo Jong Park","sa3023318",
2025,"Dong Hyeok Kim 김동혁","Giants (KBO)",24,114,0.157894736,0.228070175,0.692307692,0.224719101,0.372727272,0.292134831,0.664862103,0.06741573,8.701582105837424,0.317460317,0.7336126733571291,13.368858448495564,-0.5014527819255027,0.3307262019677596,96.38470418150611,"Dong Hyeok Kim","sa3023320",
2025,"Do Hyun Yoon 윤도현","Tigers (KBO)",22,160,0.05,0.225,0.222222222,0.275167785,0.316455696,0.469798657,0.786254353,0.194630872,5.928863765695828,0.327102803,-0.17065911972895265,21.6763560774934,2.209252596200674,0.35361154320873794,111.34864566946847,"Do Hyun Yoon","sa3023322",
2024,"Beom Seok Kim 김범석","Twins (KBO)",20,180,0.077777777,0.272222222,0.285714285,0.24074074,0.305555555,0.376543209,0.682098764,0.135802469,0.58168692125,0.302752293,-0.1102230146061629,17.38589248281044,-6.943103162235795,0.3053229889842901,71.46161204706567,"Beom Seok Kim","sa3023328",
2026,"Seung Min Ryu 류승민","Bears (KBO)",21,82,0.109756097,0.195121951,0.5625,0.257142857,0.35,0.314285714,0.664285714,0.057142857,6.798725347061667,0.333333333,0.5122317504137754,8.790378278707342,-1.5997987625848484,0.321194464713335,84.60277667813554,"Seung Min Ryu","sa3023332",
2024,"Jae Sang Lee 이재상","Heroes (KBO)",19,89,0.02247191,0.370786516,0.06060606,0.19047619,0.227272727,0.238095238,0.465367965,0.047619048,1.72373949,0.3,-0.04613986657932401,1.9796566233739294,-10.049680112232265,0.21900350126353177,16.456905870082196,"Jae Sang Lee","sa3023384",
2024,"Young Woo Ko 고영우","Heroes (KBO)",23,290,0.096551724,0.244827586,0.394366197,0.255905511,0.328671328,0.318897637,0.647568965,0.062992126,2.42914745875,0.349462365,-0.20506607368588448,28.111237187396593,-11.085478018511226,0.3057258898144835,71.71834945791478,"Young Woo Ko","sa3023385",
2024,"Ji Hwan Park 박지환","Landers (KBO)",18,249,0.048192771,0.244979919,0.196721311,0.276315789,0.31707317,0.385964912,0.703038082,0.109649123,6.2813550158399565,0.355421686,0.003095312276855111,26.86295336510176,-6.792157277212199,0.3184373063769767,79.81834809756191,"Ji Hwan Park","sa3023390",
2024,"Young Mook Hwang 황영묵","Eagles (KBO)",24,389,0.079691516,0.143958868,0.553571428,0.300859598,0.365284974,0.372492836,0.73777781,0.071633238,4.504457805634869,0.350515463,-2.8722811373881996,50.660038881172426,-1.917623929510819,0.3443849687440408,96.35277829595502,"Young Mook Hwang","sa3023498",
2025,"Young Mook Hwang 황영묵","Eagles (KBO)",25,286,0.069930069,0.129370629,0.54054054,0.273076923,0.328621908,0.357692307,0.686314215,0.084615384,3.6751271183768424,0.313901345,-1.387903111986816,31.138739655544324,-3.6587078172664196,0.3201751013947881,89.48570058155795,"Young Mook Hwang","sa3023498",
2026,"Young Mook Hwang 황영묵","Eagles (KBO)",26,102,0.12745098,0.176470588,0.722222222,0.238095238,0.353535353,0.321428571,0.674963924,0.083333333,5.394036252036453,0.303030303,-0.1526277456432581,11.452054822110874,-1.4723117414477038,0.32737620852210303,88.6082483485185,"Young Mook Hwang","sa3023498",
2025,"Ji Hoo Song 송지후","Heroes (KBO)",20,86,0.03488372,0.209302325,0.166666666,0.175,0.220930232,0.25,0.470930232,0.075,1.9280360646879091,0.209677419,-0.4906112146563828,2.625613246201562,-7.837954874993278,0.22169495876445328,25.09290536259004,"Ji Hoo Song","sa3023539",
2025,"Won Yeong Choi 최원영","Twins (KBO)",21,115,0.034782608,0.173913043,0.2,0.281553398,0.330357142,0.330097087,0.660454229,0.048543689,6.051665314025534,0.345238095,-0.25037775933742523,11.722717604863517,-2.26926302231563,0.3114515798432486,83.78168836292105,"Won Yeong Choi","sa3023554",
2024,"Jun Jae Jeong 정준재","Landers (KBO)",21,240,0.079166666,0.204166666,0.387755102,0.306976744,0.371308016,0.404651162,0.775959178,0.097674418,8.332558512815025,0.393939393,0.6179552986286581,34.06044225968234,1.6217813996206965,0.35795441483646506,104.99953252268016,"Jun Jae Jeong","sa3023563",
2025,"Jun Jae Jeong 정준재","Landers (KBO)",22,442,0.115384615,0.210407239,0.548387096,0.245283018,0.340375586,0.288409703,0.628785289,0.043126685,7.445942415494968,0.326164874,3.42708164639771,43.193795366294964,-10.584078000776188,0.30615570679516857,80.318898204597,"Jun Jae Jeong","sa3023563",
2026,"Jun Jae Jeong 정준재","Landers (KBO)",23,351,0.091168091,0.133903133,0.680851063,0.282828282,0.356932153,0.363636363,0.720568516,0.080808081,7.346819424438918,0.326771653,0.6281070690602064,42.526399482607694,-1.9486266331674156,0.33819546565896996,95.61860485906216,"Jun Jae Jeong","sa3023563",
2026,"Jun Ho Yun 윤준호","Bears (KBO)",25,133,0.075187969,0.225563909,0.333333333,0.276785714,0.338582677,0.401785714,0.740368391,0.125,1.6560150337500001,0.341463414,-0.12287556193768978,16.241000788941093,-0.6113595341303887,0.33935860292179376,96.37226167486217,"Jun Ho Yun","sa3023644",
2025,"Hyun Min Ahn 안현민","Wiz (KBO)",21,482,0.155601659,0.149377593,1.041666666,0.334177215,0.44813278,0.569620253,1.017753033,0.235443038,5.061473453359637,0.361842105,0.3050270779058337,104.07527517422412,45.430625936829784,0.4547316763136122,177.46764031774833,"Hyun Min Ahn","sa3023680",
2026,"Hyun Min Ahn 안현민","Wiz (KBO)",22,162,0.185185185,0.197530864,0.9375,0.302521008,0.475308641,0.478991596,0.954300237,0.176470588,5.190275973087325,0.376470588,0.17531326413154602,33.649007023512034,13.122071893154292,0.4436161388521609,163.9261137126495,"Hyun Min Ahn","sa3023680",
2024,"Sung Jun Won 원성준","Heroes (KBO)",24,125,0.08,0.288,0.277777777,0.25,0.306451612,0.348214285,0.654665897,0.098214285,3.813435594543462,0.342105263,0.32053690240718424,11.552415519268763,-5.342720345346678,0.3004825379579298,68.37716850483412,"Sung Jun Won","sa3024193",
2025,"Ho Jun Lee 이호준","Giants (KBO)",21,153,0.091503267,0.215686274,0.424242424,0.242424242,0.326666666,0.424242424,0.75090909,0.181818182,6.146036792420984,0.298969072,0.05991615867242217,19.380191466776544,0.7647737627903771,0.3425383774439494,104.10828150596167,"Ho Jun Lee","sa3025090",
2025,"Do Geun Yang 양도근","Lions (KBO)",22,198,0.09090909,0.207070707,0.43902439,0.259036144,0.336898395,0.289156626,0.626055021,0.030120482,4.504673243055546,0.341269841,0.3372857915237546,18.864665438023625,-5.225875120076123,0.3030793233351274,78.30735633568392,"Do Geun Yang","sa3025621",
2025,"Ju Heon Lee 이주헌","Twins (KBO)",22,156,0.115384615,0.192307692,0.6,0.21875,0.35064935,0.3359375,0.68658685,0.1171875,2.1964285649999997,0.255319148,-0.18811259092763066,18.533129476483488,-0.44729641777691825,0.33265117855815146,97.64338050015948,"Ju Heon Lee","sa3025677",
2025,"Jong Sung Im 임종성","Bears (KBO)",20,89,0.033707865,0.292134831,0.115384615,0.277108433,0.306818181,0.397590361,0.704408542,0.120481928,3.0202415902083364,0.375,0.1159496963955462,9.722766904420928,-1.1058094070481495,0.3206374956802888,89.788044381449,"Jong Sung Im","sa3025682",
2026,"Jeong Bin Moon 문정빈","Twins (KBO)",22,105,0.104761904,0.266666666,0.392857142,0.311827956,0.38095238,0.677419354,1.058371734,0.365591398,3.38504464,0.362068965,-0.08425752818584442,22.783545889357534,9.479050897458999,0.45491461356480917,171.24698008628695,"Jeong Bin Moon","sa3066841",
2026,"Hyuk Bin Gwon 권혁빈","Heroes (KBO)",20,154,0.045454545,0.246753246,0.184210526,0.184397163,0.236842105,0.205673758,0.442515863,0.021276595,1.60119047125,0.25,-0.11585410125553608,3.258850638252641,-16.254408683198545,0.21639950298949293,16.700698661192614,"Hyuk Bin Gwon","sa3066877",
2026,"Dong Uk Yeo 여동욱","Heroes (KBO)",20,95,0.136842105,0.315789473,0.433333333,0.226666666,0.372340425,0.373333333,0.745673758,0.146666667,1.13822750875,0.325581395,-0.10532191023230553,12.925089064317294,0.8876888335519509,0.3563385117561259,107.3744231855246,"Dong Uk Yeo","sa3066878",
2025,"Tae Hyun Jeon 전태현","Heroes (KBO)",19,207,0.096618357,0.285024154,0.33898305,0.23076923,0.303921568,0.258241758,0.562163326,0.027472528,4.261619519009966,0.336,0.5718634654767811,14.760977755277175,-10.424587373645286,0.27295314681296257,58.60888044289324,"Tae Hyun Jeon","sa3066879",
2026,"Jae Hyun Park 박재현","Tigers (KBO)",19,339,0.061946902,0.18879056,0.328125,0.279742765,0.325301204,0.421221864,0.746523068,0.141479099,6.753670736314254,0.327731092,1.5491382535547018,41.65020420978011,-1.304308192635169,0.34027109573404474,96.96351298225463,"Jae Hyun Park","sa3066881",
2025,"Joon Seo Eo 어준서","Heroes (KBO)",18,360,0.083333333,0.208333333,0.4,0.23765432,0.305322128,0.327160493,0.632482621,0.089506173,3.7907050339940915,0.290983606,-0.16822038777172565,32.47210514897123,-11.3288776839374,0.2966991247755758,74.13556283165005,"Joon Seo Eo","sa3066885",
2025,"Dong Jun Kim 김동준","Bears (KBO)",22,100,0.05,0.3,0.166666666,0.236559139,0.282828282,0.333333333,0.616161615,0.096774194,2.320247283598859,0.327868852,-0.3226303760893643,8.221796831303523,-3.9451428445044288,0.28666546489253186,67.5748959917281,"Dong Jun Kim","sa3067160",
2025,"Jun Soon Park 박준순","Bears (KBO)",18,298,0.033557046,0.187919463,0.178571428,0.283687943,0.307432432,0.379432624,0.686865056,0.095744681,5.965280854271913,0.337777777,0.846674591768533,30.535175935586576,-5.722304298321122,0.3121182324522633,84.21758969072079,"Jun Soon Park","sa3067161",
2026,"Jun Soon Park 박준순","Bears (KBO)",19,253,0.059288537,0.18972332,0.3125,0.343347639,0.391304347,0.592274678,0.983579025,0.248927039,4.149540288765005,0.387283236,-0.9544057250022888,50.87740709172478,18.819909635054966,0.4355609400470266,158.70673361354145,"Jun Soon Park","sa3067161",
2025,"Chan Hyung  박찬형","Giants (KBO)",,148,0.074324324,0.175675675,0.423076923,0.341085271,0.418918918,0.503875968,0.922794886,0.162790697,4.902337084902803,0.405940594,-0.4226902648806572,27.768900936605554,9.761830216409784,0.4191639098991342,154.21109500870364,"Chan Hyung ","sa3068748",
2026,"Gang Min Lee 이강민","Wiz (KBO)",19,162,0.049382716,0.253086419,0.195121951,0.186666666,0.23125,0.193333333,0.424583333,0.006666667,1.77480158375,0.254545454,-0.12638629227876663,2.263547749807779,-18.263387380549965,0.20764346346259116,11.027207595449394,"Gang Min Lee","sa3075927",
2026,"Jae Won Oh 오재원","Eagles (KBO)",19,136,0.102941176,0.147058823,0.7,0.235294117,0.315789473,0.285714285,0.601503758,0.050420168,7.19317596874743,0.282828282,0.619286423549056,11.209148978729647,-6.0233397726817905,0.291012940550209,65.04660551605788,"Jae Won Oh","sa3075934",
2026,"Jae In Shin 신재인","Dinos (KBO)",19,95,0.147368421,0.178947368,0.823529411,0.185185185,0.305263157,0.345679012,0.650942169,0.160493827,1.6537493056348698,0.196721311,-0.9788692109286785,9.130785749530636,-2.9066144812347066,0.3076914423390439,75.85346980649574,"Jae In Shin","sa3075970",
2026,"Sang Jun Park 박상준","Tigers (KBO)",24,91,0.142857142,0.285714285,0.5,0.311688311,0.417582417,0.428571428,0.846153845,0.116883117,0.9464285649999999,0.448979591,-0.11585410125553608,15.459833961111196,3.9292716347991306,0.39754928664846734,134.07701657214724,"Sang Jun Park","sa3076112",
2023,"Jae-Hoon Ha 하재훈","Landers (KBO)",32,229,0.082969432,0.231441048,0.358490566,0.303482587,0.374449339,0.467661691,0.84211103,0.164179104,6.7182557006152495,0.377622377,2.0025841700844467,36.31406790852457,9.345580466984805,0.38944740395630356,134.6537064314172,"Jae-Hoon Ha","sa502535",
2024,"Jae-Hoon Ha 하재훈","Landers (KBO)",33,317,0.056782334,0.283911671,0.2,0.248275862,0.292063492,0.417241379,0.709304871,0.168965517,5.610502577841191,0.317948717,1.8815670593176037,32.922298162984966,-9.92376638967979,0.31376108915086776,76.83855800225976,"Jae-Hoon Ha","sa502535",
2023,"Hak-Ju Lee 이학주","Giants (KBO)",32,122,0.090163934,0.25409836,0.354838709,0.209090909,0.286885245,0.309090909,0.595976154,0.1,5.571434499729643,0.263157894,0.29128338070586324,9.812337730584932,-4.5551533954755525,0.28766539448597395,68.29541528504456,"Hak-Ju Lee","sa502536",
2024,"Hak-Ju Lee 이학주","Giants (KBO)",33,105,0.057142857,0.419047619,0.136363636,0.263157894,0.320388349,0.389473684,0.709862033,0.12631579,4.9599753642857145,0.469387755,-0.5476815260481089,11.787095723657695,-2.404818402619276,0.3235166356401536,83.05501018945256,"Hak-Ju Lee","sa502536",
2026,"Aderlin Rodríguez 아데를린","Tigers (KBO)",34,130,0.053846153,0.192307692,0.28,0.264462809,0.307692307,0.553719008,0.861411315,0.289256199,1.0264778275,0.252873563,-0.08776825852692127,19.75507557225368,3.2828436775221594,0.37571516908132113,119.92956205632427,"Aderlin Rodriguez","sa511026",
2024,"Mel Rojas Jr. 로하스","Wiz (KBO)",34,670,0.131343283,0.171641791,0.765217391,0.328671328,0.420895522,0.568181818,0.98907734,0.23951049,2.727856075951607,0.363636363,-0.5937002303544432,137.95530206655727,47.3973738322185,0.4322452097004012,152.339286859089,"Mel Rojas Jr.","sa548194",
2025,"Mel Rojas Jr. 로하스","Wiz (KBO)",35,384,0.125,0.184895833,0.676056338,0.238670694,0.333333333,0.425981873,0.759315206,0.187311179,2.0323570850079196,0.26,-0.594793273601681,49.23268219017801,2.5116338350754743,0.3444768891246926,105.37580795701724,"Mel Rojas Jr.","sa548194",
2023,"Dong-Yub Kim 김동엽","Lions (KBO)",32,182,0.071428571,0.159340659,0.448275862,0.254545454,0.313186813,0.387878787,0.7010656,0.133333333,2.3363214024115364,0.278195488,-0.35358386975713074,20.266334207321876,-1.1671361610634379,0.3279424044457111,94.5546094915876,"Dong-Yub Kim","sa598813",
2024,"Ho-young Son 손호영","Giants (KBO)",29,428,0.039719626,0.151869158,0.261538461,0.318181818,0.355971896,0.54040404,0.896375936,0.222222222,5.547721042102073,0.339622641,-0.7753461278043687,72.38134808203093,14.532402881587657,0.38953171351376703,125.12129275863842,"Ho-young Son","sa830429",
2025,"Ho-young Son 손호영","Giants (KBO)",30,375,0.058666666,0.176,0.333333333,0.25,0.313186813,0.323170731,0.636357544,0.073170731,4.470877606130626,0.297709923,1.0077652567997575,34.93160208245089,-10.694421701828938,0.300408043049194,76.56069756945676,"Ho-young Son","sa830429",
2026,"Ho-young Son 손호영","Giants (KBO)",31,168,0.06547619,0.19047619,0.34375,0.217105263,0.279761904,0.355263157,0.635025061,0.138157894,3.3841953500474333,0.245762711,-0.6209979690611362,13.988159615914316,-7.299032371123343,0.29203928049121586,65.7116242688659,"Ho-young Son","sa830429",
2024,"Yonathan Perlaza 페라자","Eagles (KBO)",25,522,0.120689655,0.247126436,0.488372093,0.274725274,0.363984674,0.485714285,0.849698959,0.210989011,3.0203684035791656,0.332236842,-1.3435342612210661,82.07754648036098,11.523459109726895,0.3757398380993413,116.33280159828583,"Yonathan Perlaza","sa917302",
2026,"Yonathan Perlaza 페라자","Eagles (KBO)",27,378,0.14021164,0.198412698,0.706666666,0.303797468,0.404255319,0.54113924,0.945394559,0.237341772,4.930630145280059,0.346491228,-0.13160856813192368,71.06970659502407,23.173524624189344,0.4196277916110972,148.38282232663204,"Yonathan Perlaza","sa917302",
2023,"Kwang-Min Kwon 권광민","Eagles (KBO)",25,81,0.074074074,0.296296296,0.25,0.150684931,0.225,0.273972602,0.498972602,0.123287671,8.234021387295542,0.191489361,0.35812391387298703,3.538109857428294,-6.000962119710225,0.23980284109711647,37.090713498208004,"Kwang-Min Kwon","sa943356",